timestamp,equity
2025-01-02T15:00:00+00:00,10000.0000000000
2025-01-02T16:00:00+00:00,9982.8932811100
2025-01-02T17:00:00+00:00,9983.2761192100
2025-01-02T18:00:00+00:00,9968.0351307975
2025-01-02T19:00:00+00:00,9967.4731524655
2025-01-02T20:00:00+00:00,9960.1075765040
2025-01-02T21:00:00+00:00,9959.4163661080
2025-01-03T14:00:00+00:00,9959.4163661080
2025-01-03T15:00:00+00:00,9959.4163661080
2025-01-03T16:00:00+00:00,9957.0701152570
2025-01-03T17:00:00+00:00,9956.3452260010
2025-01-03T18:00:00+00:00,9958.8116785420
2025-01-03T19:00:00+00:00,9970.6016785420
2025-01-03T20:00:00+00:00,9978.6716785420
2025-01-03T21:00:00+00:00,9987.5516785420
2025-01-06T14:00:00+00:00,10008.7116785420
2025-01-06T15:00:00+00:00,10002.6716785420
2025-01-06T16:00:00+00:00,10002.3800063515
2025-01-06T17:00:00+00:00,10002.3800063515
2025-01-06T18:00:00+00:00,10002.3800063515
2025-01-06T19:00:00+00:00,9989.4390394410
2025-01-06T20:00:00+00:00,9989.5752517600
2025-01-06T21:00:00+00:00,9989.5752517600
2025-01-07T14:00:00+00:00,9989.5752517600
2025-01-07T15:00:00+00:00,9989.5752517600
2025-01-07T16:00:00+00:00,9973.4875791240
2025-01-07T17:00:00+00:00,9973.2991729945
2025-01-07T18:00:00+00:00,9973.2991729945
2025-01-07T19:00:00+00:00,9972.5453015085
2025-01-07T20:00:00+00:00,9971.5919649565
2025-01-07T21:00:00+00:00,9971.5919649565
2025-01-08T15:00:00+00:00,9971.5919649565
2025-01-08T16:00:00+00:00,9968.7750572175
2025-01-08T17:00:00+00:00,9966.0909587290
2025-01-08T18:00:00+00:00,9961.3764271880
2025-01-08T19:00:00+00:00,9960.8645425150
2025-01-08T20:00:00+00:00,9961.1185888555
2025-01-08T21:00:00+00:00,9957.0985888555
2025-01-10T14:00:00+00:00,9943.7985888555
2025-01-10T15:00:00+00:00,9945.7785888555
2025-01-10T16:00:00+00:00,9941.6736636025
2025-01-10T17:00:00+00:00,9936.1228763735
2025-01-10T18:00:00+00:00,9934.8257133070
2025-01-10T19:00:00+00:00,9940.5628019010
2025-01-10T20:00:00+00:00,9938.0928019010
2025-01-10T21:00:00+00:00,9937.7976175030
2025-01-13T14:00:00+00:00,9937.7976175030
2025-01-13T15:00:00+00:00,9937.7976175030
2025-01-13T16:00:00+00:00,9946.1326267570
2025-01-13T17:00:00+00:00,9939.9526267570
2025-01-13T18:00:00+00:00,9938.1469455670
2025-01-13T19:00:00+00:00,9934.5819279855
2025-01-13T20:00:00+00:00,9934.4686274305
2025-01-13T21:00:00+00:00,9934.4686274305
2025-01-14T14:00:00+00:00,9934.4686274305
2025-01-14T15:00:00+00:00,9934.4686274305
2025-01-14T16:00:00+00:00,9934.4686274305
2025-01-14T17:00:00+00:00,9934.4686274305
2025-01-14T18:00:00+00:00,9934.4686274305
2025-01-14T19:00:00+00:00,9939.5999707125
2025-01-14T20:00:00+00:00,9926.5199707125
2025-01-14T21:00:00+00:00,9927.5149831315
2025-01-15T14:00:00+00:00,9927.5149831315
2025-01-15T15:00:00+00:00,9927.5149831315
2025-01-15T16:00:00+00:00,9923.5866116040
2025-01-15T17:00:00+00:00,9923.8699129990
2025-01-15T18:00:00+00:00,9923.2392492805
2025-01-15T19:00:00+00:00,9922.6388069875
2025-01-15T20:00:00+00:00,9934.3355570535
2025-01-15T21:00:00+00:00,9939.8355570535
2025-01-16T15:00:00+00:00,9915.7955570535
2025-01-16T16:00:00+00:00,9915.0563386585
2025-01-16T17:00:00+00:00,9915.0563386585
2025-01-16T18:00:00+00:00,9915.0563386585
2025-01-16T19:00:00+00:00,9907.0994972585
2025-01-16T20:00:00+00:00,9905.9076342505
2025-01-16T21:00:00+00:00,9906.4516569225
2025-01-17T15:00:00+00:00,9928.8516569225
2025-01-17T16:00:00+00:00,9938.8516569225
2025-01-17T17:00:00+00:00,9945.4716569225
2025-01-17T18:00:00+00:00,9946.9016569225
2025-01-17T19:00:00+00:00,9956.9516569225
2025-01-17T20:00:00+00:00,9954.1516569225
2025-01-17T21:00:00+00:00,9952.6471086385
2025-01-21T15:00:00+00:00,9952.6471086385
2025-01-21T16:00:00+00:00,9952.6471086385
2025-01-21T17:00:00+00:00,9952.9810233015
2025-01-21T18:00:00+00:00,9961.0110233015
2025-01-21T19:00:00+00:00,9966.0610233015
2025-01-21T20:00:00+00:00,9959.5110233015
2025-01-21T21:00:00+00:00,9958.8107249965
2025-01-22T15:00:00+00:00,9958.8107249965
2025-01-22T16:00:00+00:00,9960.2281351175
2025-01-22T17:00:00+00:00,9963.9681351175
2025-01-22T18:00:00+00:00,9967.5081351175
2025-01-22T19:00:00+00:00,9957.6881351175
2025-01-22T20:00:00+00:00,9956.0866609105
2025-01-22T21:00:00+00:00,9946.0030629475
2025-01-22T22:00:00+00:00,9945.9250444525
2025-01-23T15:00:00+00:00,9945.9250444525
2025-01-23T16:00:00+00:00,9945.9250444525
2025-01-23T17:00:00+00:00,9942.6891751335
2025-01-23T18:00:00+00:00,9941.4554762785
2025-01-23T19:00:00+00:00,9943.0618271445
2025-01-23T20:00:00+00:00,9939.9918271445
2025-01-23T21:00:00+00:00,9938.6393581870
2025-01-24T15:00:00+00:00,9938.6393581870
2025-01-24T16:00:00+00:00,9930.1989524900
2025-01-24T17:00:00+00:00,9929.8832857990
2025-01-24T18:00:00+00:00,9924.4773564750
2025-01-24T19:00:00+00:00,9923.7645875425
2025-01-24T20:00:00+00:00,9923.7645875425
2025-01-24T21:00:00+00:00,9923.7645875425
2025-01-27T14:00:00+00:00,9923.7645875425
2025-01-27T15:00:00+00:00,9923.7645875425
2025-01-27T16:00:00+00:00,9921.9000711695
2025-01-27T17:00:00+00:00,9922.4358515245
2025-01-27T18:00:00+00:00,9922.4358515245
2025-01-27T19:00:00+00:00,9922.4358515245
2025-01-27T20:00:00+00:00,9922.4358515245
2025-01-27T21:00:00+00:00,9922.4358515245
2025-01-27T22:00:00+00:00,9921.9566515945
2025-01-28T15:00:00+00:00,9906.8366515945
2025-01-28T16:00:00+00:00,9906.4265667715
2025-01-28T17:00:00+00:00,9906.4265667715
2025-01-28T18:00:00+00:00,9914.4680657330
2025-01-28T19:00:00+00:00,9912.1880657330
2025-01-28T20:00:00+00:00,9912.3355331140
2025-01-28T21:00:00+00:00,9911.4374132740
2025-01-29T15:00:00+00:00,9901.5374132740
2025-01-29T16:00:00+00:00,9902.2248686560
2025-01-29T17:00:00+00:00,9902.2248686560
2025-01-29T18:00:00+00:00,9902.2248686560
2025-01-29T19:00:00+00:00,9902.2248686560
2025-01-29T20:00:00+00:00,9903.5581497660
2025-01-29T21:00:00+00:00,9900.2981497660
2025-01-29T22:00:00+00:00,9871.7092671760
2025-01-30T15:00:00+00:00,9871.7092671760
2025-01-30T16:00:00+00:00,9871.7092671760
2025-01-30T17:00:00+00:00,9890.5397760550
2025-01-30T18:00:00+00:00,9903.0597760550
2025-01-30T19:00:00+00:00,9894.0697760550
2025-01-30T20:00:00+00:00,9893.5366963150
2025-01-30T21:00:00+00:00,9880.7390656825
2025-01-31T15:00:00+00:00,9909.9990656825
2025-01-31T16:00:00+00:00,9911.3190656825
2025-01-31T17:00:00+00:00,9917.6390656825
2025-01-31T18:00:00+00:00,9918.7590656825
2025-01-31T19:00:00+00:00,9903.5790656825
2025-01-31T20:00:00+00:00,9902.9053068325
2025-01-31T21:00:00+00:00,9902.9053068325
2025-02-03T15:00:00+00:00,9902.9053068325
2025-02-03T16:00:00+00:00,9902.9053068325
2025-02-03T17:00:00+00:00,9891.8694940180
2025-02-03T18:00:00+00:00,9890.5506162610
2025-02-03T19:00:00+00:00,9890.5506162610
2025-02-03T20:00:00+00:00,9896.2130781360
2025-02-03T21:00:00+00:00,9895.1330781360
2025-02-04T15:00:00+00:00,9904.0130781360
2025-02-04T16:00:00+00:00,9893.3730781360
2025-02-04T17:00:00+00:00,9893.7131684650
2025-02-04T18:00:00+00:00,9890.9693178140
2025-02-04T19:00:00+00:00,9890.7267803620
2025-02-04T20:00:00+00:00,9892.5741838155
2025-02-04T21:00:00+00:00,9903.7141838155
2025-02-05T14:00:00+00:00,9894.7541838155
2025-02-05T15:00:00+00:00,9889.1441838155
2025-02-05T16:00:00+00:00,9888.9521743195
2025-02-05T17:00:00+00:00,9888.9521743195
2025-02-05T18:00:00+00:00,9884.6815759395
2025-02-05T19:00:00+00:00,9884.2233401290
2025-02-05T20:00:00+00:00,9884.2233401290
2025-02-05T21:00:00+00:00,9881.5483582170
2025-02-05T22:00:00+00:00,9881.3946040330
2025-02-06T15:00:00+00:00,9881.3946040330
2025-02-06T16:00:00+00:00,9881.3946040330
2025-02-06T17:00:00+00:00,9881.3946040330
2025-02-06T18:00:00+00:00,9882.2327572155
2025-02-06T19:00:00+00:00,9888.9027572155
2025-02-06T20:00:00+00:00,9882.3627572155
2025-02-06T21:00:00+00:00,9882.5097841330
2025-02-07T14:00:00+00:00,9882.5097841330
2025-02-07T15:00:00+00:00,9882.5097841330
2025-02-07T16:00:00+00:00,9870.6781024960
2025-02-07T17:00:00+00:00,9870.4931675770
2025-02-07T18:00:00+00:00,9870.4931675770
2025-02-07T19:00:00+00:00,9865.7501506620
2025-02-07T20:00:00+00:00,9864.7701113350
2025-02-07T21:00:00+00:00,9864.7701113350
2025-02-10T14:00:00+00:00,9864.7701113350
2025-02-10T15:00:00+00:00,9864.7701113350
2025-02-10T16:00:00+00:00,9864.7701113350
2025-02-10T17:00:00+00:00,9869.0087113880
2025-02-10T18:00:00+00:00,9866.8287113880
2025-02-10T19:00:00+00:00,9866.8056434800
2025-02-10T20:00:00+00:00,9866.8056434800
2025-02-10T21:00:00+00:00,9866.8056434800
2025-02-11T14:00:00+00:00,9866.8056434800
2025-02-11T15:00:00+00:00,9866.8056434800
2025-02-11T16:00:00+00:00,9866.8056434800
2025-02-11T17:00:00+00:00,9866.8056434800
2025-02-11T18:00:00+00:00,9866.8056434800
2025-02-11T19:00:00+00:00,9866.8056434800
2025-02-11T20:00:00+00:00,9866.8056434800
2025-02-11T21:00:00+00:00,9866.8056434800
2025-02-11T22:00:00+00:00,9866.8056434800
2025-02-12T14:00:00+00:00,9866.8056434800
2025-02-12T15:00:00+00:00,9874.8303185390
2025-02-12T16:00:00+00:00,9887.4303185390
2025-02-12T17:00:00+00:00,9885.4303185390
2025-02-12T18:00:00+00:00,9885.0836124340
2025-02-12T19:00:00+00:00,9882.6604720085
2025-02-12T20:00:00+00:00,9882.5784083500
2025-02-12T21:00:00+00:00,9863.0831977520
2025-02-13T14:00:00+00:00,9883.3831977520
2025-02-13T15:00:00+00:00,9885.7731977520
2025-02-13T16:00:00+00:00,9903.9831977520
2025-02-13T17:00:00+00:00,9888.8431977520
2025-02-13T18:00:00+00:00,9888.2441566750
2025-02-13T19:00:00+00:00,9889.4835216250
2025-02-13T20:00:00+00:00,9891.7635216250
2025-02-13T21:00:00+00:00,9898.7835216250
2025-02-14T14:00:00+00:00,9912.4035216250
2025-02-14T15:00:00+00:00,9892.9735216250
2025-02-14T16:00:00+00:00,9893.3793689740
2025-02-14T17:00:00+00:00,9893.3793689740
2025-02-14T18:00:00+00:00,9892.3375938290
2025-02-14T19:00:00+00:00,9892.1561169550
2025-02-14T20:00:00+00:00,9894.7225236585
2025-02-14T21:00:00+00:00,9897.6425236585
2025-02-18T14:00:00+00:00,9898.2225236585
2025-02-18T15:00:00+00:00,9901.1225236585
2025-02-18T16:00:00+00:00,9898.5825236585
2025-02-18T17:00:00+00:00,9897.9550112875
2025-02-18T18:00:00+00:00,9897.9550112875
2025-02-18T19:00:00+00:00,9897.9550112875
2025-02-18T20:00:00+00:00,9897.9550112875
2025-02-18T21:00:00+00:00,9898.0703799045
2025-02-19T15:00:00+00:00,9917.1503799045
2025-02-19T16:00:00+00:00,9911.2003799045
2025-02-19T17:00:00+00:00,9912.0768320365
2025-02-19T18:00:00+00:00,9912.0768320365
2025-02-19T19:00:00+00:00,9908.2719157965
2025-02-19T20:00:00+00:00,9907.9290398725
2025-02-19T21:00:00+00:00,9903.3538596105
2025-02-20T14:00:00+00:00,9906.1138596105
2025-02-20T15:00:00+00:00,9883.2738596105
2025-02-20T16:00:00+00:00,9883.2130666795
2025-02-20T17:00:00+00:00,9883.2130666795
2025-02-20T18:00:00+00:00,9881.9894793835
2025-02-20T19:00:00+00:00,9881.5064786365
2025-02-20T20:00:00+00:00,9883.5728973410
2025-02-20T21:00:00+00:00,9884.0528973410
2025-02-21T15:00:00+00:00,9879.3428973410
2025-02-21T16:00:00+00:00,9877.4113364740
2025-02-21T17:00:00+00:00,9877.4113364740
2025-02-21T18:00:00+00:00,9877.4113364740
2025-02-21T19:00:00+00:00,9877.4113364740
2025-02-21T20:00:00+00:00,9877.4113364740
2025-02-21T21:00:00+00:00,9877.4113364740
2025-02-24T14:00:00+00:00,9877.4113364740
2025-02-24T15:00:00+00:00,9844.7370499530
2025-02-24T16:00:00+00:00,9844.2522408565
2025-02-24T17:00:00+00:00,9844.2522408565
2025-02-24T18:00:00+00:00,9850.8731115985
2025-02-24T19:00:00+00:00,9851.9531115985
2025-02-24T20:00:00+00:00,9848.0531115985
2025-02-24T21:00:00+00:00,9848.1112530895
2025-02-25T15:00:00+00:00,9848.1112530895
2025-02-25T16:00:00+00:00,9848.1112530895
2025-02-25T17:00:00+00:00,9848.1112530895
2025-02-25T18:00:00+00:00,9841.4107672195
2025-02-25T19:00:00+00:00,9840.8340807805
2025-02-25T20:00:00+00:00,9840.8340807805
2025-02-25T21:00:00+00:00,9844.0863445563
2025-02-26T14:00:00+00:00,9855.8763445563
2025-02-26T15:00:00+00:00,9852.6363445563
2025-02-26T16:00:00+00:00,9837.6363445563
2025-02-26T17:00:00+00:00,9836.9753636418
2025-02-26T18:00:00+00:00,9836.9753636418
2025-02-26T19:00:00+00:00,9836.9753636418
2025-02-26T20:00:00+00:00,9836.9753636418
2025-02-26T21:00:00+00:00,9836.9753636418
2025-02-26T22:00:00+00:00,9836.4798458523
2025-02-27T14:00:00+00:00,9850.8498458523
2025-02-27T15:00:00+00:00,9847.9771802448
2025-02-27T16:00:00+00:00,9847.9771802448
2025-02-27T17:00:00+00:00,9845.0011852488
2025-02-27T18:00:00+00:00,9843.0775980513
2025-02-27T19:00:00+00:00,9838.9711035971
2025-02-27T20:00:00+00:00,9838.5268018759
2025-02-27T21:00:00+00:00,9838.5268018759
2025-02-28T14:00:00+00:00,9838.5268018759
2025-02-28T15:00:00+00:00,9838.5268018759
2025-02-28T16:00:00+00:00,9869.2653206727
2025-02-28T17:00:00+00:00,9860.1903206727
2025-02-28T18:00:00+00:00,9859.6856139852
2025-02-28T19:00:00+00:00,9859.6856139852
2025-02-28T20:00:00+00:00,9859.6856139852
2025-02-28T21:00:00+00:00,9869.7540385242
2025-03-03T14:00:00+00:00,9891.8940385242
2025-03-03T15:00:00+00:00,9890.8132375947
2025-03-03T16:00:00+00:00,9890.8132375947
2025-03-03T17:00:00+00:00,9908.7007352232
2025-03-03T18:00:00+00:00,9872.9107352232
2025-03-03T19:00:00+00:00,9872.0289587082
2025-03-03T20:00:00+00:00,9872.0289587082
2025-03-03T21:00:00+00:00,9872.0289587082
2025-03-04T14:00:00+00:00,9872.0289587082
2025-03-04T15:00:00+00:00,9872.0289587082
2025-03-04T16:00:00+00:00,9872.0289587082
2025-03-04T17:00:00+00:00,9878.8856318510
2025-03-04T18:00:00+00:00,9886.0556318510
2025-03-04T19:00:00+00:00,9903.2756318510
2025-03-04T20:00:00+00:00,9915.4256318510
2025-03-04T21:00:00+00:00,9889.8956318510
2025-03-05T15:00:00+00:00,9888.7856318510
2025-03-05T16:00:00+00:00,9896.6620229885
2025-03-05T17:00:00+00:00,9896.6620229885
2025-03-05T18:00:00+00:00,9896.6620229885
2025-03-05T19:00:00+00:00,9894.4113696875
2025-03-05T20:00:00+00:00,9893.7519508925
2025-03-05T21:00:00+00:00,9902.4947674640
2025-03-06T15:00:00+00:00,9864.5597674640
2025-03-06T16:00:00+00:00,9863.5851794330
2025-03-06T17:00:00+00:00,9847.6192829450
2025-03-06T18:00:00+00:00,9846.4831506260
2025-03-06T19:00:00+00:00,9846.4831506260
2025-03-06T20:00:00+00:00,9846.4831506260
2025-03-06T21:00:00+00:00,9846.4831506260
2025-03-07T14:00:00+00:00,9846.4831506260
2025-03-07T15:00:00+00:00,9846.4831506260
2025-03-07T16:00:00+00:00,9836.9664483208
2025-03-07T17:00:00+00:00,9836.1704491573
2025-03-07T18:00:00+00:00,9836.1704491573
2025-03-07T19:00:00+00:00,9855.9282426433
2025-03-07T20:00:00+00:00,9847.2282426433
2025-03-07T21:00:00+00:00,9846.3994177153
2025-03-11T13:00:00+00:00,9846.3994177153
2025-03-11T14:00:00+00:00,9846.3994177153
2025-03-11T15:00:00+00:00,9813.2822592893
2025-03-11T16:00:00+00:00,9812.5048720753
2025-03-11T17:00:00+00:00,9810.6986225583
2025-03-11T18:00:00+00:00,9810.0332920063
2025-03-11T19:00:00+00:00,9836.4853983523
2025-03-11T20:00:00+00:00,9818.6053983523
2025-03-11T21:00:00+00:00,9820.3307565763
2025-03-12T13:00:00+00:00,9820.3307565763
2025-03-12T14:00:00+00:00,9831.6258038343
2025-03-12T15:00:00+00:00,9822.3058038343
2025-03-12T16:00:00+00:00,9821.5994846983
2025-03-12T17:00:00+00:00,9824.6204326971
2025-03-12T18:00:00+00:00,9818.9354326971
2025-03-12T19:00:00+00:00,9818.6426965949
2025-03-12T20:00:00+00:00,9815.5694232419
2025-03-13T13:00:00+00:00,9812.7644232419
2025-03-13T14:00:00+00:00,9779.4494232419
2025-03-13T15:00:00+00:00,9778.6796766404
2025-03-13T16:00:00+00:00,9765.5696411414
2025-03-13T17:00:00+00:00,9765.2670680264
2025-03-13T18:00:00+00:00,9767.7381726224
2025-03-13T19:00:00+00:00,9782.0581726224
2025-03-13T20:00:00+00:00,9779.3381726224
2025-03-14T14:00:00+00:00,9789.7181726224
2025-03-14T15:00:00+00:00,9787.6352612024
2025-03-14T16:00:00+00:00,9798.0534503879
2025-03-14T17:00:00+00:00,9797.9334503879
2025-03-14T18:00:00+00:00,9796.6457736974
2025-03-14T19:00:00+00:00,9796.6457736974
2025-03-14T20:00:00+00:00,9796.5410872266
2025-03-17T13:00:00+00:00,9788.2910872266
2025-03-17T14:00:00+00:00,9777.8810872266
2025-03-17T15:00:00+00:00,9777.2625717726
2025-03-17T16:00:00+00:00,9777.2625717726
2025-03-17T17:00:00+00:00,9777.2625717726
2025-03-17T18:00:00+00:00,9777.2625717726
2025-03-17T19:00:00+00:00,9788.4342404156
2025-03-17T20:00:00+00:00,9780.9942404156
2025-03-18T13:00:00+00:00,9746.5542404156
2025-03-18T14:00:00+00:00,9740.4074459856
2025-03-18T15:00:00+00:00,9740.4074459856
2025-03-18T16:00:00+00:00,9756.3684210706
2025-03-18T17:00:00+00:00,9754.2284210706
2025-03-18T18:00:00+00:00,9753.4410146916
2025-03-18T19:00:00+00:00,9753.4410146916
2025-03-18T20:00:00+00:00,9746.5761932936
2025-03-19T13:00:00+00:00,9774.1761932936
2025-03-19T14:00:00+00:00,9764.8161932936
2025-03-19T15:00:00+00:00,9763.6646712576
2025-03-19T16:00:00+00:00,9781.7905370836
2025-03-19T17:00:00+00:00,9778.7105370836
2025-03-19T18:00:00+00:00,9777.5674840086
2025-03-19T19:00:00+00:00,9777.5674840086
2025-03-19T20:00:00+00:00,9770.4777965386
2025-03-20T13:00:00+00:00,9759.5577965386
2025-03-20T14:00:00+00:00,9771.3577965386
2025-03-20T15:00:00+00:00,9772.9977965386
2025-03-20T16:00:00+00:00,9755.5577965386
2025-03-20T17:00:00+00:00,9755.3608509546
2025-03-20T18:00:00+00:00,9760.5204762606
2025-03-20T19:00:00+00:00,9750.6604762606
2025-03-20T20:00:00+00:00,9750.0027387426
2025-03-21T14:00:00+00:00,9750.0027387426
2025-03-21T15:00:00+00:00,9747.2823463806
2025-03-21T16:00:00+00:00,9746.6433706326
2025-03-21T17:00:00+00:00,9746.6433706326
2025-03-21T18:00:00+00:00,9745.0292556261
2025-03-21T19:00:00+00:00,9744.1361865516
2025-03-21T20:00:00+00:00,9744.1361865516
2025-03-21T21:00:00+00:00,9743.6881832211
2025-03-24T13:00:00+00:00,9773.1481832211
2025-03-24T14:00:00+00:00,9799.4281832211
2025-03-24T15:00:00+00:00,9813.4381832211
2025-03-24T16:00:00+00:00,9813.0781832211
2025-03-24T17:00:00+00:00,9818.6881832211
2025-03-24T18:00:00+00:00,9820.0681832211
2025-03-24T19:00:00+00:00,9818.6281832211
2025-03-24T20:00:00+00:00,9818.3601593099
2025-03-25T13:00:00+00:00,9818.3601593099
2025-03-25T14:00:00+00:00,9794.8564549214
2025-03-25T15:00:00+00:00,9795.0961901969
2025-03-25T16:00:00+00:00,9794.4318645899
2025-03-25T17:00:00+00:00,9793.9177301879
2025-03-25T18:00:00+00:00,9789.7853983304
2025-03-25T19:00:00+00:00,9788.5357779689
2025-03-25T20:00:00+00:00,9804.9775506201
2025-03-25T21:00:00+00:00,9813.3025506201
2025-03-26T14:00:00+00:00,9777.2425506201
2025-03-26T15:00:00+00:00,9777.0107164431
2025-03-26T16:00:00+00:00,9777.0107164431
2025-03-26T17:00:00+00:00,9777.0107164431
2025-03-26T18:00:00+00:00,9777.0107164431
2025-03-26T19:00:00+00:00,9773.3133438321
2025-03-26T20:00:00+00:00,9773.3676543096
2025-03-26T21:00:00+00:00,9774.0781935246
2025-03-27T14:00:00+00:00,9792.9781935246
2025-03-27T15:00:00+00:00,9830.8381935246
2025-03-27T16:00:00+00:00,9807.5581935246
2025-03-27T17:00:00+00:00,9807.7076120766
2025-03-27T18:00:00+00:00,9807.7076120766
2025-03-27T19:00:00+00:00,9807.7076120766
2025-03-27T20:00:00+00:00,9797.2347535918
2025-03-28T13:00:00+00:00,9805.4247535918
2025-03-28T14:00:00+00:00,9796.8447535918
2025-03-28T15:00:00+00:00,9793.8347084323
2025-03-28T16:00:00+00:00,9793.8347084323
2025-03-28T17:00:00+00:00,9793.8347084323
2025-03-28T18:00:00+00:00,9793.1803509058
2025-03-28T19:00:00+00:00,9792.4363424098
2025-03-28T20:00:00+00:00,9790.7011748158
2025-03-31T13:00:00+00:00,9743.5711748158
2025-03-31T14:00:00+00:00,9746.0011748158
2025-03-31T15:00:00+00:00,9744.1561748158
2025-03-31T16:00:00+00:00,9743.5748480128
2025-03-31T17:00:00+00:00,9750.5754451490
2025-03-31T18:00:00+00:00,9748.0554451490
2025-03-31T19:00:00+00:00,9747.8679952730
2025-03-31T20:00:00+00:00,9750.6734665655
2025-03-31T21:00:00+00:00,9748.9034665655
2025-04-01T14:00:00+00:00,9767.7284665655
2025-04-01T15:00:00+00:00,9791.2034665655
2025-04-01T16:00:00+00:00,9799.1234665655
2025-04-01T17:00:00+00:00,9796.9034665655
2025-04-01T18:00:00+00:00,9796.4992637525
2025-04-01T19:00:00+00:00,9779.1595375287
2025-04-01T20:00:00+00:00,9778.6150359072
2025-04-02T14:00:00+00:00,9778.6150359072
2025-04-02T15:00:00+00:00,9787.9694676964
2025-04-02T16:00:00+00:00,9828.9494676964
2025-04-02T17:00:00+00:00,9837.4994676964
2025-04-02T18:00:00+00:00,9843.3644676964
2025-04-02T19:00:00+00:00,9835.9394676964
2025-04-02T20:00:00+00:00,9838.2226299364
2025-04-02T21:00:00+00:00,9803.6331874864
2025-04-03T13:00:00+00:00,9782.1831874864
2025-04-03T14:00:00+00:00,9783.1162992304
2025-04-03T15:00:00+00:00,9756.3784765819
2025-04-03T16:00:00+00:00,9757.7054040079
2025-04-03T17:00:00+00:00,9765.5196019444
2025-04-03T18:00:00+00:00,9759.2346019444
2025-04-03T19:00:00+00:00,9758.9775391196
2025-04-03T20:00:00+00:00,9752.9732807681
2025-04-04T13:00:00+00:00,9713.7032807681
2025-04-04T14:00:00+00:00,9708.1532807681
2025-04-04T15:00:00+00:00,9707.3545115853
2025-04-04T16:00:00+00:00,9707.3545115853
2025-04-04T17:00:00+00:00,9707.3545115853
2025-04-04T18:00:00+00:00,9707.3545115853
2025-04-04T19:00:00+00:00,9691.0134028293
2025-04-04T20:00:00+00:00,9690.7617987993
2025-04-07T13:00:00+00:00,9690.7617987993
2025-04-07T14:00:00+00:00,9717.9050420733
2025-04-07T15:00:00+00:00,9730.5250420733
2025-04-07T16:00:00+00:00,9707.1850420733
2025-04-07T17:00:00+00:00,9706.0785356193
2025-04-07T18:00:00+00:00,9706.0785356193
2025-04-07T19:00:00+00:00,9679.8298082293
2025-04-07T20:00:00+00:00,9679.3565343393
2025-04-07T21:00:00+00:00,9678.7936874393
2025-04-08T13:00:00+00:00,9706.5936874393
2025-04-08T14:00:00+00:00,9716.0882082333
2025-04-08T15:00:00+00:00,9710.5911453978
2025-04-08T16:00:00+00:00,9710.1521889806
2025-04-08T17:00:00+00:00,9710.1521889806
2025-04-08T18:00:00+00:00,9710.1521889806
2025-04-08T19:00:00+00:00,9689.0513462476
2025-04-08T20:00:00+00:00,9687.7033999136
2025-04-09T13:00:00+00:00,9687.7033999136
2025-04-09T14:00:00+00:00,9717.4458511216
2025-04-09T15:00:00+00:00,9698.8458511216
2025-04-09T16:00:00+00:00,9698.1814564916
2025-04-09T17:00:00+00:00,9710.7106105916
2025-04-09T18:00:00+00:00,9821.5506105916
2025-04-09T19:00:00+00:00,9826.8706105916
2025-04-09T20:00:00+00:00,9868.1106105916
2025-04-09T21:00:00+00:00,9877.1906105916
2025-04-10T13:00:00+00:00,9829.0706105916
2025-04-10T14:00:00+00:00,9829.4004231116
2025-04-10T15:00:00+00:00,9829.4004231116
2025-04-10T16:00:00+00:00,9829.4004231116
2025-04-10T17:00:00+00:00,9829.4004231116
2025-04-10T18:00:00+00:00,9840.3713261066
2025-04-10T19:00:00+00:00,9847.0313261066
2025-04-10T20:00:00+00:00,9846.5663261066
2025-04-11T13:00:00+00:00,9844.1063261066
2025-04-11T14:00:00+00:00,9842.2440597986
2025-04-11T15:00:00+00:00,9829.7785092558
2025-04-11T16:00:00+00:00,9829.0054401813
2025-04-11T17:00:00+00:00,9829.0054401813
2025-04-11T18:00:00+00:00,9830.8370408178
2025-04-11T19:00:00+00:00,9822.0170408178
2025-04-11T20:00:00+00:00,9821.4826938498
2025-04-14T13:00:00+00:00,9821.4826938498
2025-04-14T14:00:00+00:00,9816.5935791768
2025-04-14T15:00:00+00:00,9816.1621786300
2025-04-14T16:00:00+00:00,9816.1621786300
2025-04-14T17:00:00+00:00,9816.1621786300
2025-04-14T18:00:00+00:00,9816.1621786300
2025-04-14T19:00:00+00:00,9822.5839952845
2025-04-14T20:00:00+00:00,9826.1539952845
2025-04-15T13:00:00+00:00,9818.7439952845
2025-04-15T14:00:00+00:00,9818.2940687815
2025-04-15T15:00:00+00:00,9821.1356065795
2025-04-15T16:00:00+00:00,9820.3256065795
2025-04-15T17:00:00+00:00,9819.8357449045
2025-04-15T18:00:00+00:00,9819.8357449045
2025-04-15T19:00:00+00:00,9819.8357449045
2025-04-15T20:00:00+00:00,9819.8357449045
2025-04-16T13:00:00+00:00,9819.8357449045
2025-04-16T14:00:00+00:00,9819.8357449045
2025-04-16T15:00:00+00:00,9819.8357449045
2025-04-16T16:00:00+00:00,9818.6677055710
2025-04-16T17:00:00+00:00,9818.4900108820
2025-04-16T18:00:00+00:00,9818.4900108820
2025-04-16T19:00:00+00:00,9818.4900108820
2025-04-16T20:00:00+00:00,9818.4900108820
2025-04-17T14:00:00+00:00,9818.4900108820
2025-04-17T15:00:00+00:00,9818.4900108820
2025-04-17T16:00:00+00:00,9818.4900108820
2025-04-17T17:00:00+00:00,9818.4900108820
2025-04-17T18:00:00+00:00,9818.7123067440
2025-04-17T19:00:00+00:00,9815.2723067440
2025-04-17T20:00:00+00:00,9814.5963427450
2025-04-17T21:00:00+00:00,9814.0168144550
2025-04-21T14:00:00+00:00,9751.3568144550
2025-04-21T15:00:00+00:00,9750.2952875860
2025-04-21T16:00:00+00:00,9750.2952875860
2025-04-21T17:00:00+00:00,9750.2952875860
2025-04-21T18:00:00+00:00,9743.6362026660
2025-04-21T19:00:00+00:00,9742.7810712640
2025-04-21T20:00:00+00:00,9758.6848905860
2025-04-21T21:00:00+00:00,9758.6048905860
2025-04-22T14:00:00+00:00,9796.3048905860
2025-04-22T15:00:00+00:00,9796.2848905860
2025-04-22T16:00:00+00:00,9805.6448905860
2025-04-22T17:00:00+00:00,9811.1648905860
2025-04-22T18:00:00+00:00,9789.2848905860
2025-04-22T19:00:00+00:00,9788.6806016140
2025-04-22T20:00:00+00:00,9788.6498100520
2025-04-22T21:00:00+00:00,9792.9498100520
2025-04-23T13:00:00+00:00,9862.3898100520
2025-04-23T14:00:00+00:00,9823.1498100520
2025-04-23T15:00:00+00:00,9823.2376834000
2025-04-23T16:00:00+00:00,9814.5845768110
2025-04-23T17:00:00+00:00,9814.5012360092
2025-04-23T18:00:00+00:00,9817.8199475717
2025-04-23T19:00:00+00:00,9815.4499475717
2025-04-23T20:00:00+00:00,9814.7780160692
2025-04-23T21:00:00+00:00,9814.7780160692
2025-04-24T14:00:00+00:00,9814.7780160692
2025-04-24T15:00:00+00:00,9818.3264170224
2025-04-24T16:00:00+00:00,9813.6464170224
2025-04-24T17:00:00+00:00,9813.0104070264
2025-04-24T18:00:00+00:00,9812.2803246894
2025-04-24T19:00:00+00:00,9811.5806250009
2025-04-24T20:00:00+00:00,9820.0588325214
2025-04-25T14:00:00+00:00,9826.9288325214
2025-04-25T15:00:00+00:00,9867.1738325214
2025-04-25T16:00:00+00:00,9885.8338325214
2025-04-25T17:00:00+00:00,9900.3388325214
2025-04-25T18:00:00+00:00,9890.0488325214
2025-04-25T19:00:00+00:00,9889.6297089519
2025-04-25T20:00:00+00:00,9887.9160181479
2025-04-25T21:00:00+00:00,9887.0733308754
2025-04-28T13:00:00+00:00,9887.0733308754
2025-04-28T14:00:00+00:00,9877.5231775329
2025-04-28T15:00:00+00:00,9876.7087084089
2025-04-28T16:00:00+00:00,9876.7087084089
2025-04-28T17:00:00+00:00,9876.7087084089
2025-04-28T18:00:00+00:00,9883.8295088124
2025-04-28T19:00:00+00:00,9887.7295088124
2025-04-28T20:00:00+00:00,9902.1295088124
2025-04-28T21:00:00+00:00,9901.2295088124
2025-04-29T13:00:00+00:00,9905.3095088124
2025-04-29T14:00:00+00:00,9893.7595088124
2025-04-29T15:00:00+00:00,9891.8856822182
2025-04-29T16:00:00+00:00,9891.8856822182
2025-04-29T17:00:00+00:00,9891.8248356512
2025-04-29T18:00:00+00:00,9896.8048356512
2025-04-29T19:00:00+00:00,9897.2848356512
2025-04-29T20:00:00+00:00,9916.0648356512
2025-04-30T13:00:00+00:00,9881.7448356512
2025-04-30T14:00:00+00:00,9853.9048356512
2025-04-30T15:00:00+00:00,9853.8662843672
2025-04-30T16:00:00+00:00,9857.6278228322
2025-04-30T17:00:00+00:00,9854.8978228322
2025-04-30T18:00:00+00:00,9854.2636074370
2025-04-30T19:00:00+00:00,9852.1113295840
2025-04-30T20:00:00+00:00,9852.2547383868
2025-05-01T13:00:00+00:00,9852.2547383868
2025-05-01T14:00:00+00:00,9852.2547383868
2025-05-01T15:00:00+00:00,9872.7768620673
2025-05-01T16:00:00+00:00,9858.3468620673
2025-05-01T17:00:00+00:00,9857.7451647123
2025-05-01T18:00:00+00:00,9857.7451647123
2025-05-01T19:00:00+00:00,9857.7451647123
2025-05-01T20:00:00+00:00,9850.2760102863
2025-05-02T14:00:00+00:00,9856.3960102863
2025-05-02T15:00:00+00:00,9855.5426516531
2025-05-02T16:00:00+00:00,9856.5269806841
2025-05-02T17:00:00+00:00,9871.3319806841
2025-05-02T18:00:00+00:00,9877.0769806841
2025-05-02T19:00:00+00:00,9868.4969806841
2025-05-02T20:00:00+00:00,9867.6435123101
2025-05-05T13:00:00+00:00,9867.6435123101
2025-05-05T14:00:00+00:00,9867.6435123101
2025-05-05T15:00:00+00:00,9867.6435123101
2025-05-05T16:00:00+00:00,9867.6435123101
2025-05-05T17:00:00+00:00,9867.6435123101
2025-05-05T18:00:00+00:00,9867.9796683266
2025-05-05T19:00:00+00:00,9871.7296683266
2025-05-05T20:00:00+00:00,9869.1496683266
2025-05-06T14:00:00+00:00,9844.5496683266
2025-05-06T15:00:00+00:00,9844.1044341828
2025-05-06T16:00:00+00:00,9839.7110310693
2025-05-06T17:00:00+00:00,9839.1450949841
2025-05-06T18:00:00+00:00,9838.1733300071
2025-05-06T19:00:00+00:00,9837.7418989631
2025-05-06T20:00:00+00:00,9837.0061196516
2025-05-07T14:00:00+00:00,9838.8661196516
2025-05-07T15:00:00+00:00,9837.6348920074
2025-05-07T16:00:00+00:00,9837.6348920074
2025-05-07T17:00:00+00:00,9837.6348920074
2025-05-07T18:00:00+00:00,9836.2408768429
2025-05-07T19:00:00+00:00,9835.7474839624
2025-05-07T20:00:00+00:00,9838.8673257026
2025-05-08T14:00:00+00:00,9862.5073257026
2025-05-08T15:00:00+00:00,9853.4773257026
2025-05-08T16:00:00+00:00,9854.6802899591
2025-05-08T17:00:00+00:00,9852.2108566766
2025-05-08T18:00:00+00:00,9850.8531838196
2025-05-08T19:00:00+00:00,9850.9652446616
2025-05-08T20:00:00+00:00,9841.9952446616
2025-05-09T13:00:00+00:00,9850.8452446616
2025-05-09T14:00:00+00:00,9895.8452446616
2025-05-09T15:00:00+00:00,9889.6652446616
2025-05-09T16:00:00+00:00,9889.0038677801
2025-05-09T17:00:00+00:00,9889.0038677801
2025-05-09T18:00:00+00:00,9889.0038677801
2025-05-09T19:00:00+00:00,9877.0471216383
2025-05-09T20:00:00+00:00,9876.3923862033
2025-05-12T13:00:00+00:00,9876.3923862033
2025-05-12T14:00:00+00:00,9876.3923862033
2025-05-12T15:00:00+00:00,9876.3923862033
2025-05-12T16:00:00+00:00,9877.8910545963
2025-05-12T17:00:00+00:00,9877.3510545963
2025-05-12T18:00:00+00:00,9876.8838372851
2025-05-12T19:00:00+00:00,9868.9296074366
2025-05-12T20:00:00+00:00,9868.9295589446
2025-05-12T21:00:00+00:00,9867.2766792086
2025-05-13T14:00:00+00:00,9877.6866792086
2025-05-13T15:00:00+00:00,9880.5666792086
2025-05-13T16:00:00+00:00,9881.4666792086
2025-05-13T17:00:00+00:00,9891.6516792086
2025-05-13T18:00:00+00:00,9918.8166792086
2025-05-13T19:00:00+00:00,9920.9766792086
2025-05-13T20:00:00+00:00,9915.4266792086
2025-05-13T21:00:00+00:00,9914.1060872621
2025-05-14T14:00:00+00:00,9914.1060872621
2025-05-14T15:00:00+00:00,9914.1060872621
2025-05-14T16:00:00+00:00,9914.1060872621
2025-05-14T17:00:00+00:00,9913.2703486201
2025-05-14T18:00:00+00:00,9912.7949672381
2025-05-14T19:00:00+00:00,9913.6677224706
2025-05-14T20:00:00+00:00,9912.2677224706
2025-05-14T21:00:00+00:00,9912.5501932676
2025-05-15T13:00:00+00:00,9912.5501932676
2025-05-15T14:00:00+00:00,9912.5501932676
2025-05-15T15:00:00+00:00,9912.5501932676
2025-05-15T16:00:00+00:00,9918.6257355656
2025-05-15T17:00:00+00:00,9927.2657355656
2025-05-15T18:00:00+00:00,9927.3857355656
2025-05-15T19:00:00+00:00,9921.0057355656
2025-05-15T20:00:00+00:00,9920.6160177116
2025-05-15T21:00:00+00:00,9919.5445754276
2025-05-16T14:00:00+00:00,9930.3645754276
2025-05-16T15:00:00+00:00,9926.1245754276
2025-05-16T16:00:00+00:00,9925.7096500076
2025-05-16T17:00:00+00:00,9925.5126632616
2025-05-16T18:00:00+00:00,9925.5726632616
2025-05-16T19:00:00+00:00,9925.6326632616
2025-05-16T20:00:00+00:00,9930.2326632616
2025-05-16T21:00:00+00:00,9929.2926632616
2025-05-19T13:00:00+00:00,9902.1326632616
2025-05-19T14:00:00+00:00,9907.5726632616
2025-05-19T15:00:00+00:00,9908.3526632616
2025-05-19T16:00:00+00:00,9905.3326632616
2025-05-19T17:00:00+00:00,9904.9676970116
2025-05-19T18:00:00+00:00,9906.2197710206
2025-05-19T19:00:00+00:00,9907.4397710206
2025-05-19T20:00:00+00:00,9908.7597710206
2025-05-20T13:00:00+00:00,9915.2197710206
2025-05-20T14:00:00+00:00,9916.5844496336
2025-05-20T15:00:00+00:00,9916.5844496336
2025-05-20T16:00:00+00:00,9924.1600611041
2025-05-20T17:00:00+00:00,9927.0000611041
2025-05-20T18:00:00+00:00,9927.8800611041
2025-05-20T19:00:00+00:00,9916.8000611041
2025-05-20T20:00:00+00:00,9916.6252196771
2025-05-20T21:00:00+00:00,9916.6252196771
2025-05-21T14:00:00+00:00,9916.6252196771
2025-05-21T15:00:00+00:00,9916.6252196771
2025-05-21T16:00:00+00:00,9917.1114972031
2025-05-21T17:00:00+00:00,9919.2714972031
2025-05-21T18:00:00+00:00,9903.7314972031
2025-05-21T19:00:00+00:00,9903.4852350611
2025-05-21T20:00:00+00:00,9903.4852350611
2025-05-21T21:00:00+00:00,9903.4852350611
2025-05-22T13:00:00+00:00,9903.4852350611
2025-05-22T14:00:00+00:00,9903.4852350611
2025-05-22T15:00:00+00:00,9905.2576931021
2025-05-22T16:00:00+00:00,9910.7376931021
2025-05-22T17:00:00+00:00,9910.1176931021
2025-05-22T18:00:00+00:00,9909.9858274271
2025-05-22T19:00:00+00:00,9913.5319729421
2025-05-22T20:00:00+00:00,9901.4519729421
2025-05-22T21:00:00+00:00,9903.5215711451
2025-05-23T14:00:00+00:00,9903.5215711451
2025-05-23T15:00:00+00:00,9903.5215711451
2025-05-23T16:00:00+00:00,9903.5215711451
2025-05-23T17:00:00+00:00,9908.2766814071
2025-05-23T18:00:00+00:00,9912.6466814071
2025-05-23T19:00:00+00:00,9910.3366814071
2025-05-23T20:00:00+00:00,9909.8875515041
2025-05-23T21:00:00+00:00,9909.8875515041
2025-05-27T14:00:00+00:00,9909.8875515041
2025-05-27T15:00:00+00:00,9912.1036701836
2025-05-27T16:00:00+00:00,9916.6736701836
2025-05-27T17:00:00+00:00,9924.0736701836
2025-05-27T18:00:00+00:00,9929.2336701836
2025-05-27T19:00:00+00:00,9922.3936701836
2025-05-27T20:00:00+00:00,9921.7422341396
2025-05-27T21:00:00+00:00,9921.3065978396
2025-05-28T14:00:00+00:00,9917.2665978396
2025-05-28T15:00:00+00:00,9918.4524860186
2025-05-28T16:00:00+00:00,9918.4524860186
2025-05-28T17:00:00+00:00,9918.4524860186
2025-05-28T18:00:00+00:00,9920.9989618946
2025-05-28T19:00:00+00:00,9913.1989618946
2025-05-28T20:00:00+00:00,9912.8383597811
2025-05-28T21:00:00+00:00,9912.8383597811
2025-05-29T14:00:00+00:00,9912.8383597811
2025-05-29T15:00:00+00:00,9912.8383597811
2025-05-29T16:00:00+00:00,9912.8383597811
2025-05-29T17:00:00+00:00,9912.8383597811
2025-05-29T18:00:00+00:00,9900.7233115301
2025-05-29T19:00:00+00:00,9900.7350792191
2025-05-29T20:00:00+00:00,9899.5046513531
2025-05-29T21:00:00+00:00,9899.4945232001
2025-05-30T13:00:00+00:00,9899.4945232001
2025-05-30T14:00:00+00:00,9899.4945232001
2025-05-30T15:00:00+00:00,9909.9973596061
2025-05-30T16:00:00+00:00,9904.2373596061
2025-05-30T17:00:00+00:00,9903.7372074551
2025-05-30T18:00:00+00:00,9903.7372074551
2025-05-30T19:00:00+00:00,9906.9892966321
2025-05-30T20:00:00+00:00,9898.3792966321
2025-05-30T21:00:00+00:00,9900.7627393481
2025-06-02T13:00:00+00:00,9900.7627393481
2025-06-02T14:00:00+00:00,9891.2720891301
2025-06-02T15:00:00+00:00,9889.8375728426
2025-06-02T16:00:00+00:00,9889.8375728426
2025-06-02T17:00:00+00:00,9889.8375728426
2025-06-02T18:00:00+00:00,9890.7521670616
2025-06-02T19:00:00+00:00,9895.4921670616
2025-06-02T20:00:00+00:00,9899.1221670616
2025-06-02T21:00:00+00:00,9899.7321670616
2025-06-03T13:00:00+00:00,9905.7721670616
2025-06-03T14:00:00+00:00,9907.1721670616
2025-06-03T15:00:00+00:00,9912.2121670616
2025-06-03T16:00:00+00:00,9914.6221670616
2025-06-03T17:00:00+00:00,9921.4921670616
2025-06-03T18:00:00+00:00,9915.7321670616
2025-06-03T19:00:00+00:00,9915.4109901626
2025-06-03T20:00:00+00:00,9915.4109901626
2025-06-04T14:00:00+00:00,9915.4109901626
2025-06-04T15:00:00+00:00,9915.4109901626
2025-06-04T16:00:00+00:00,9915.4109901626
2025-06-04T17:00:00+00:00,9911.8899527456
2025-06-04T18:00:00+00:00,9911.6607520151
2025-06-04T19:00:00+00:00,9909.5784544931
2025-06-04T20:00:00+00:00,9908.9873459216
2025-06-04T21:00:00+00:00,9908.9873459216
2025-06-05T13:00:00+00:00,9908.9873459216
2025-06-05T14:00:00+00:00,9908.9873459216
2025-06-05T15:00:00+00:00,9908.9873459216
2025-06-05T16:00:00+00:00,9918.3726840371
2025-06-05T17:00:00+00:00,9856.7526840371
2025-06-05T18:00:00+00:00,9856.7787693671
2025-06-05T19:00:00+00:00,9813.4690079741
2025-06-05T20:00:00+00:00,9813.7295262679
2025-06-05T21:00:00+00:00,9813.7295262679
2025-06-06T13:00:00+00:00,9813.7295262679
2025-06-06T14:00:00+00:00,9813.7295262679
2025-06-06T15:00:00+00:00,9813.7295262679
2025-06-06T16:00:00+00:00,9804.7536577827
2025-06-06T17:00:00+00:00,9804.2579108487
2025-06-06T18:00:00+00:00,9804.2579108487
2025-06-06T19:00:00+00:00,9802.9512637152
2025-06-06T20:00:00+00:00,9802.2452648022
2025-06-06T21:00:00+00:00,9802.2452648022
2025-06-09T13:00:00+00:00,9802.2452648022
2025-06-09T14:00:00+00:00,9802.2452648022
2025-06-09T15:00:00+00:00,9806.1438559384
2025-06-09T16:00:00+00:00,9808.6938559384
2025-06-09T17:00:00+00:00,9815.2938559384
2025-06-09T18:00:00+00:00,9822.1488559384
2025-06-09T19:00:00+00:00,9826.2288559384
2025-06-09T20:00:00+00:00,9850.1238559384
2025-06-10T13:00:00+00:00,9870.7338559384
2025-06-10T14:00:00+00:00,9870.8538559384
2025-06-10T15:00:00+00:00,9873.3288559384
2025-06-10T16:00:00+00:00,9880.6038559384
2025-06-10T17:00:00+00:00,9875.6238559384
2025-06-10T18:00:00+00:00,9874.2136994554
2025-06-10T19:00:00+00:00,9884.4663913504
2025-06-10T20:00:00+00:00,9889.8513913504
2025-06-10T21:00:00+00:00,9894.8163913504
2025-06-11T13:00:00+00:00,9915.7263913504
2025-06-11T14:00:00+00:00,9917.1627036619
2025-06-11T15:00:00+00:00,9917.1627036619
2025-06-11T16:00:00+00:00,9912.6243664699
2025-06-11T17:00:00+00:00,9912.2085914539
2025-06-11T18:00:00+00:00,9912.2085914539
2025-06-11T19:00:00+00:00,9912.2085914539
2025-06-11T20:00:00+00:00,9912.2085914539
2025-06-11T21:00:00+00:00,9911.7105724564
2025-06-12T13:00:00+00:00,9892.3005724564
2025-06-12T14:00:00+00:00,9910.4805724564
2025-06-12T15:00:00+00:00,9909.9405724564
2025-06-12T16:00:00+00:00,9909.4436053744
2025-06-12T17:00:00+00:00,9900.3048663169
2025-06-12T18:00:00+00:00,9898.5820388899
2025-06-12T19:00:00+00:00,9898.5820388899
2025-06-12T20:00:00+00:00,9898.5820388899
2025-06-12T21:00:00+00:00,9898.5820388899
2025-06-13T13:00:00+00:00,9898.5820388899
2025-06-13T14:00:00+00:00,9898.5820388899
2025-06-13T15:00:00+00:00,9899.7526154419
2025-06-13T16:00:00+00:00,9910.7176154419
2025-06-13T17:00:00+00:00,9938.0926154419
2025-06-13T18:00:00+00:00,9945.6226154419
2025-06-13T19:00:00+00:00,9926.6026154419
2025-06-13T20:00:00+00:00,9925.7462963059
2025-06-16T13:00:00+00:00,9925.7462963059
2025-06-16T14:00:00+00:00,9916.9682351369
2025-06-16T15:00:00+00:00,9916.4553398809
2025-06-16T16:00:00+00:00,9917.9313803884
2025-06-16T17:00:00+00:00,9917.1513803884
2025-06-16T18:00:00+00:00,9916.0470519199
2025-06-16T19:00:00+00:00,9916.0470519199
2025-06-16T20:00:00+00:00,9916.0249645834
2025-06-16T21:00:00+00:00,9914.8549645834
2025-06-17T14:00:00+00:00,9897.9349645834
2025-06-17T15:00:00+00:00,9897.5333790529
2025-06-17T16:00:00+00:00,9897.5333790529
2025-06-17T17:00:00+00:00,9897.5333790529
2025-06-17T18:00:00+00:00,9897.5333790529
2025-06-17T19:00:00+00:00,9897.5333790529
2025-06-17T20:00:00+00:00,9893.5270564467
2025-06-18T14:00:00+00:00,9916.4170564467
2025-06-18T15:00:00+00:00,9916.6570564467
2025-06-18T16:00:00+00:00,9925.4170564467
2025-06-18T17:00:00+00:00,9912.3670564467
2025-06-18T18:00:00+00:00,9912.1763528427
2025-06-18T19:00:00+00:00,9903.3878342202
2025-06-18T20:00:00+00:00,9901.1153523477
2025-06-20T14:00:00+00:00,9901.1153523477
2025-06-20T15:00:00+00:00,9901.1153523477
2025-06-20T16:00:00+00:00,9901.1153523477
2025-06-20T17:00:00+00:00,9912.4175221992
2025-06-20T18:00:00+00:00,9904.8575221992
2025-06-20T19:00:00+00:00,9904.6069985802
2025-06-20T20:00:00+00:00,9904.6069985802
2025-06-20T21:00:00+00:00,9904.0256761407
2025-06-23T14:00:00+00:00,9964.4756761407
2025-06-23T15:00:00+00:00,9997.4006761407
2025-06-23T16:00:00+00:00,9998.7656761407
2025-06-23T17:00:00+00:00,9978.9356761407
2025-06-23T18:00:00+00:00,9977.0052912605
2025-06-23T19:00:00+00:00,9974.5124900300
2025-06-23T20:00:00+00:00,9973.2515051150
2025-06-23T21:00:00+00:00,9973.2515051150
2025-06-24T14:00:00+00:00,9973.2515051150
2025-06-24T15:00:00+00:00,9973.2515051150
2025-06-24T16:00:00+00:00,9973.2515051150
2025-06-24T17:00:00+00:00,9973.2515051150
2025-06-24T18:00:00+00:00,9967.7788147270
2025-06-24T19:00:00+00:00,9967.2992708585
2025-06-24T20:00:00+00:00,9961.5074325415
2025-06-25T13:00:00+00:00,9967.9274325415
2025-06-25T14:00:00+00:00,9944.6074325415
2025-06-25T15:00:00+00:00,9944.3489457515
2025-06-25T16:00:00+00:00,9944.3489457515
2025-06-25T17:00:00+00:00,9942.9813227870
2025-06-25T18:00:00+00:00,9942.8589867358
2025-06-25T19:00:00+00:00,9942.8589867358
2025-06-25T20:00:00+00:00,9942.8589867358
2025-06-25T21:00:00+00:00,9939.7503916903
2025-06-26T14:00:00+00:00,9943.7103916903
2025-06-26T15:00:00+00:00,9947.9103916903
2025-06-26T16:00:00+00:00,9946.7553916903
2025-06-26T17:00:00+00:00,9947.0853916903
2025-06-26T18:00:00+00:00,9942.8703916903
2025-06-26T19:00:00+00:00,9942.7462557891
2025-06-26T20:00:00+00:00,9936.5765446506
2025-06-27T14:00:00+00:00,9937.8065446506
2025-06-27T15:00:00+00:00,9936.2165446506
2025-06-27T16:00:00+00:00,9936.0502435131
2025-06-27T17:00:00+00:00,9936.0502435131
2025-06-27T18:00:00+00:00,9936.0502435131
2025-06-27T19:00:00+00:00,9936.0502435131
2025-06-27T20:00:00+00:00,9936.0502435131
2025-06-27T21:00:00+00:00,9935.4387590601
2025-06-30T14:00:00+00:00,9929.0487590601
2025-06-30T15:00:00+00:00,9929.9187590601
2025-06-30T16:00:00+00:00,9930.0087590601
2025-06-30T17:00:00+00:00,9928.5611691966
2025-06-30T18:00:00+00:00,9928.5611691966
2025-06-30T19:00:00+00:00,9928.5611691966
2025-06-30T20:00:00+00:00,9928.5611691966
2025-06-30T21:00:00+00:00,9928.5611691966
2025-07-01T13:00:00+00:00,9928.5611691966
2025-07-01T14:00:00+00:00,9936.6023843016
2025-07-01T15:00:00+00:00,9925.7723843016
2025-07-01T16:00:00+00:00,9925.0701380758
2025-07-01T17:00:00+00:00,9927.5264567728
2025-07-01T18:00:00+00:00,9914.9564567728
2025-07-01T19:00:00+00:00,9914.5085536018
2025-07-01T20:00:00+00:00,9912.2712224113
2025-07-01T21:00:00+00:00,9908.6268613618
2025-07-02T13:00:00+00:00,9908.6268613618
2025-07-02T14:00:00+00:00,9908.6268613618
2025-07-02T15:00:00+00:00,9908.6268613618
2025-07-02T16:00:00+00:00,9913.5555115866
2025-07-02T17:00:00+00:00,9916.1505115866
2025-07-02T18:00:00+00:00,9916.0605115866
2025-07-02T19:00:00+00:00,9915.9441887841
2025-07-02T20:00:00+00:00,9918.0625915716
2025-07-02T21:00:00+00:00,9921.4675915716
2025-07-03T14:00:00+00:00,9916.4875915716
2025-07-03T15:00:00+00:00,9916.3101888591
2025-07-03T16:00:00+00:00,9920.1505493931
2025-07-03T17:00:00+00:00,9912.0805493931
2025-07-03T18:00:00+00:00,9912.3227147166
2025-07-07T13:00:00+00:00,9912.3227147166
2025-07-07T14:00:00+00:00,9912.3227147166
2025-07-07T15:00:00+00:00,9912.3227147166
2025-07-07T16:00:00+00:00,9916.2519539068
2025-07-07T17:00:00+00:00,9911.3619539068
2025-07-07T18:00:00+00:00,9910.8965056978
2025-07-07T19:00:00+00:00,9909.7235217028
2025-07-07T20:00:00+00:00,9909.0610936588
2025-07-07T21:00:00+00:00,9912.7633076803
2025-07-08T14:00:00+00:00,9920.8633076803
2025-07-08T15:00:00+00:00,9935.6233076803
2025-07-08T16:00:00+00:00,9933.5833076803
2025-07-08T17:00:00+00:00,9933.3104189248
2025-07-08T18:00:00+00:00,9933.3104189248
2025-07-08T19:00:00+00:00,9933.7577277043
2025-07-08T20:00:00+00:00,9921.9077277043
2025-07-08T21:00:00+00:00,9920.5321463398
2025-07-09T13:00:00+00:00,9920.5321463398
2025-07-09T14:00:00+00:00,9920.5321463398
2025-07-09T15:00:00+00:00,9907.0648915723
2025-07-09T16:00:00+00:00,9905.5160956423
2025-07-09T17:00:00+00:00,9906.4548533758
2025-07-09T18:00:00+00:00,9904.6548533758
2025-07-09T19:00:00+00:00,9903.9140236153
2025-07-09T20:00:00+00:00,9901.7450271193
2025-07-09T21:00:00+00:00,9900.0877754773
2025-07-10T14:00:00+00:00,9900.0877754773
2025-07-10T15:00:00+00:00,9903.8016099673
2025-07-10T16:00:00+00:00,9900.9816099673
2025-07-10T17:00:00+00:00,9900.0748875313
2025-07-10T18:00:00+00:00,9900.0748875313
2025-07-10T19:00:00+00:00,9911.1502297303
2025-07-10T20:00:00+00:00,9913.2052297303
2025-07-11T14:00:00+00:00,9913.7752297303
2025-07-11T15:00:00+00:00,9908.3752297303
2025-07-11T16:00:00+00:00,9907.6554529655
2025-07-11T17:00:00+00:00,9913.6092786215
2025-07-11T18:00:00+00:00,9909.9342786215
2025-07-11T19:00:00+00:00,9909.3315231050
2025-07-11T20:00:00+00:00,9915.0710284010
2025-07-14T14:00:00+00:00,9921.1910284010
2025-07-14T15:00:00+00:00,9920.9529777425
2025-07-14T16:00:00+00:00,9920.9529777425
2025-07-14T17:00:00+00:00,9920.9529777425
2025-07-14T18:00:00+00:00,9915.9146703875
2025-07-14T19:00:00+00:00,9914.6895354860
2025-07-14T20:00:00+00:00,9916.1301840440
2025-07-15T14:00:00+00:00,9918.5001840440
2025-07-15T15:00:00+00:00,9919.1125887642
2025-07-15T16:00:00+00:00,9919.1125887642
2025-07-15T17:00:00+00:00,9916.5970176372
2025-07-15T18:00:00+00:00,9916.5124226907
2025-07-15T19:00:00+00:00,9910.5475896252
2025-07-15T20:00:00+00:00,9909.3264863877
2025-07-15T21:00:00+00:00,9909.3264863877
2025-07-16T14:00:00+00:00,9909.3264863877
2025-07-16T15:00:00+00:00,9910.8986966592
2025-07-16T16:00:00+00:00,9912.0836966592
2025-07-16T17:00:00+00:00,9914.5736966592
2025-07-16T18:00:00+00:00,9913.4636966592
2025-07-16T19:00:00+00:00,9913.6077446592
2025-07-16T20:00:00+00:00,9914.9197704987
2025-07-17T14:00:00+00:00,9913.2847704987
2025-07-17T15:00:00+00:00,9913.2014426967
2025-07-17T16:00:00+00:00,9910.3108223157
2025-07-17T17:00:00+00:00,9909.2669635579
2025-07-17T18:00:00+00:00,9909.2669635579
2025-07-17T19:00:00+00:00,9909.2669635579
2025-07-17T20:00:00+00:00,9909.2669635579
2025-07-18T14:00:00+00:00,9909.2669635579
2025-07-18T15:00:00+00:00,9903.6051642454
2025-07-18T16:00:00+00:00,9902.5967572834
2025-07-18T17:00:00+00:00,9892.0750659799
2025-07-18T18:00:00+00:00,9891.2195927734
2025-07-18T19:00:00+00:00,9896.0289635584
2025-07-18T20:00:00+00:00,9895.3689635584
2025-07-21T14:00:00+00:00,9894.3189635584
2025-07-21T15:00:00+00:00,9893.4263989429
2025-07-21T16:00:00+00:00,9890.1507739769
2025-07-21T17:00:00+00:00,9889.6370147929
2025-07-21T18:00:00+00:00,9889.5243604091
2025-07-21T19:00:00+00:00,9889.6893604091
2025-07-21T20:00:00+00:00,9887.0493604091
2025-07-22T14:00:00+00:00,9873.1293604091
2025-07-22T15:00:00+00:00,9871.7068569551
2025-07-22T16:00:00+00:00,9874.7013940026
2025-07-22T17:00:00+00:00,9873.3813940026
2025-07-22T18:00:00+00:00,9873.6043830896
2025-07-22T19:00:00+00:00,9880.0162979186
2025-07-22T20:00:00+00:00,9874.1762979186
2025-07-23T14:00:00+00:00,9875.4862979186
2025-07-23T15:00:00+00:00,9877.2862979186
2025-07-23T16:00:00+00:00,9877.2362979186
2025-07-23T17:00:00+00:00,9876.5060592746
2025-07-23T18:00:00+00:00,9876.5060592746
2025-07-23T19:00:00+00:00,9876.5060592746
2025-07-23T20:00:00+00:00,9876.0863659696
2025-07-23T21:00:00+00:00,9883.2022396496
2025-07-24T13:00:00+00:00,9883.2022396496
2025-07-24T14:00:00+00:00,9883.2022396496
2025-07-24T15:00:00+00:00,9883.2022396496
2025-07-24T16:00:00+00:00,9883.2022396496
2025-07-24T17:00:00+00:00,9883.2022396496
2025-07-24T18:00:00+00:00,9883.2022396496
2025-07-24T19:00:00+00:00,9886.9767401951
2025-07-24T20:00:00+00:00,9889.0467401951
2025-07-25T14:00:00+00:00,9908.9067401951
2025-07-25T15:00:00+00:00,9918.7017401951
2025-07-25T16:00:00+00:00,9932.8467401951
2025-07-25T17:00:00+00:00,9935.4567401951
2025-07-25T18:00:00+00:00,9924.1167401951
2025-07-25T19:00:00+00:00,9923.0367636971
2025-07-25T20:00:00+00:00,9923.0367636971
2025-07-25T21:00:00+00:00,9922.4665661846
2025-07-28T14:00:00+00:00,9937.9465661846
2025-07-28T15:00:00+00:00,9956.3665661846
2025-07-28T16:00:00+00:00,9958.5565661846
2025-07-28T17:00:00+00:00,9958.0465661846
2025-07-28T18:00:00+00:00,9957.0353694551
2025-07-28T19:00:00+00:00,9957.0353694551
2025-07-28T20:00:00+00:00,9949.3652262806
2025-07-29T14:00:00+00:00,9934.2452262806
2025-07-29T15:00:00+00:00,9932.7990223016
2025-07-29T16:00:00+00:00,9925.9190319731
2025-07-29T17:00:00+00:00,9925.3429179866
2025-07-29T18:00:00+00:00,9926.8050158321
2025-07-29T19:00:00+00:00,9930.1200158321
2025-07-29T20:00:00+00:00,9925.4250158321
2025-07-30T14:00:00+00:00,9925.8150158321
2025-07-30T15:00:00+00:00,9925.3714990459
2025-07-30T16:00:00+00:00,9925.3714990459
2025-07-30T17:00:00+00:00,9922.3672511959
2025-07-30T18:00:00+00:00,9921.7945569244
2025-07-30T19:00:00+00:00,9903.9713891644
2025-07-30T20:00:00+00:00,9903.1987920514
2025-07-30T21:00:00+00:00,9901.6955702869
2025-07-31T14:00:00+00:00,9902.0255702869
2025-07-31T15:00:00+00:00,9901.3628580169
2025-07-31T16:00:00+00:00,9901.3628580169
2025-07-31T17:00:00+00:00,9901.3628580169
2025-07-31T18:00:00+00:00,9887.3897260931
2025-07-31T19:00:00+00:00,9886.6098683351
2025-07-31T20:00:00+00:00,9883.3676139011
2025-08-01T13:00:00+00:00,9875.1626139011
2025-08-01T14:00:00+00:00,9858.3926139011
2025-08-01T15:00:00+00:00,9857.7920829491
2025-08-01T16:00:00+00:00,9864.3521281233
2025-08-01T17:00:00+00:00,9853.2371281233
2025-08-01T18:00:00+00:00,9852.8995417593
2025-08-01T19:00:00+00:00,9852.8995417593
2025-08-01T20:00:00+00:00,9852.8995417593
2025-08-04T13:00:00+00:00,9852.8995417593
2025-08-04T14:00:00+00:00,9852.8995417593
2025-08-04T15:00:00+00:00,9838.5433944175
2025-08-04T16:00:00+00:00,9838.2354750813
2025-08-04T17:00:00+00:00,9837.8152548168
2025-08-04T18:00:00+00:00,9838.1302548168
2025-08-04T19:00:00+00:00,9841.0702548168
2025-08-04T20:00:00+00:00,9840.0502548168
2025-08-05T14:00:00+00:00,9847.5502548168
2025-08-05T15:00:00+00:00,9834.1402548168
2025-08-05T16:00:00+00:00,9832.8676828683
2025-08-05T17:00:00+00:00,9828.6541367433
2025-08-05T18:00:00+00:00,9829.3021587453
2025-08-05T19:00:00+00:00,9827.8444542738
2025-08-05T20:00:00+00:00,9827.4372927078
2025-08-06T14:00:00+00:00,9827.4372927078
2025-08-06T15:00:00+00:00,9835.8571446160
2025-08-06T16:00:00+00:00,9841.5571446160
2025-08-06T17:00:00+00:00,9836.6971446160
2025-08-06T18:00:00+00:00,9836.0362501945
2025-08-06T19:00:00+00:00,9838.3124883850
2025-08-06T20:00:00+00:00,9839.1224883850
2025-08-06T21:00:00+00:00,9840.3224883850
2025-08-07T14:00:00+00:00,9843.3224883850
2025-08-07T15:00:00+00:00,9833.6324883850
2025-08-07T16:00:00+00:00,9833.6895421345
2025-08-07T17:00:00+00:00,9832.8457263205
2025-08-07T18:00:00+00:00,9832.8118441480
2025-08-07T19:00:00+00:00,9832.8118441480
2025-08-07T20:00:00+00:00,9844.8091804300
2025-08-07T21:00:00+00:00,9844.3291804300
2025-08-08T13:00:00+00:00,9841.2691804300
2025-08-08T14:00:00+00:00,9842.0853576692
2025-08-08T15:00:00+00:00,9841.9358323782
2025-08-08T16:00:00+00:00,9837.1458323782
2025-08-08T17:00:00+00:00,9837.2887734692
2025-08-08T18:00:00+00:00,9837.2887734692
2025-08-08T19:00:00+00:00,9837.2887734692
2025-08-08T20:00:00+00:00,9835.4222304267
2025-08-11T13:00:00+00:00,9846.2222304267
2025-08-11T14:00:00+00:00,9844.9906538942
2025-08-11T15:00:00+00:00,9849.3822238612
2025-08-11T16:00:00+00:00,9854.3222238612
2025-08-11T17:00:00+00:00,9852.4022238612
2025-08-11T18:00:00+00:00,9852.0391402877
2025-08-11T19:00:00+00:00,9852.0391402877
2025-08-11T20:00:00+00:00,9842.4365699097
2025-08-11T21:00:00+00:00,9840.8402957687
2025-08-12T13:00:00+00:00,9840.8402957687
2025-08-12T14:00:00+00:00,9823.7771613437
2025-08-12T15:00:00+00:00,9823.3940729372
2025-08-12T16:00:00+00:00,9823.3940729372
2025-08-12T17:00:00+00:00,9826.3090151852
2025-08-12T18:00:00+00:00,9824.6490151852
2025-08-12T19:00:00+00:00,9823.9631970062
2025-08-12T20:00:00+00:00,9823.6842989342
2025-08-12T21:00:00+00:00,9822.6542989342
2025-08-13T13:00:00+00:00,9827.0942989342
2025-08-13T14:00:00+00:00,9834.0342989342
2025-08-13T15:00:00+00:00,9829.4642989342
2025-08-13T16:00:00+00:00,9828.0225412502
2025-08-13T17:00:00+00:00,9828.0225412502
2025-08-13T18:00:00+00:00,9828.0225412502
2025-08-13T19:00:00+00:00,9825.4133191512
2025-08-13T20:00:00+00:00,9824.8955511347
2025-08-14T13:00:00+00:00,9824.8955511347
2025-08-14T14:00:00+00:00,9824.8955511347
2025-08-14T15:00:00+00:00,9825.0300133427
2025-08-14T16:00:00+00:00,9812.9100133427
2025-08-14T17:00:00+00:00,9811.5720545087
2025-08-14T18:00:00+00:00,9816.0335493027
2025-08-14T19:00:00+00:00,9815.3135493027
2025-08-14T20:00:00+00:00,9815.4323147417
2025-08-14T21:00:00+00:00,9815.0301132277
2025-08-15T14:00:00+00:00,9810.7101132277
2025-08-15T15:00:00+00:00,9809.7908824997
2025-08-15T16:00:00+00:00,9809.7908824997
2025-08-15T17:00:00+00:00,9809.7908824997
2025-08-15T18:00:00+00:00,9811.9847774937
2025-08-15T19:00:00+00:00,9806.9147774937
2025-08-15T20:00:00+00:00,9806.0804903537
2025-08-18T14:00:00+00:00,9806.0804903537
2025-08-18T15:00:00+00:00,9808.0117331267
2025-08-18T16:00:00+00:00,9807.3517331267
2025-08-18T17:00:00+00:00,9807.3817824587
2025-08-18T18:00:00+00:00,9809.3917051217
2025-08-18T19:00:00+00:00,9810.6617051217
2025-08-18T20:00:00+00:00,9810.4217051217
2025-08-19T13:00:00+00:00,9811.4217051217
2025-08-19T14:00:00+00:00,9817.9717051217
2025-08-19T15:00:00+00:00,9805.2817051217
2025-08-19T16:00:00+00:00,9804.5828943587
2025-08-19T17:00:00+00:00,9798.8233690677
2025-08-19T18:00:00+00:00,9798.7069581047
2025-08-19T19:00:00+00:00,9795.8304810677
2025-08-19T20:00:00+00:00,9794.8359179507
2025-08-19T21:00:00+00:00,9792.9410970517
2025-08-20T14:00:00+00:00,9778.9710970517
2025-08-20T15:00:00+00:00,9778.6655751812
2025-08-20T16:00:00+00:00,9778.6655751812
2025-08-20T17:00:00+00:00,9784.7081364820
2025-08-20T18:00:00+00:00,9792.1031364820
2025-08-20T19:00:00+00:00,9787.4081364820
2025-08-20T20:00:00+00:00,9788.7790347445
2025-08-21T13:00:00+00:00,9788.7790347445
2025-08-21T14:00:00+00:00,9788.7790347445
2025-08-21T15:00:00+00:00,9788.7790347445
2025-08-21T16:00:00+00:00,9782.1520822525
2025-08-21T17:00:00+00:00,9780.9592224115
2025-08-21T18:00:00+00:00,9780.9592224115
2025-08-21T19:00:00+00:00,9783.9218062975
2025-08-21T20:00:00+00:00,9778.3418062975
2025-08-22T13:00:00+00:00,9781.7318062975
2025-08-22T14:00:00+00:00,9795.0518062975
2025-08-22T15:00:00+00:00,9826.5818062975
2025-08-22T16:00:00+00:00,9823.5818062975
2025-08-22T17:00:00+00:00,9823.1884425820
2025-08-22T18:00:00+00:00,9825.3343989145
2025-08-22T19:00:00+00:00,9826.9943989145
2025-08-22T20:00:00+00:00,9829.4343989145
2025-08-25T14:00:00+00:00,9827.4343989145
2025-08-25T15:00:00+00:00,9827.5573148410
2025-08-25T16:00:00+00:00,9835.6783207610
2025-08-25T17:00:00+00:00,9839.3483207610
2025-08-25T18:00:00+00:00,9841.2283207610
2025-08-25T19:00:00+00:00,9839.9783207610
2025-08-25T20:00:00+00:00,9839.5317154810
2025-08-25T21:00:00+00:00,9839.5317154810
2025-08-26T14:00:00+00:00,9839.5317154810
2025-08-26T15:00:00+00:00,9834.3341286850
2025-08-26T16:00:00+00:00,9833.8994912410
2025-08-26T17:00:00+00:00,9833.8994912410
2025-08-26T18:00:00+00:00,9832.0438486070
2025-08-26T19:00:00+00:00,9831.5891631670
2025-08-26T20:00:00+00:00,9838.0712283420
2025-08-26T21:00:00+00:00,9841.6712283420
2025-08-27T14:00:00+00:00,9836.1712283420
2025-08-27T15:00:00+00:00,9835.4505434020
2025-08-27T16:00:00+00:00,9836.0277841750
2025-08-27T17:00:00+00:00,9832.5477841750
2025-08-27T18:00:00+00:00,9831.4869672460
2025-08-27T19:00:00+00:00,9831.0560081690
2025-08-27T20:00:00+00:00,9830.6651072470
2025-08-27T21:00:00+00:00,9830.6651072470
2025-08-28T14:00:00+00:00,9830.6651072470
2025-08-28T15:00:00+00:00,9830.6651072470
2025-08-28T16:00:00+00:00,9830.6651072470
2025-08-28T17:00:00+00:00,9830.6651072470
2025-08-28T18:00:00+00:00,9832.8929449030
2025-08-28T19:00:00+00:00,9831.7129449030
2025-08-28T20:00:00+00:00,9831.6197833360
2025-08-29T14:00:00+00:00,9831.6197833360
2025-08-29T15:00:00+00:00,9831.6197833360
2025-08-29T16:00:00+00:00,9831.6197833360
2025-08-29T17:00:00+00:00,9831.6197833360
2025-08-29T18:00:00+00:00,9831.6197833360
2025-08-29T19:00:00+00:00,9831.6197833360
2025-08-29T20:00:00+00:00,9831.6197833360
2025-09-02T13:00:00+00:00,9831.6197833360
2025-09-02T14:00:00+00:00,9831.6197833360
2025-09-02T15:00:00+00:00,9828.4612181250
2025-09-02T16:00:00+00:00,9828.4841232190
2025-09-02T17:00:00+00:00,9828.4841232190
2025-09-02T18:00:00+00:00,9826.7788162795
2025-09-02T19:00:00+00:00,9826.5442651615
2025-09-02T20:00:00+00:00,9826.5442651615
2025-09-03T14:00:00+00:00,9826.5442651615
2025-09-03T15:00:00+00:00,9826.5442651615
2025-09-03T16:00:00+00:00,9826.5047070345
2025-09-03T17:00:00+00:00,9826.4347070345
2025-09-03T18:00:00+00:00,9825.7052291605
2025-09-03T19:00:00+00:00,9825.7052291605
2025-09-03T20:00:00+00:00,9825.7052291605
2025-09-04T14:00:00+00:00,9825.7052291605
2025-09-04T15:00:00+00:00,9825.7052291605
2025-09-04T16:00:00+00:00,9825.7052291605
2025-09-04T17:00:00+00:00,9823.4638077115
2025-09-04T18:00:00+00:00,9823.1035330705
2025-09-04T19:00:00+00:00,9825.2013675595
2025-09-04T20:00:00+00:00,9829.7213675595
2025-09-05T14:00:00+00:00,9861.4413675595
2025-09-05T15:00:00+00:00,9845.7613675595
2025-09-05T16:00:00+00:00,9845.1855302155
2025-09-05T17:00:00+00:00,9848.6891675215
2025-09-05T18:00:00+00:00,9851.1091675215
2025-09-05T19:00:00+00:00,9848.3991675215
2025-09-05T20:00:00+00:00,9847.9107383935
2025-09-08T14:00:00+00:00,9847.9107383935
2025-09-08T15:00:00+00:00,9847.9107383935
2025-09-08T16:00:00+00:00,9847.9107383935
2025-09-08T17:00:00+00:00,9843.3330315875
2025-09-08T18:00:00+00:00,9843.1177701955
2025-09-08T19:00:00+00:00,9843.1177701955
2025-09-08T20:00:00+00:00,9842.4819955505
2025-09-09T13:00:00+00:00,9845.3419955505
2025-09-09T14:00:00+00:00,9846.1219955505
2025-09-09T15:00:00+00:00,9846.5437344085
2025-09-09T16:00:00+00:00,9846.5437344085
2025-09-09T17:00:00+00:00,9843.0963456290
2025-09-09T18:00:00+00:00,9842.7408082600
2025-09-09T19:00:00+00:00,9841.2940435325
2025-09-09T20:00:00+00:00,9841.1178222205
2025-09-10T14:00:00+00:00,9841.1178222205
2025-09-10T15:00:00+00:00,9841.1178222205
2025-09-10T16:00:00+00:00,9839.7312106725
2025-09-10T17:00:00+00:00,9838.7755641460
2025-09-10T18:00:00+00:00,9838.7755641460
2025-09-10T19:00:00+00:00,9831.7900326880
2025-09-10T20:00:00+00:00,9831.4484598220
2025-09-11T13:00:00+00:00,9831.4484598220
2025-09-11T14:00:00+00:00,9831.4484598220
2025-09-11T15:00:00+00:00,9845.2464566580
2025-09-11T16:00:00+00:00,9852.6064566580
2025-09-11T17:00:00+00:00,9851.4264566580
2025-09-11T18:00:00+00:00,9851.2821108565
2025-09-11T19:00:00+00:00,9853.7730962750
2025-09-11T20:00:00+00:00,9856.9130962750
2025-09-12T14:00:00+00:00,9888.2930962750
2025-09-12T15:00:00+00:00,9898.4330962750
2025-09-12T16:00:00+00:00,9902.8430962750
2025-09-12T17:00:00+00:00,9906.3130962750
2025-09-12T18:00:00+00:00,9909.0330962750
2025-09-12T19:00:00+00:00,9906.7930962750
2025-09-12T20:00:00+00:00,9906.2406356500
2025-09-15T14:00:00+00:00,9906.2406356500
2025-09-15T15:00:00+00:00,9906.2406356500
2025-09-15T16:00:00+00:00,9901.9746374870
2025-09-15T17:00:00+00:00,9901.0012614385
2025-09-15T18:00:00+00:00,9901.0012614385
2025-09-15T19:00:00+00:00,9882.2019238305
2025-09-15T20:00:00+00:00,9882.0734325415
2025-09-16T13:00:00+00:00,9882.0734325415
2025-09-16T14:00:00+00:00,9881.8344069595
2025-09-16T15:00:00+00:00,9886.8144069595
2025-09-16T16:00:00+00:00,9888.0544069595
2025-09-16T17:00:00+00:00,9887.3044069595
2025-09-16T18:00:00+00:00,9886.6221348190
2025-09-16T19:00:00+00:00,9886.6221348190
2025-09-16T20:00:00+00:00,9888.8478768010
2025-09-17T14:00:00+00:00,9878.1578768010
2025-09-17T15:00:00+00:00,9873.1278768010
2025-09-17T16:00:00+00:00,9874.4204222590
2025-09-17T17:00:00+00:00,9875.1283364220
2025-09-17T18:00:00+00:00,9878.1783364220
2025-09-17T19:00:00+00:00,9876.5283364220
2025-09-17T20:00:00+00:00,9875.8448763805
2025-09-18T14:00:00+00:00,9875.8448763805
2025-09-18T15:00:00+00:00,9875.8448763805
2025-09-18T16:00:00+00:00,9867.1797754590
2025-09-18T17:00:00+00:00,9866.8695299830
2025-09-18T18:00:00+00:00,9866.8695299830
2025-09-18T19:00:00+00:00,9866.8695299830
2025-09-18T20:00:00+00:00,9851.0002495465
2025-09-19T13:00:00+00:00,9860.4102495465
2025-09-19T14:00:00+00:00,9872.8302495465
2025-09-19T15:00:00+00:00,9867.1502495465
2025-09-19T16:00:00+00:00,9866.4706820140
2025-09-19T17:00:00+00:00,9866.4706820140
2025-09-19T18:00:00+00:00,9866.1518936185
2025-09-19T19:00:00+00:00,9866.5518936185
2025-09-19T20:00:00+00:00,9870.0418936185
2025-09-22T13:00:00+00:00,9877.3918936185
2025-09-22T14:00:00+00:00,9899.7618936185
2025-09-22T15:00:00+00:00,9900.9918936185
2025-09-22T16:00:00+00:00,9899.2418936185
2025-09-22T17:00:00+00:00,9898.9131036880
2025-09-22T18:00:00+00:00,9898.9131036880
2025-09-22T19:00:00+00:00,9898.6330163510
2025-09-22T20:00:00+00:00,9899.9130163510
2025-09-23T14:00:00+00:00,9906.3030163510
2025-09-23T15:00:00+00:00,9905.7482880820
2025-09-23T16:00:00+00:00,9905.7482880820
2025-09-23T17:00:00+00:00,9908.4582667505
2025-09-23T18:00:00+00:00,9894.9582667505
2025-09-23T19:00:00+00:00,9895.2640016095
2025-09-23T20:00:00+00:00,9895.2640016095
2025-09-24T14:00:00+00:00,9895.2640016095
2025-09-24T15:00:00+00:00,9897.2195579095
2025-09-24T16:00:00+00:00,9890.8395579095
2025-09-24T17:00:00+00:00,9890.4274754200
2025-09-24T18:00:00+00:00,9892.0314475880
2025-09-24T19:00:00+00:00,9898.6914475880
2025-09-24T20:00:00+00:00,9899.0214475880
2025-09-25T14:00:00+00:00,9863.6414475880
2025-09-25T15:00:00+00:00,9863.5310221270
2025-09-25T16:00:00+00:00,9863.9062092295
2025-09-25T17:00:00+00:00,9862.8262092295
2025-09-25T18:00:00+00:00,9862.2116561125
2025-09-25T19:00:00+00:00,9862.2116561125
2025-09-25T20:00:00+00:00,9855.7200174795
2025-09-26T13:00:00+00:00,9868.1800174795
2025-09-26T14:00:00+00:00,9862.5400174795
2025-09-26T15:00:00+00:00,9862.3477681705
2025-09-26T16:00:00+00:00,9862.3477681705
2025-09-26T17:00:00+00:00,9869.0141853755
2025-09-26T18:00:00+00:00,9877.9341853755
2025-09-26T19:00:00+00:00,9883.0141853755
2025-09-26T20:00:00+00:00,9886.7341853755
2025-09-29T14:00:00+00:00,9894.3541853755
2025-09-29T15:00:00+00:00,9894.6906558400
2025-09-29T16:00:00+00:00,9894.6906558400
2025-09-29T17:00:00+00:00,9894.6906558400
2025-09-29T18:00:00+00:00,9895.7206916800
2025-09-29T19:00:00+00:00,9895.9006916800
2025-09-29T20:00:00+00:00,9897.7306916800
2025-09-30T14:00:00+00:00,9887.3106916800
2025-09-30T15:00:00+00:00,9887.7943195480
2025-09-30T16:00:00+00:00,9877.9661555380
2025-09-30T17:00:00+00:00,9877.5735810895
2025-09-30T18:00:00+00:00,9880.5295214215
2025-09-30T19:00:00+00:00,9887.7895214215
2025-09-30T20:00:00+00:00,9893.0095214215
2025-10-01T14:00:00+00:00,9895.0895214215
2025-10-01T15:00:00+00:00,9921.1495214215
2025-10-01T16:00:00+00:00,9914.8695214215
2025-10-01T17:00:00+00:00,9914.2329129760
2025-10-01T18:00:00+00:00,9916.1645152800
2025-10-01T19:00:00+00:00,9919.9745152800
2025-10-01T20:00:00+00:00,9918.6445152800
2025-10-02T13:00:00+00:00,9933.7845152800
2025-10-02T14:00:00+00:00,9912.8545152800
2025-10-02T15:00:00+00:00,9912.7164609550
2025-10-02T16:00:00+00:00,9912.7164609550
2025-10-02T17:00:00+00:00,9912.7164609550
2025-10-02T18:00:00+00:00,9912.7164609550
2025-10-02T19:00:00+00:00,9912.7164609550
2025-10-02T20:00:00+00:00,9901.8270308395
2025-10-03T14:00:00+00:00,9906.0570308395
2025-10-03T15:00:00+00:00,9905.5013846470
2025-10-03T16:00:00+00:00,9905.5013846470
2025-10-03T17:00:00+00:00,9893.1450416220
2025-10-03T18:00:00+00:00,9890.8969319680
2025-10-03T19:00:00+00:00,9890.8969319680
2025-10-03T20:00:00+00:00,9903.6189956435
2025-10-06T14:00:00+00:00,9923.8089956435
2025-10-06T15:00:00+00:00,9923.8307636665
2025-10-06T16:00:00+00:00,9926.4864131410
2025-10-06T17:00:00+00:00,9930.1064131410
2025-10-06T18:00:00+00:00,9929.3864131410
2025-10-06T19:00:00+00:00,9928.5486779560
2025-10-06T20:00:00+00:00,9933.3379068955
2025-10-07T14:00:00+00:00,9929.4579068955
2025-10-07T15:00:00+00:00,9921.5679068955
2025-10-07T16:00:00+00:00,9921.1010476375
2025-10-07T17:00:00+00:00,9921.1010476375
2025-10-07T18:00:00+00:00,9923.2257070295
2025-10-07T19:00:00+00:00,9910.1657070295
2025-10-07T20:00:00+00:00,9910.0064731360
2025-10-08T13:00:00+00:00,9910.0064731360
2025-10-08T14:00:00+00:00,9910.0064731360
2025-10-08T15:00:00+00:00,9910.0064731360
2025-10-08T16:00:00+00:00,9910.0064731360
2025-10-08T17:00:00+00:00,9911.5248976750
2025-10-08T18:00:00+00:00,9912.7648976750
2025-10-08T19:00:00+00:00,9914.6648976750
2025-10-08T20:00:00+00:00,9917.4848976750
2025-10-09T14:00:00+00:00,9901.8248976750
2025-10-09T15:00:00+00:00,9901.2080647480
2025-10-09T16:00:00+00:00,9901.2080647480
2025-10-09T17:00:00+00:00,9901.2080647480
2025-10-09T18:00:00+00:00,9898.7298255650
2025-10-09T19:00:00+00:00,9898.2128486500
2025-10-09T20:00:00+00:00,9900.8122572710
2025-10-10T14:00:00+00:00,9906.0122572710
2025-10-10T15:00:00+00:00,9900.0722572710
2025-10-10T16:00:00+00:00,9899.6902407760
2025-10-10T17:00:00+00:00,9899.6902407760
2025-10-10T18:00:00+00:00,9899.6902407760
2025-10-10T19:00:00+00:00,9896.8085389710
2025-10-10T20:00:00+00:00,9896.0884806460
2025-10-10T21:00:00+00:00,9896.0884806460
2025-10-13T14:00:00+00:00,9896.0884806460
2025-10-13T15:00:00+00:00,9891.1390621980
2025-10-13T16:00:00+00:00,9890.3925364120
2025-10-13T17:00:00+00:00,9894.3613058130
2025-10-13T18:00:00+00:00,9900.7413058130
2025-10-13T19:00:00+00:00,9903.8213058130
2025-10-13T20:00:00+00:00,9909.6813058130
2025-10-13T21:00:00+00:00,9908.1013058130
2025-10-14T13:00:00+00:00,9889.4813058130
2025-10-14T14:00:00+00:00,9877.8913058130
2025-10-14T15:00:00+00:00,9876.4978877680
2025-10-14T16:00:00+00:00,9882.9892373840
2025-10-14T17:00:00+00:00,9889.1492373840
2025-10-14T18:00:00+00:00,9892.2092373840
2025-10-14T19:00:00+00:00,9889.8092373840
2025-10-14T20:00:00+00:00,9889.2923804590
2025-10-15T14:00:00+00:00,9889.2923804590
2025-10-15T15:00:00+00:00,9891.3995388925
2025-10-15T16:00:00+00:00,9883.9195388925
2025-10-15T17:00:00+00:00,9884.1192622525
2025-10-15T18:00:00+00:00,9884.1192622525
2025-10-15T19:00:00+00:00,9884.1192622525
2025-10-15T20:00:00+00:00,9885.2779988175
2025-10-16T14:00:00+00:00,9885.1579988175
2025-10-16T15:00:00+00:00,9884.7358263355
2025-10-16T16:00:00+00:00,9877.4322107045
2025-10-16T17:00:00+00:00,9876.8727739945
2025-10-16T18:00:00+00:00,9876.8727739945
2025-10-16T19:00:00+00:00,9876.8727739945
2025-10-16T20:00:00+00:00,9876.8727739945
2025-10-17T13:00:00+00:00,9876.8727739945
2025-10-17T14:00:00+00:00,9876.8727739945
2025-10-17T15:00:00+00:00,9878.7333107095
2025-10-17T16:00:00+00:00,9881.1533107095
2025-10-17T17:00:00+00:00,9883.3333107095
2025-10-17T18:00:00+00:00,9888.4833107095
2025-10-17T19:00:00+00:00,9886.0333107095
2025-10-17T20:00:00+00:00,9886.7074065385
2025-10-20T13:00:00+00:00,9886.7074065385
2025-10-20T14:00:00+00:00,9892.1936260605
2025-10-20T15:00:00+00:00,9883.3536260605
2025-10-20T16:00:00+00:00,9883.0614824095
2025-10-20T17:00:00+00:00,9881.6284099905
2025-10-20T18:00:00+00:00,9881.1359423665
2025-10-20T19:00:00+00:00,9881.1359423665
2025-10-20T20:00:00+00:00,9882.8803137345
2025-10-20T21:00:00+00:00,9881.0403137345
2025-10-21T14:00:00+00:00,9874.0403137345
2025-10-21T15:00:00+00:00,9873.4487460355
2025-10-21T16:00:00+00:00,9878.2139094695
2025-10-21T17:00:00+00:00,9873.8939094695
2025-10-21T18:00:00+00:00,9872.8988500615
2025-10-21T19:00:00+00:00,9871.1831374225
2025-10-21T20:00:00+00:00,9870.5682699985
2025-10-22T14:00:00+00:00,9870.5682699985
2025-10-22T15:00:00+00:00,9870.5682699985
2025-10-22T16:00:00+00:00,9870.5682699985
2025-10-22T17:00:00+00:00,9870.5682699985
2025-10-22T18:00:00+00:00,9870.5682699985
2025-10-22T19:00:00+00:00,9870.5682699985
2025-10-22T20:00:00+00:00,9874.9844863535
2025-10-22T21:00:00+00:00,9861.8644863535
2025-10-23T14:00:00+00:00,9841.7844863535
2025-10-23T15:00:00+00:00,9846.8744863535
2025-10-23T16:00:00+00:00,9864.8644863535
2025-10-23T17:00:00+00:00,9887.4844863535
2025-10-23T18:00:00+00:00,9890.9244863535
2025-10-23T19:00:00+00:00,9883.8644863535
2025-10-23T20:00:00+00:00,9883.3924626925
2025-10-23T21:00:00+00:00,9882.4951299185
2025-10-24T13:00:00+00:00,9879.9151299185
2025-10-24T14:00:00+00:00,9881.3184866425
2025-10-24T15:00:00+00:00,9881.3184866425
2025-10-24T16:00:00+00:00,9881.3184866425
2025-10-24T17:00:00+00:00,9877.9626928300
2025-10-24T18:00:00+00:00,9877.3987084990
2025-10-24T19:00:00+00:00,9877.3987084990
2025-10-24T20:00:00+00:00,9877.3987084990
2025-10-24T21:00:00+00:00,9876.7585131530
2025-10-27T14:00:00+00:00,9901.8585131530
2025-10-27T15:00:00+00:00,9903.9785131530
2025-10-27T16:00:00+00:00,9921.8085131530
2025-10-27T17:00:00+00:00,9925.3785131530
2025-10-27T18:00:00+00:00,9929.2585131530
2025-10-27T19:00:00+00:00,9920.3285131530
2025-10-27T20:00:00+00:00,9919.8023246725
2025-10-27T21:00:00+00:00,9919.8023246725
2025-10-28T14:00:00+00:00,9919.8023246725
2025-10-28T15:00:00+00:00,9922.9112507535
2025-10-28T16:00:00+00:00,9931.6512507535
2025-10-28T17:00:00+00:00,9931.5112507535
2025-10-28T18:00:00+00:00,9931.0928292925
2025-10-28T19:00:00+00:00,9931.0928292925
2025-10-28T20:00:00+00:00,9928.3787671245
2025-10-29T13:00:00+00:00,9938.3587671245
2025-10-29T14:00:00+00:00,9935.0587671245
2025-10-29T15:00:00+00:00,9924.5787671245
2025-10-29T16:00:00+00:00,9924.0883369975
2025-10-29T17:00:00+00:00,9924.9771670705
2025-10-29T18:00:00+00:00,9927.5871670705
2025-10-29T19:00:00+00:00,9923.2171670705
2025-10-29T20:00:00+00:00,9923.6856690325
2025-10-30T14:00:00+00:00,9923.6856690325
2025-10-30T15:00:00+00:00,9923.6856690325
2025-10-30T16:00:00+00:00,9923.6856690325
2025-10-30T17:00:00+00:00,9923.6856690325
2025-10-30T18:00:00+00:00,9920.2202264160
2025-10-30T19:00:00+00:00,9919.7465948890
2025-10-30T20:00:00+00:00,9919.7465948890
2025-10-31T14:00:00+00:00,9919.7465948890
2025-10-31T15:00:00+00:00,9933.1667299040
2025-10-31T16:00:00+00:00,9927.1067299040
2025-10-31T17:00:00+00:00,9926.5022512810
2025-10-31T18:00:00+00:00,9926.5022512810
2025-10-31T19:00:00+00:00,9926.5022512810
2025-10-31T20:00:00+00:00,9936.1805261410
2025-11-03T15:00:00+00:00,9970.0705261410
2025-11-03T16:00:00+00:00,9964.6605261410
2025-11-03T17:00:00+00:00,9964.2755652250
2025-11-03T18:00:00+00:00,9964.2755652250
2025-11-03T19:00:00+00:00,9960.4125923145
2025-11-03T20:00:00+00:00,9959.7617470555
2025-11-03T21:00:00+00:00,9956.8984441175
2025-11-04T15:00:00+00:00,9935.4384441175
2025-11-04T16:00:00+00:00,9927.6884441175
2025-11-04T17:00:00+00:00,9927.3140374885
2025-11-04T18:00:00+00:00,9927.3140374885
2025-11-04T19:00:00+00:00,9927.3140374885
2025-11-04T20:00:00+00:00,9927.3140374885
2025-11-04T21:00:00+00:00,9927.3140374885
2025-11-05T15:00:00+00:00,9927.3140374885
2025-11-05T16:00:00+00:00,9927.3140374885
2025-11-05T17:00:00+00:00,9927.3140374885
2025-11-05T18:00:00+00:00,9931.9525163655
2025-11-05T19:00:00+00:00,9952.0725163655
2025-11-05T20:00:00+00:00,9955.8525163655
2025-11-05T21:00:00+00:00,9948.7125163655
2025-11-06T15:00:00+00:00,9943.0525163655
2025-11-06T16:00:00+00:00,9942.7211863135
2025-11-06T17:00:00+00:00,9942.7211863135
2025-11-06T18:00:00+00:00,9942.7211863135
2025-11-06T19:00:00+00:00,9947.3464697575
2025-11-06T20:00:00+00:00,9948.9264697575
2025-11-06T21:00:00+00:00,9942.8564697575
2025-11-06T22:00:00+00:00,9943.1309543875
2025-11-07T14:00:00+00:00,9943.1309543875
2025-11-07T15:00:00+00:00,9943.1309543875
2025-11-07T16:00:00+00:00,9943.1309543875
2025-11-07T17:00:00+00:00,9943.1309543875
2025-11-07T18:00:00+00:00,9943.1309543875
2025-11-07T19:00:00+00:00,9954.2985956945
2025-11-07T20:00:00+00:00,9963.3785956945
2025-11-07T21:00:00+00:00,9947.5385956945
2025-11-07T22:00:00+00:00,9949.3619667505
2025-11-10T15:00:00+00:00,9949.3619667505
2025-11-10T16:00:00+00:00,9949.3619667505
2025-11-10T17:00:00+00:00,9954.0492423605
2025-11-10T18:00:00+00:00,9957.4292423605
2025-11-10T19:00:00+00:00,9946.1492423605
2025-11-10T20:00:00+00:00,9945.3783586045
2025-11-10T21:00:00+00:00,9943.8034380315
2025-11-11T14:00:00+00:00,9935.4834380315
2025-11-11T15:00:00+00:00,9931.5634380315
2025-11-11T16:00:00+00:00,9930.5368739155
2025-11-11T17:00:00+00:00,9930.5368739155
2025-11-11T18:00:00+00:00,9930.5368739155
2025-11-11T19:00:00+00:00,9933.3245183895
2025-11-11T20:00:00+00:00,9931.8945183895
2025-11-11T21:00:00+00:00,9931.5110380165
2025-11-11T22:00:00+00:00,9930.8628860075
2025-11-12T15:00:00+00:00,9918.0428860075
2025-11-12T16:00:00+00:00,9917.7624413815
2025-11-12T17:00:00+00:00,9917.7624413815
2025-11-12T18:00:00+00:00,9917.7624413815
2025-11-12T19:00:00+00:00,9916.9643702125
2025-11-12T20:00:00+00:00,9916.6864093795
2025-11-12T21:00:00+00:00,9916.6864093795
2025-11-13T14:00:00+00:00,9916.6864093795
2025-11-13T15:00:00+00:00,9916.6864093795
2025-11-13T16:00:00+00:00,9916.6864093795
2025-11-13T17:00:00+00:00,9916.6864093795
2025-11-13T18:00:00+00:00,9916.6864093795
2025-11-13T19:00:00+00:00,9916.6864093795
2025-11-13T20:00:00+00:00,9916.6864093795
2025-11-13T21:00:00+00:00,9919.6661173585
2025-11-14T14:00:00+00:00,9882.8661173585
2025-11-14T15:00:00+00:00,9912.0661173585
2025-11-14T16:00:00+00:00,9926.0661173585
2025-11-14T17:00:00+00:00,9933.8661173585
2025-11-14T18:00:00+00:00,9933.3461173585
2025-11-14T19:00:00+00:00,9933.2353942555
2025-11-14T20:00:00+00:00,9933.2353942555
2025-11-14T21:00:00+00:00,9921.8836532805
2025-11-14T22:00:00+00:00,9922.6177777735
2025-11-17T14:00:00+00:00,9922.6177777735
2025-11-17T15:00:00+00:00,9922.6177777735
2025-11-17T16:00:00+00:00,9921.1675400905
2025-11-17T17:00:00+00:00,9921.0377337445
2025-11-17T18:00:00+00:00,9901.4296234055
2025-11-17T19:00:00+00:00,9900.4333567645
2025-11-17T20:00:00+00:00,9900.4333567645
2025-11-17T21:00:00+00:00,9900.4333567645
2025-11-18T14:00:00+00:00,9900.4333567645
2025-11-18T15:00:00+00:00,9900.4333567645
2025-11-18T16:00:00+00:00,9900.4333567645
2025-11-18T17:00:00+00:00,9913.2652069220
2025-11-18T18:00:00+00:00,9916.9452069220
2025-11-18T19:00:00+00:00,9908.2652069220
2025-11-18T20:00:00+00:00,9908.2418752030
2025-11-18T21:00:00+00:00,9898.7951146430
2025-11-18T22:00:00+00:00,9897.2344587010
2025-11-19T14:00:00+00:00,9897.2344587010
2025-11-19T15:00:00+00:00,9897.2344587010
2025-11-19T16:00:00+00:00,9890.2450579210
2025-11-19T17:00:00+00:00,9890.0994343930
2025-11-19T18:00:00+00:00,9884.0125538230
2025-11-19T19:00:00+00:00,9883.3092461020
2025-11-19T20:00:00+00:00,9881.2256058020
2025-11-19T21:00:00+00:00,9880.5431260120
2025-11-19T22:00:00+00:00,9887.3974575430
2025-11-20T14:00:00+00:00,9897.8374575430
2025-11-20T15:00:00+00:00,9922.1374575430
2025-11-20T16:00:00+00:00,9917.8674575430
2025-11-20T17:00:00+00:00,9917.4891079090
2025-11-20T18:00:00+00:00,9917.4891079090
2025-11-20T19:00:00+00:00,9917.4891079090
2025-11-20T20:00:00+00:00,9917.4891079090
2025-11-20T21:00:00+00:00,9898.7440514910
2025-11-20T22:00:00+00:00,9899.8091070730
2025-11-21T14:00:00+00:00,9899.8091070730
2025-11-21T15:00:00+00:00,9889.3488990590
2025-11-21T16:00:00+00:00,9890.0140746310
2025-11-21T17:00:00+00:00,9890.0140746310
2025-11-21T18:00:00+00:00,9889.1151807265
2025-11-21T19:00:00+00:00,9888.8564866210
2025-11-21T20:00:00+00:00,9884.2772026840
2025-11-21T21:00:00+00:00,9883.5206264020
2025-11-21T22:00:00+00:00,9883.5206264020
2025-11-24T14:00:00+00:00,9883.5206264020
2025-11-24T15:00:00+00:00,9883.5206264020
2025-11-24T16:00:00+00:00,9889.3464972280
2025-11-24T17:00:00+00:00,9897.4164972280
2025-11-24T18:00:00+00:00,9897.6464972280
2025-11-24T19:00:00+00:00,9898.3464972280
2025-11-24T20:00:00+00:00,9894.6464972280
2025-11-24T21:00:00+00:00,9894.2254309870
2025-11-25T14:00:00+00:00,9894.2254309870
2025-11-25T15:00:00+00:00,9894.2254309870
2025-11-25T16:00:00+00:00,9894.2254309870
2025-11-25T17:00:00+00:00,9894.2254309870
2025-11-25T18:00:00+00:00,9900.2482295570
2025-11-25T19:00:00+00:00,9899.4882295570
2025-11-25T20:00:00+00:00,9898.7078232610
2025-11-25T21:00:00+00:00,9902.2669135220
2025-11-25T22:00:00+00:00,9901.3869135220
2025-11-26T14:00:00+00:00,9913.5669135220
2025-11-26T15:00:00+00:00,9898.0169135220
2025-11-26T16:00:00+00:00,9897.5961532555
2025-11-26T17:00:00+00:00,9899.8329873285
2025-11-26T18:00:00+00:00,9903.5129873285
2025-11-26T19:00:00+00:00,9904.9529873285
2025-11-26T20:00:00+00:00,9906.9529873285
2025-11-26T21:00:00+00:00,9911.5729873285
2025-11-28T14:00:00+00:00,9916.1729873285
2025-11-28T15:00:00+00:00,9916.6329873285
2025-11-28T16:00:00+00:00,9918.9129873285
2025-11-28T17:00:00+00:00,9917.3929873285
2025-11-28T18:00:00+00:00,9916.4979542515
2025-12-01T14:00:00+00:00,9916.4979542515
2025-12-01T15:00:00+00:00,9924.9886558135
2025-12-01T16:00:00+00:00,9926.0086558135
2025-12-01T17:00:00+00:00,9925.9731427765
2025-12-01T18:00:00+00:00,9925.9731427765
2025-12-01T19:00:00+00:00,9924.0979878505
2025-12-01T20:00:00+00:00,9923.3638666975
2025-12-01T21:00:00+00:00,9923.3638666975
2025-12-01T22:00:00+00:00,9921.4671876445
2025-12-02T14:00:00+00:00,9926.0871876445
2025-12-02T15:00:00+00:00,9926.7679309195
2025-12-02T16:00:00+00:00,9926.7679309195
2025-12-02T17:00:00+00:00,9915.1921759435
2025-12-02T18:00:00+00:00,9914.8430463745
2025-12-02T19:00:00+00:00,9914.8430463745
2025-12-02T20:00:00+00:00,9920.4816357605
2025-12-02T21:00:00+00:00,9920.1716357605
2025-12-02T22:00:00+00:00,9919.0571666365
2025-12-03T14:00:00+00:00,9919.0571666365
2025-12-03T15:00:00+00:00,9926.9174273285
2025-12-03T16:00:00+00:00,9933.6374273285
2025-12-03T17:00:00+00:00,9932.8974273285
2025-12-03T18:00:00+00:00,9932.1692793445
2025-12-03T19:00:00+00:00,9941.9597172180
2025-12-03T20:00:00+00:00,9940.0697172180
2025-12-03T21:00:00+00:00,9939.7550537770
2025-12-03T22:00:00+00:00,9936.7589691070
2025-12-04T14:00:00+00:00,9942.0189691070
2025-12-04T15:00:00+00:00,9947.7689691070
2025-12-04T16:00:00+00:00,9942.6789691070
2025-12-04T17:00:00+00:00,9941.9909879425
2025-12-04T18:00:00+00:00,9939.1413449760
2025-12-04T19:00:00+00:00,9938.2833698110
2025-12-04T20:00:00+00:00,9939.5248369370
2025-12-04T21:00:00+00:00,9949.4548369370
2025-12-04T22:00:00+00:00,9947.7648369370
2025-12-05T15:00:00+00:00,9950.5548369370
2025-12-05T16:00:00+00:00,9953.0748369370
2025-12-05T17:00:00+00:00,9950.2648369370
2025-12-05T18:00:00+00:00,9949.7588584390
2025-12-05T19:00:00+00:00,9949.7588584390
2025-12-05T20:00:00+00:00,9949.7588584390
2025-12-05T21:00:00+00:00,9948.5124649100
2025-12-05T22:00:00+00:00,9947.9665824040
2025-12-08T15:00:00+00:00,9947.9665824040
2025-12-08T16:00:00+00:00,9947.9665824040
2025-12-08T17:00:00+00:00,9947.9665824040
2025-12-08T18:00:00+00:00,9947.9665824040
2025-12-08T19:00:00+00:00,9941.2196544970
2025-12-08T20:00:00+00:00,9940.8564501010
2025-12-08T21:00:00+00:00,9945.0017003755
2025-12-08T22:00:00+00:00,9944.8617003755
2025-12-09T15:00:00+00:00,9954.9817003755
2025-12-09T16:00:00+00:00,9961.4917003755
2025-12-09T17:00:00+00:00,9963.6217003755
2025-12-09T18:00:00+00:00,9969.3517003755
2025-12-09T19:00:00+00:00,9963.8017003755
2025-12-09T20:00:00+00:00,9963.1430292685
2025-12-09T21:00:00+00:00,9963.1430292685
2025-12-09T22:00:00+00:00,9963.1430292685
2025-12-10T14:00:00+00:00,9963.1430292685
2025-12-10T15:00:00+00:00,9958.8965485655
2025-12-10T16:00:00+00:00,9958.1724970735
2025-12-10T17:00:00+00:00,9958.1724970735
2025-12-10T18:00:00+00:00,9957.4172044695
2025-12-10T19:00:00+00:00,9956.8821330625
2025-12-10T20:00:00+00:00,9956.8821330625
2025-12-10T21:00:00+00:00,9955.3497718695
2025-12-10T22:00:00+00:00,9955.6575850555
2025-12-11T15:00:00+00:00,9955.6575850555
2025-12-11T16:00:00+00:00,9955.6575850555
2025-12-11T17:00:00+00:00,9957.1671528565
2025-12-11T18:00:00+00:00,9963.7571528565
2025-12-11T19:00:00+00:00,9963.9471528565
2025-12-11T20:00:00+00:00,9964.4671528565
2025-12-11T21:00:00+00:00,9964.9671528565
2025-12-11T22:00:00+00:00,9965.7871528565
2025-12-12T14:00:00+00:00,9966.5271528565
2025-12-12T15:00:00+00:00,9992.8871528565
2025-12-12T16:00:00+00:00,9967.1471528565
2025-12-12T17:00:00+00:00,9966.1898496355
2025-12-12T18:00:00+00:00,9966.1898496355
2025-12-12T19:00:00+00:00,9971.5588565565
2025-12-12T20:00:00+00:00,9968.7688565565
2025-12-12T21:00:00+00:00,9968.3260217965
2025-12-12T22:00:00+00:00,9964.4151758965
2025-12-15T14:00:00+00:00,9990.5951758965
2025-12-15T15:00:00+00:00,10005.0651758965
2025-12-15T16:00:00+00:00,10006.9151758965
2025-12-15T17:00:00+00:00,10004.0951758965
2025-12-15T18:00:00+00:00,10003.4626676095
2025-12-15T19:00:00+00:00,10002.6899198845
2025-12-15T20:00:00+00:00,10002.1873456030
2025-12-15T21:00:00+00:00,9994.5028457320
2025-12-15T22:00:00+00:00,9991.1044051060
2025-12-16T14:00:00+00:00,9991.1044051060
2025-12-16T15:00:00+00:00,9991.1044051060
2025-12-16T16:00:00+00:00,9987.4310213280
2025-12-16T17:00:00+00:00,9986.9595329560
2025-12-16T18:00:00+00:00,9980.4541750135
2025-12-16T19:00:00+00:00,9980.5720566940
2025-12-16T20:00:00+00:00,9991.1063087190
2025-12-16T21:00:00+00:00,10000.0763087190
2025-12-16T22:00:00+00:00,9998.9163087190
2025-12-17T15:00:00+00:00,10006.4363087190
2025-12-17T16:00:00+00:00,9975.8763087190
2025-12-17T17:00:00+00:00,9975.8428045150
2025-12-17T18:00:00+00:00,9975.8428045150
2025-12-17T19:00:00+00:00,9975.8428045150
2025-12-17T20:00:00+00:00,9975.8428045150
2025-12-17T21:00:00+00:00,9968.0978094360
2025-12-17T22:00:00+00:00,9969.4360762510
2025-12-18T14:00:00+00:00,9969.4360762510
2025-12-18T15:00:00+00:00,9976.4234605370
2025-12-18T16:00:00+00:00,9987.5834605370
2025-12-18T17:00:00+00:00,9992.7434605370
2025-12-18T18:00:00+00:00,9993.5434605370
2025-12-18T19:00:00+00:00,9991.2934605370
2025-12-18T20:00:00+00:00,9990.7374653740
2025-12-18T21:00:00+00:00,9990.7374653740
2025-12-18T22:00:00+00:00,9990.7374653740
2025-12-19T15:00:00+00:00,9990.7374653740
2025-12-19T16:00:00+00:00,9990.7374653740
2025-12-19T17:00:00+00:00,9990.7374653740
2025-12-19T18:00:00+00:00,9990.7374653740
2025-12-19T19:00:00+00:00,9997.1636495600
2025-12-19T20:00:00+00:00,9998.1936495600
2025-12-19T21:00:00+00:00,9996.0236495600
2025-12-22T14:00:00+00:00,10009.6836495600
2025-12-22T15:00:00+00:00,10021.6036495600
2025-12-22T16:00:00+00:00,10016.6036495600
2025-12-22T17:00:00+00:00,10015.6442886775
2025-12-22T18:00:00+00:00,10016.9114272765
2025-12-22T19:00:00+00:00,10019.4014272765
2025-12-22T20:00:00+00:00,10013.1914272765
2025-12-22T21:00:00+00:00,10012.6097745850
2025-12-23T14:00:00+00:00,10012.6097745850
2025-12-23T15:00:00+00:00,10012.6097745850
2025-12-23T16:00:00+00:00,10013.2947498370
2025-12-23T17:00:00+00:00,10009.6847498370
2025-12-23T18:00:00+00:00,10008.9613104610
2025-12-23T19:00:00+00:00,10008.9613104610
2025-12-23T20:00:00+00:00,10008.9613104610
2025-12-23T21:00:00+00:00,10006.8475518185
2025-12-23T22:00:00+00:00,10005.1254923275
2025-12-24T14:00:00+00:00,10005.1254923275
2025-12-24T15:00:00+00:00,10005.1254923275
2025-12-24T16:00:00+00:00,10005.1254923275
2025-12-24T17:00:00+00:00,10005.1254923275
2025-12-24T18:00:00+00:00,10011.1269121165
2025-12-26T14:00:00+00:00,10011.8469121165
2025-12-26T15:00:00+00:00,10005.4269121165
2025-12-26T16:00:00+00:00,10004.8578943720
2025-12-26T17:00:00+00:00,10004.8578943720
2025-12-26T18:00:00+00:00,10008.2140185530
2025-12-26T19:00:00+00:00,10004.8040185530
2025-12-26T20:00:00+00:00,10004.2399203985
2025-12-26T21:00:00+00:00,9996.8756065430
2025-12-29T14:00:00+00:00,9985.2556065430
2025-12-29T15:00:00+00:00,9972.0356065430
2025-12-29T16:00:00+00:00,9971.5503228205
2025-12-29T17:00:00+00:00,9973.3801761455
2025-12-29T18:00:00+00:00,9969.3901761455
2025-12-29T19:00:00+00:00,9968.1714787075
2025-12-29T20:00:00+00:00,9968.1714787075
2025-12-29T21:00:00+00:00,9959.0746923125
2025-12-30T14:00:00+00:00,9965.1546923125
2025-12-30T15:00:00+00:00,9961.3814064235
2025-12-30T16:00:00+00:00,9961.3814064235
2025-12-30T17:00:00+00:00,9960.8174102610
2025-12-30T18:00:00+00:00,9959.3640523780
2025-12-30T19:00:00+00:00,9959.3640523780
2025-12-30T20:00:00+00:00,9959.3640523780
2025-12-30T21:00:00+00:00,9959.3640523780
2025-12-31T14:00:00+00:00,9959.3640523780
2025-12-31T15:00:00+00:00,9956.3067467730
2025-12-31T16:00:00+00:00,9955.1913802240
2025-12-31T17:00:00+00:00,9955.1913802240
2025-12-31T18:00:00+00:00,9954.1267028380
2025-12-31T19:00:00+00:00,9953.5024761940
2025-12-31T20:00:00+00:00,9948.6677928075
2025-12-31T21:00:00+00:00,9948.2057259835
2026-01-02T14:00:00+00:00,9948.2057259835
2026-01-02T15:00:00+00:00,9948.2057259835
2026-01-02T16:00:00+00:00,9948.2057259835
2026-01-02T17:00:00+00:00,9948.2057259835
2026-01-02T18:00:00+00:00,9948.2057259835
2026-01-02T19:00:00+00:00,9948.2057259835
2026-01-02T20:00:00+00:00,9948.2057259835
2026-01-02T21:00:00+00:00,9943.2573099525
2026-01-05T14:00:00+00:00,9957.3773099525
2026-01-05T15:00:00+00:00,9957.4028264965
2026-01-05T16:00:00+00:00,9961.5095832300
2026-01-05T17:00:00+00:00,9963.1295832300
2026-01-05T18:00:00+00:00,9962.2295832300
2026-01-05T19:00:00+00:00,9961.5832687600
2026-01-05T20:00:00+00:00,9957.3547270520
2026-01-05T21:00:00+00:00,9956.6285925670
2026-01-05T22:00:00+00:00,9956.6285925670
2026-01-06T14:00:00+00:00,9956.6285925670
2026-01-06T15:00:00+00:00,9956.6285925670
2026-01-06T16:00:00+00:00,9956.6285925670
2026-01-06T17:00:00+00:00,9956.6285925670
2026-01-06T18:00:00+00:00,9956.6285925670
2026-01-06T19:00:00+00:00,9956.6285925670
2026-01-06T20:00:00+00:00,9956.0412474585
2026-01-06T21:00:00+00:00,9955.4140965580
2026-01-06T22:00:00+00:00,9955.4927371150
2026-01-07T14:00:00+00:00,9955.9127371150
2026-01-07T15:00:00+00:00,9953.4527371150
2026-01-07T16:00:00+00:00,9953.2021664995
2026-01-07T17:00:00+00:00,9955.6191269165
2026-01-07T18:00:00+00:00,9955.8191269165
2026-01-07T19:00:00+00:00,9950.6091269165
2026-01-07T20:00:00+00:00,9949.9075243870
2026-01-07T21:00:00+00:00,9938.4232367000
2026-01-07T22:00:00+00:00,9937.7457078310
2026-01-08T14:00:00+00:00,9937.7457078310
2026-01-08T15:00:00+00:00,9940.0122330450
2026-01-08T16:00:00+00:00,9950.9022330450
2026-01-08T17:00:00+00:00,9952.0622330450
2026-01-08T18:00:00+00:00,9953.5322330450
2026-01-08T19:00:00+00:00,9947.5122330450
2026-01-08T20:00:00+00:00,9946.8927363400
2026-01-08T21:00:00+00:00,9948.1709208590
2026-01-08T22:00:00+00:00,9948.8509208590
2026-01-09T14:00:00+00:00,9951.3509208590
2026-01-09T15:00:00+00:00,9952.5851486770
2026-01-09T16:00:00+00:00,9952.5851486770
2026-01-09T17:00:00+00:00,9953.1435643820
2026-01-09T18:00:00+00:00,9960.9235643820
2026-01-09T19:00:00+00:00,9961.4335643820
2026-01-09T20:00:00+00:00,9957.4535643820
2026-01-09T21:00:00+00:00,9956.9987809510
2026-01-12T14:00:00+00:00,9956.9987809510
2026-01-12T15:00:00+00:00,9956.9987809510
2026-01-12T16:00:00+00:00,9954.9005661035
2026-01-12T17:00:00+00:00,9954.2234608660
2026-01-12T18:00:00+00:00,9956.2423837800
2026-01-12T19:00:00+00:00,9954.0823837800
2026-01-12T20:00:00+00:00,9953.2013608690
2026-01-12T21:00:00+00:00,9953.2013608690
2026-01-12T22:00:00+00:00,9953.2013608690
2026-01-13T14:00:00+00:00,9953.2013608690
2026-01-13T15:00:00+00:00,9946.9199957590
2026-01-13T16:00:00+00:00,9946.4821045870
2026-01-13T17:00:00+00:00,9944.7806194670
2026-01-13T18:00:00+00:00,9944.2599085300
2026-01-13T19:00:00+00:00,9944.2599085300
2026-01-13T20:00:00+00:00,9944.2599085300
2026-01-13T21:00:00+00:00,9944.7238478620
2026-01-13T22:00:00+00:00,9944.1838478620
2026-01-14T14:00:00+00:00,9940.6438478620
2026-01-14T15:00:00+00:00,9927.8638478620
2026-01-14T16:00:00+00:00,9926.5978357000
2026-01-14T17:00:00+00:00,9926.5978357000
2026-01-14T18:00:00+00:00,9926.5978357000
2026-01-14T19:00:00+00:00,9928.2553961670
2026-01-14T20:00:00+00:00,9929.1153961670
2026-01-14T21:00:00+00:00,9933.8353961670
2026-01-14T22:00:00+00:00,9932.3753961670
2026-01-15T14:00:00+00:00,9937.5353961670
2026-01-15T15:00:00+00:00,9937.2260362840
2026-01-15T16:00:00+00:00,9939.6357841000
2026-01-15T17:00:00+00:00,9938.2157841000
2026-01-15T18:00:00+00:00,9937.6447323580
2026-01-15T19:00:00+00:00,9937.6447323580
2026-01-15T20:00:00+00:00,9932.1133880830
2026-01-15T21:00:00+00:00,9931.3652640970
2026-01-16T15:00:00+00:00,9931.3652640970
2026-01-16T16:00:00+00:00,9918.2734517830
2026-01-16T17:00:00+00:00,9917.7092874670
2026-01-16T18:00:00+00:00,9915.4023955630
2026-01-16T19:00:00+00:00,9914.8166953750
2026-01-16T20:00:00+00:00,9914.6486753770
2026-01-16T21:00:00+00:00,9909.3886753770
2026-01-16T22:00:00+00:00,9908.4239471080
2026-01-20T14:00:00+00:00,9908.4239471080
2026-01-20T15:00:00+00:00,9908.4239471080
2026-01-20T16:00:00+00:00,9908.4239471080
2026-01-20T17:00:00+00:00,9905.9925844980
2026-01-20T18:00:00+00:00,9904.7828789770
2026-01-20T19:00:00+00:00,9900.4529444860
2026-01-20T20:00:00+00:00,9899.9653747870
2026-01-20T21:00:00+00:00,9899.9653747870
2026-01-20T22:00:00+00:00,9899.9653747870
2026-01-21T14:00:00+00:00,9899.9653747870
2026-01-21T15:00:00+00:00,9899.7669284200
2026-01-21T16:00:00+00:00,9910.6869284200
2026-01-21T17:00:00+00:00,9898.2769284200
2026-01-21T18:00:00+00:00,9897.4994367145
2026-01-21T19:00:00+00:00,9901.7099222585
2026-01-21T20:00:00+00:00,9922.8299222585
2026-01-21T21:00:00+00:00,9910.6099222585
2026-01-22T15:00:00+00:00,9915.9299222585
2026-01-22T16:00:00+00:00,9915.4491056635
2026-01-22T17:00:00+00:00,9916.2744279440
2026-01-22T18:00:00+00:00,9931.5344279440
2026-01-22T19:00:00+00:00,9932.9044279440
2026-01-22T20:00:00+00:00,9933.3144279440
2026-01-22T21:00:00+00:00,9939.1944279440
2026-01-23T14:00:00+00:00,9935.5344279440
2026-01-23T15:00:00+00:00,9934.9774846930
2026-01-23T16:00:00+00:00,9938.5174636950
2026-01-23T17:00:00+00:00,9932.1974636950
2026-01-23T18:00:00+00:00,9931.2491225605
2026-01-23T19:00:00+00:00,9931.2491225605
2026-01-23T20:00:00+00:00,9932.7121978205
2026-01-23T21:00:00+00:00,9934.1321978205
2026-01-26T15:00:00+00:00,9914.0321978205
2026-01-26T16:00:00+00:00,9913.5353517280
2026-01-26T17:00:00+00:00,9913.5353517280
2026-01-26T18:00:00+00:00,9910.7380157870
2026-01-26T19:00:00+00:00,9909.8223635950
2026-01-26T20:00:00+00:00,9905.5862337545
2026-01-26T21:00:00+00:00,9905.1623574145
2026-01-27T15:00:00+00:00,9905.1623574145
2026-01-27T16:00:00+00:00,9905.1623574145
2026-01-27T17:00:00+00:00,9905.8307219485
2026-01-27T18:00:00+00:00,9901.9207219485
2026-01-27T19:00:00+00:00,9901.1509552660
2026-01-27T20:00:00+00:00,9901.1509552660
2026-01-27T21:00:00+00:00,9897.4819180165
2026-01-28T15:00:00+00:00,9910.5419180165
2026-01-28T16:00:00+00:00,9901.7419180165
2026-01-28T17:00:00+00:00,9901.5221213365
2026-01-28T18:00:00+00:00,9899.6219679940
2026-01-28T19:00:00+00:00,9898.7229572485
2026-01-28T20:00:00+00:00,9898.1015077980
2026-01-28T21:00:00+00:00,9897.3003732295
2026-01-28T22:00:00+00:00,9897.3003732295
2026-01-29T15:00:00+00:00,9897.3003732295
2026-01-29T16:00:00+00:00,9897.3003732295
2026-01-29T17:00:00+00:00,9897.3003732295
2026-01-29T18:00:00+00:00,9895.9052031355
2026-01-29T19:00:00+00:00,9895.7504412025
2026-01-29T20:00:00+00:00,9889.6253551155
2026-01-29T21:00:00+00:00,9889.3036169305
2026-01-30T14:00:00+00:00,9889.3036169305
2026-01-30T15:00:00+00:00,9889.3036169305
2026-01-30T16:00:00+00:00,9889.3036169305
2026-01-30T17:00:00+00:00,9884.6393052415
2026-01-30T18:00:00+00:00,9884.0376127195
2026-01-30T19:00:00+00:00,9884.3754612105
2026-01-30T20:00:00+00:00,9880.2154612105
2026-01-30T21:00:00+00:00,9879.8053105600
2026-01-30T22:00:00+00:00,9879.8053105600
2026-02-02T15:00:00+00:00,9879.8053105600
2026-02-02T16:00:00+00:00,9879.8053105600
2026-02-02T17:00:00+00:00,9879.3211485500
2026-02-02T18:00:00+00:00,9888.3711485500
2026-02-02T19:00:00+00:00,9892.4411485500
2026-02-02T20:00:00+00:00,9885.5011485500
2026-02-02T21:00:00+00:00,9885.1132788760
2026-02-03T15:00:00+00:00,9885.1132788760
2026-02-03T16:00:00+00:00,9885.1132788760
2026-02-03T17:00:00+00:00,9885.2427323340
2026-02-03T18:00:00+00:00,9869.2627323340
2026-02-03T19:00:00+00:00,9868.7614741090
2026-02-03T20:00:00+00:00,9868.7614741090
2026-02-03T21:00:00+00:00,9875.1991002480
2026-02-03T22:00:00+00:00,9871.0591002480
2026-02-04T14:00:00+00:00,9872.6191002480
2026-02-04T15:00:00+00:00,9869.4191002480
2026-02-04T16:00:00+00:00,9868.3264681375
2026-02-04T17:00:00+00:00,9868.3264681375
2026-02-04T18:00:00+00:00,9868.3264681375
2026-02-04T19:00:00+00:00,9868.3264681375
2026-02-04T20:00:00+00:00,9875.5301876175
2026-02-04T21:00:00+00:00,9869.1401876175
2026-02-04T22:00:00+00:00,9871.3915643395
2026-02-05T14:00:00+00:00,9871.3915643395
2026-02-05T15:00:00+00:00,9871.3915643395
2026-02-05T16:00:00+00:00,9871.3915643395
2026-02-05T17:00:00+00:00,9871.3915643395
2026-02-05T18:00:00+00:00,9875.4239665430
2026-02-05T19:00:00+00:00,9873.1439665430
2026-02-05T20:00:00+00:00,9872.4052664380
2026-02-05T21:00:00+00:00,9872.4052664380
2026-02-05T22:00:00+00:00,9866.4088027360
2026-02-06T14:00:00+00:00,9879.2888027360
2026-02-06T15:00:00+00:00,9892.1288027360
2026-02-06T16:00:00+00:00,9896.0088027360
2026-02-06T17:00:00+00:00,9898.8988027360
2026-02-06T18:00:00+00:00,9904.4488027360
2026-02-06T19:00:00+00:00,9900.5888027360
2026-02-06T20:00:00+00:00,9899.9952838660
2026-02-06T21:00:00+00:00,9894.5889885115
2026-02-06T22:00:00+00:00,9892.4167295365
2026-02-09T15:00:00+00:00,9892.4167295365
2026-02-09T16:00:00+00:00,9892.4167295365
2026-02-09T17:00:00+00:00,9896.6951837445
2026-02-09T18:00:00+00:00,9895.3151837445
2026-02-09T19:00:00+00:00,9894.5318496925
2026-02-09T20:00:00+00:00,9895.0984557465
2026-02-09T21:00:00+00:00,9889.5084557465
2026-02-10T14:00:00+00:00,9893.6284557465
2026-02-10T15:00:00+00:00,9900.3984557465
2026-02-10T16:00:00+00:00,9904.7484557465
2026-02-10T17:00:00+00:00,9902.5684557465
2026-02-10T18:00:00+00:00,9901.6802501005
2026-02-10T19:00:00+00:00,9900.0100515875
2026-02-10T20:00:00+00:00,9899.8604180605
2026-02-10T21:00:00+00:00,9898.2894394825
2026-02-11T14:00:00+00:00,9902.1894394825
2026-02-11T15:00:00+00:00,9910.4694394825
2026-02-11T16:00:00+00:00,9895.9594394825
2026-02-11T17:00:00+00:00,9896.2301119300
2026-02-11T18:00:00+00:00,9896.2301119300
2026-02-11T19:00:00+00:00,9899.3917195675
2026-02-11T20:00:00+00:00,9902.5117195675
2026-02-11T21:00:00+00:00,9904.9517195675
2026-02-12T14:00:00+00:00,9910.6717195675
2026-02-12T15:00:00+00:00,9905.6817195675
2026-02-12T16:00:00+00:00,9904.6477484020
2026-02-12T17:00:00+00:00,9904.6477484020
2026-02-12T18:00:00+00:00,9904.6477484020
2026-02-12T19:00:00+00:00,9904.6477484020
2026-02-12T20:00:00+00:00,9901.5078467470
2026-02-12T21:00:00+00:00,9901.1295402760
2026-02-12T22:00:00+00:00,9900.6292545890
2026-02-13T14:00:00+00:00,9901.5492545890
2026-02-13T15:00:00+00:00,9893.7292545890
2026-02-13T16:00:00+00:00,9893.0333119210
2026-02-13T17:00:00+00:00,9900.3948983900
2026-02-13T18:00:00+00:00,9900.4948983900
2026-02-13T19:00:00+00:00,9905.3948983900
2026-02-13T20:00:00+00:00,9901.1548983900
2026-02-13T21:00:00+00:00,9900.9512163670
2026-02-13T22:00:00+00:00,9900.9512163670
2026-02-17T14:00:00+00:00,9900.9512163670
2026-02-17T15:00:00+00:00,9882.0964151370
2026-02-17T16:00:00+00:00,9880.9231254145
2026-02-17T17:00:00+00:00,9886.4574329435
2026-02-17T18:00:00+00:00,9881.7774329435
2026-02-17T19:00:00+00:00,9881.4509214895
2026-02-17T20:00:00+00:00,9877.7959282435
2026-02-17T21:00:00+00:00,9877.2029733265
2026-02-17T22:00:00+00:00,9877.2029733265
2026-02-18T14:00:00+00:00,9877.2029733265
2026-02-18T15:00:00+00:00,9877.2029733265
2026-02-18T16:00:00+00:00,9882.4079320765
2026-02-18T17:00:00+00:00,9879.6779320765
2026-02-18T18:00:00+00:00,9879.2011794760
2026-02-18T19:00:00+00:00,9873.3716978560
2026-02-18T20:00:00+00:00,9872.4057791860
2026-02-18T21:00:00+00:00,9872.4057791860
2026-02-19T15:00:00+00:00,9872.4057791860
2026-02-19T16:00:00+00:00,9881.4859883735
2026-02-19T17:00:00+00:00,9881.6459883735
2026-02-19T18:00:00+00:00,9874.8459883735
2026-02-19T19:00:00+00:00,9874.3345333315
2026-02-19T20:00:00+00:00,9872.1614722465
2026-02-19T21:00:00+00:00,9871.6695012475
2026-02-20T14:00:00+00:00,9871.6695012475
2026-02-20T15:00:00+00:00,9875.8022606475
2026-02-20T16:00:00+00:00,9885.8422606475
2026-02-20T17:00:00+00:00,9881.1422606475
2026-02-20T18:00:00+00:00,9880.5291977395
2026-02-20T19:00:00+00:00,9880.5291977395
2026-02-20T20:00:00+00:00,9872.8931004015
2026-02-20T21:00:00+00:00,9872.4413453845
2026-02-20T22:00:00+00:00,9871.9474802325
2026-02-23T14:00:00+00:00,9863.7074802325
2026-02-23T15:00:00+00:00,9863.4584969845
2026-02-23T16:00:00+00:00,9863.4584969845
2026-02-23T17:00:00+00:00,9863.4584969845
2026-02-23T18:00:00+00:00,9863.4584969845
2026-02-23T19:00:00+00:00,9863.4584969845
2026-02-23T20:00:00+00:00,9863.4584969845
2026-02-23T21:00:00+00:00,9871.6941934625
2026-02-23T22:00:00+00:00,9871.7441934625
2026-02-24T14:00:00+00:00,9870.0041934625
2026-02-24T15:00:00+00:00,9877.6441934625
2026-02-24T16:00:00+00:00,9881.9141934625
2026-02-24T17:00:00+00:00,9881.8241934625
2026-02-24T18:00:00+00:00,9882.0041934625
2026-02-24T19:00:00+00:00,9885.8241934625
2026-02-24T20:00:00+00:00,9890.0641934625
2026-02-24T21:00:00+00:00,9891.3841934625
2026-02-24T22:00:00+00:00,9890.7641934625
2026-02-25T15:00:00+00:00,9904.1241934625
2026-02-25T16:00:00+00:00,9903.3641934625
2026-02-25T17:00:00+00:00,9903.0256470115
2026-02-25T18:00:00+00:00,9903.0256470115
2026-02-25T19:00:00+00:00,9903.6973774925
2026-02-25T20:00:00+00:00,9904.1073774925
2026-02-25T21:00:00+00:00,9906.8873774925
2026-02-26T15:00:00+00:00,9898.4273774925
2026-02-26T16:00:00+00:00,9897.8816808040
2026-02-26T17:00:00+00:00,9897.8816808040
2026-02-26T18:00:00+00:00,9897.8816808040
2026-02-26T19:00:00+00:00,9902.9761803490
2026-02-26T20:00:00+00:00,9903.5361803490
2026-02-26T21:00:00+00:00,9905.2361803490
2026-02-26T22:00:00+00:00,9905.0361803490
2026-02-27T15:00:00+00:00,9894.9961803490
2026-02-27T16:00:00+00:00,9894.8161803490
2026-02-27T17:00:00+00:00,9892.5161803490
2026-02-27T18:00:00+00:00,9892.2335685700
2026-02-27T19:00:00+00:00,9892.2335685700
2026-02-27T20:00:00+00:00,9892.2335685700
2026-02-27T21:00:00+00:00,9898.8148486800
2026-03-02T14:00:00+00:00,9879.0548486800
2026-03-02T15:00:00+00:00,9885.9548486800
2026-03-02T16:00:00+00:00,9897.4848486800
2026-03-02T17:00:00+00:00,9900.2148486800
2026-03-02T18:00:00+00:00,9897.7148486800
2026-03-02T19:00:00+00:00,9897.1626748645
2026-03-02T20:00:00+00:00,9897.1626748645
2026-03-02T21:00:00+00:00,9898.6297666255
2026-03-02T22:00:00+00:00,9898.4597666255
2026-03-03T15:00:00+00:00,9873.1797666255
2026-03-03T16:00:00+00:00,9872.4312056755
2026-03-03T17:00:00+00:00,9872.4312056755
2026-03-03T18:00:00+00:00,9871.1312885190
2026-03-03T19:00:00+00:00,9870.7119176365
2026-03-03T20:00:00+00:00,9871.7203983465
2026-03-03T21:00:00+00:00,9869.6903983465
2026-03-04T14:00:00+00:00,9885.0803983465
2026-03-04T15:00:00+00:00,9880.4003983465
2026-03-04T16:00:00+00:00,9880.6024541785
2026-03-04T17:00:00+00:00,9882.9062336635
2026-03-04T18:00:00+00:00,9878.2662336635
2026-03-04T19:00:00+00:00,9877.7312340835
2026-03-04T20:00:00+00:00,9875.8839094765
2026-03-04T21:00:00+00:00,9875.7272840320
2026-03-04T22:00:00+00:00,9873.6203074540
2026-03-05T14:00:00+00:00,9868.5003074540
2026-03-05T15:00:00+00:00,9867.1979476540
2026-03-05T16:00:00+00:00,9865.0501070040
2026-03-05T17:00:00+00:00,9865.1330015995
2026-03-05T18:00:00+00:00,9852.9645729005
2026-03-05T19:00:00+00:00,9852.5032210165
2026-03-05T20:00:00+00:00,9850.3916448885
2026-03-05T21:00:00+00:00,9849.8011929295
2026-03-05T22:00:00+00:00,9848.1150804235
2026-03-06T14:00:00+00:00,9837.9550804235
2026-03-06T15:00:00+00:00,9835.3771242565
2026-03-06T16:00:00+00:00,9835.3771242565
2026-03-06T17:00:00+00:00,9837.6590644215
2026-03-06T18:00:00+00:00,9834.8390644215
2026-03-06T19:00:00+00:00,9834.3411322525
2026-03-06T20:00:00+00:00,9836.5826763845
2026-03-06T21:00:00+00:00,9829.7626763845
2026-03-06T22:00:00+00:00,9828.2673719965
2026-03-09T13:00:00+00:00,9828.2673719965
2026-03-09T14:00:00+00:00,9817.5094350050
2026-03-09T15:00:00+00:00,9816.4680974530
2026-03-09T16:00:00+00:00,9823.3050028650
2026-03-09T17:00:00+00:00,9824.3650028650
2026-03-09T18:00:00+00:00,9824.4650028650
2026-03-09T19:00:00+00:00,9828.9550028650
2026-03-09T20:00:00+00:00,9841.5050028650
2026-03-09T21:00:00+00:00,9840.4450028650
2026-03-10T13:00:00+00:00,9846.5050028650
2026-03-10T14:00:00+00:00,9856.2250028650
2026-03-10T15:00:00+00:00,9853.7650028650
2026-03-10T16:00:00+00:00,9853.2593433400
2026-03-10T17:00:00+00:00,9853.2593433400
2026-03-10T18:00:00+00:00,9849.9551269920
2026-03-10T19:00:00+00:00,9849.4526951980
2026-03-10T20:00:00+00:00,9849.4526951980
2026-03-11T13:00:00+00:00,9849.4526951980
2026-03-11T14:00:00+00:00,9849.4526951980
2026-03-11T15:00:00+00:00,9844.9176539480
2026-03-11T16:00:00+00:00,9844.6849630090
2026-03-11T17:00:00+00:00,9844.6849630090
2026-03-11T18:00:00+00:00,9841.4561622790
2026-03-11T19:00:00+00:00,9840.9690868720
2026-03-11T20:00:00+00:00,9843.5014502390
2026-03-12T13:00:00+00:00,9841.9214502390
2026-03-12T14:00:00+00:00,9829.5114502390
2026-03-12T15:00:00+00:00,9829.0004943220
2026-03-12T16:00:00+00:00,9829.0004943220
2026-03-12T17:00:00+00:00,9831.3624824910
2026-03-12T18:00:00+00:00,9826.4024824910
2026-03-12T19:00:00+00:00,9826.0957202245
2026-03-12T20:00:00+00:00,9826.0957202245
2026-03-12T21:00:00+00:00,9826.0957202245
2026-03-13T13:00:00+00:00,9826.0957202245
2026-03-13T14:00:00+00:00,9826.0957202245
2026-03-13T15:00:00+00:00,9826.0957202245
2026-03-13T16:00:00+00:00,9826.0957202245
2026-03-13T17:00:00+00:00,9828.0435528805
2026-03-13T18:00:00+00:00,9825.1035528805
2026-03-13T19:00:00+00:00,9824.6517641995
2026-03-13T20:00:00+00:00,9824.6517641995
2026-03-16T13:00:00+00:00,9824.6517641995
2026-03-16T14:00:00+00:00,9832.4955405175
2026-03-16T15:00:00+00:00,9832.3955405175
2026-03-16T16:00:00+00:00,9831.8944766095
2026-03-16T17:00:00+00:00,9831.8944766095
2026-03-16T18:00:00+00:00,9831.8944766095
2026-03-16T19:00:00+00:00,9831.8944766095
2026-03-16T20:00:00+00:00,9828.3578328925
2026-03-16T21:00:00+00:00,9827.2035124225
2026-03-17T13:00:00+00:00,9827.2035124225
2026-03-17T14:00:00+00:00,9827.2035124225
2026-03-17T15:00:00+00:00,9828.7359926325
2026-03-17T16:00:00+00:00,9825.1459926325
2026-03-17T17:00:00+00:00,9824.5495723375
2026-03-17T18:00:00+00:00,9827.5425865920
2026-03-17T19:00:00+00:00,9824.7325865920
2026-03-17T20:00:00+00:00,9824.2352963695
2026-03-17T21:00:00+00:00,9823.6763364595
2026-03-18T13:00:00+00:00,9819.9763364595
2026-03-18T14:00:00+00:00,9818.5802761345
2026-03-18T15:00:00+00:00,9808.8667078405
2026-03-18T16:00:00+00:00,9808.3287936700
2026-03-18T17:00:00+00:00,9808.3287936700
2026-03-18T18:00:00+00:00,9808.3287936700
2026-03-18T19:00:00+00:00,9802.4014718965
2026-03-18T20:00:00+00:00,9801.8275593925
2026-03-19T13:00:00+00:00,9801.8275593925
2026-03-19T14:00:00+00:00,9795.9645968155
2026-03-19T15:00:00+00:00,9795.4050111175
2026-03-19T16:00:00+00:00,9795.4050111175
2026-03-19T17:00:00+00:00,9795.5665249135
2026-03-19T18:00:00+00:00,9793.8865249135
2026-03-19T19:00:00+00:00,9793.3088230585
2026-03-19T20:00:00+00:00,9793.3088230585
2026-03-20T13:00:00+00:00,9793.3088230585
2026-03-20T14:00:00+00:00,9773.9320289955
2026-03-20T15:00:00+00:00,9773.3867221075
2026-03-20T16:00:00+00:00,9778.6791928165
2026-03-20T17:00:00+00:00,9776.3591928165
2026-03-20T18:00:00+00:00,9776.2994522980
2026-03-20T19:00:00+00:00,9776.2994522980
2026-03-20T20:00:00+00:00,9776.2994522980
2026-03-20T21:00:00+00:00,9776.2994522980
2026-03-23T13:00:00+00:00,9776.2994522980
2026-03-23T14:00:00+00:00,9796.9938311660
2026-03-23T15:00:00+00:00,9800.1138311660
2026-03-23T16:00:00+00:00,9789.9338311660
2026-03-23T17:00:00+00:00,9789.1400409850
2026-03-23T18:00:00+00:00,9792.2858271370
2026-03-23T19:00:00+00:00,9795.3458271370
2026-03-23T20:00:00+00:00,9793.3058271370
2026-03-24T13:00:00+00:00,9788.5658271370
2026-03-24T14:00:00+00:00,9786.8725049170
2026-03-24T15:00:00+00:00,9791.8128306140
2026-03-24T16:00:00+00:00,9785.7328306140
2026-03-24T17:00:00+00:00,9785.0537728720
2026-03-24T18:00:00+00:00,9781.3341105700
2026-03-24T19:00:00+00:00,9781.0763607190
2026-03-24T20:00:00+00:00,9777.7548382620
2026-03-24T21:00:00+00:00,9783.3914488810
2026-03-25T14:00:00+00:00,9783.3914488810
2026-03-25T15:00:00+00:00,9785.3810336830
2026-03-25T16:00:00+00:00,9776.5610336830
2026-03-25T17:00:00+00:00,9776.1544765660
2026-03-25T18:00:00+00:00,9773.5072296320
2026-03-25T19:00:00+00:00,9773.1313144615
2026-03-25T20:00:00+00:00,9773.1313144615
2026-03-26T13:00:00+00:00,9773.1313144615
2026-03-26T14:00:00+00:00,9773.1313144615
2026-03-26T15:00:00+00:00,9763.7703680525
2026-03-26T16:00:00+00:00,9763.4547540235
2026-03-26T17:00:00+00:00,9759.3793520765
2026-03-26T18:00:00+00:00,9759.0061498465
2026-03-26T19:00:00+00:00,9759.0061498465
2026-03-26T20:00:00+00:00,9759.0061498465
2026-03-27T13:00:00+00:00,9759.0061498465
2026-03-27T14:00:00+00:00,9759.0061498465
2026-03-27T15:00:00+00:00,9759.0061498465
2026-03-27T16:00:00+00:00,9761.6077173135
2026-03-27T17:00:00+00:00,9755.5877173135
2026-03-27T18:00:00+00:00,9755.1711336985
2026-03-27T19:00:00+00:00,9755.1711336985
2026-03-27T20:00:00+00:00,9756.7281436190
2026-03-30T13:00:00+00:00,9764.4481436190
2026-03-30T14:00:00+00:00,9759.5381436190
2026-03-30T15:00:00+00:00,9758.8624899265
2026-03-30T16:00:00+00:00,9755.9751614855
2026-03-30T17:00:00+00:00,9755.8391958190
2026-03-30T18:00:00+00:00,9755.8391958190
2026-03-30T19:00:00+00:00,9755.8391958190
2026-03-30T20:00:00+00:00,9755.8391958190
2026-03-31T13:00:00+00:00,9755.8391958190
2026-03-31T14:00:00+00:00,9763.7271358170
2026-03-31T15:00:00+00:00,9761.1671358170
2026-03-31T16:00:00+00:00,9760.6317521020
2026-03-31T17:00:00+00:00,9760.6317521020
2026-03-31T18:00:00+00:00,9756.1774090765
2026-03-31T19:00:00+00:00,9756.2752219285
2026-03-31T20:00:00+00:00,9754.4283046885
2026-04-01T13:00:00+00:00,9767.3083046885
2026-04-01T14:00:00+00:00,9765.9751024585
2026-04-01T15:00:00+00:00,9765.9751024585
2026-04-01T16:00:00+00:00,9767.0171442985
2026-04-01T17:00:00+00:00,9765.4371442985
2026-04-01T18:00:00+00:00,9764.8593824485
2026-04-01T19:00:00+00:00,9764.8593824485
2026-04-01T20:00:00+00:00,9764.8593824485
2026-04-02T13:00:00+00:00,9764.8593824485
2026-04-02T14:00:00+00:00,9764.8593824485
2026-04-02T15:00:00+00:00,9764.8593824485
2026-04-02T16:00:00+00:00,9760.7285977195
2026-04-02T17:00:00+00:00,9760.3100882650
2026-04-02T18:00:00+00:00,9760.3100882650
2026-04-02T19:00:00+00:00,9760.3100882650
2026-04-02T20:00:00+00:00,9760.3100882650
2026-04-02T21:00:00+00:00,9760.6972962020
2026-04-06T13:00:00+00:00,9767.0972962020
2026-04-06T14:00:00+00:00,9765.7172962020
2026-04-06T15:00:00+00:00,9749.9772962020
2026-04-06T16:00:00+00:00,9749.5105397680
2026-04-06T17:00:00+00:00,9749.5105397680
2026-04-06T18:00:00+00:00,9749.5105397680
2026-04-06T19:00:00+00:00,9749.5105397680
2026-04-06T20:00:00+00:00,9752.7494006760
2026-04-07T13:00:00+00:00,9744.7894006760
2026-04-07T14:00:00+00:00,9732.9494006760
2026-04-07T15:00:00+00:00,9732.5679969625
2026-04-07T16:00:00+00:00,9732.5679969625
2026-04-07T17:00:00+00:00,9736.7405750135
2026-04-07T18:00:00+00:00,9739.4605750135
2026-04-07T19:00:00+00:00,9733.8605750135
2026-04-07T20:00:00+00:00,9733.4522010475
2026-04-08T13:00:00+00:00,9733.4522010475
2026-04-08T14:00:00+00:00,9711.4055326615
2026-04-08T15:00:00+00:00,9710.9119439635
2026-04-08T16:00:00+00:00,9710.9119439635
2026-04-08T17:00:00+00:00,9710.9119439635
2026-04-08T18:00:00+00:00,9710.9119439635
2026-04-08T19:00:00+00:00,9710.9119439635
2026-04-08T20:00:00+00:00,9710.9119439635
2026-04-08T21:00:00+00:00,9708.9599856365
2026-04-09T13:00:00+00:00,9709.8799856365
2026-04-09T14:00:00+00:00,9710.1480599665
2026-04-09T15:00:00+00:00,9710.1480599665
2026-04-09T16:00:00+00:00,9715.8977097735
2026-04-09T17:00:00+00:00,9719.7377097735
2026-04-09T18:00:00+00:00,9721.5577097735
2026-04-09T19:00:00+00:00,9716.6577097735
2026-04-09T20:00:00+00:00,9716.6530303330
2026-04-10T14:00:00+00:00,9716.6530303330
2026-04-10T15:00:00+00:00,9715.4264756230
2026-04-10T16:00:00+00:00,9715.3003023070
2026-04-10T17:00:00+00:00,9715.3003023070
2026-04-10T18:00:00+00:00,9715.3003023070
2026-04-10T19:00:00+00:00,9714.3247496805
2026-04-10T20:00:00+00:00,9713.9995482835
2026-04-10T21:00:00+00:00,9713.5811454195
2026-04-13T13:00:00+00:00,9710.9811454195
2026-04-13T14:00:00+00:00,9724.1811454195
2026-04-13T15:00:00+00:00,9722.0811454195
2026-04-13T16:00:00+00:00,9721.6577127085
2026-04-13T17:00:00+00:00,9721.6577127085
2026-04-13T18:00:00+00:00,9720.7540654075
2026-04-13T19:00:00+00:00,9720.1608786760
2026-04-13T20:00:00+00:00,9720.1608786760
2026-04-14T14:00:00+00:00,9720.1608786760
2026-04-14T15:00:00+00:00,9728.4500967805
2026-04-14T16:00:00+00:00,9733.0000967805
2026-04-14T17:00:00+00:00,9731.8800967805
2026-04-14T18:00:00+00:00,9731.7319232980
2026-04-14T19:00:00+00:00,9731.7319232980
2026-04-14T20:00:00+00:00,9731.7319232980
2026-04-14T21:00:00+00:00,9731.4349668880
2026-04-15T13:00:00+00:00,9737.2549668880
2026-04-15T14:00:00+00:00,9744.1349668880
2026-04-15T15:00:00+00:00,9765.7749668880
2026-04-15T16:00:00+00:00,9787.1349668880
2026-04-15T17:00:00+00:00,9778.2749668880
2026-04-15T18:00:00+00:00,9778.0097776570
2026-04-15T19:00:00+00:00,9782.1542228640
2026-04-15T20:00:00+00:00,9785.6842228640
2026-04-15T21:00:00+00:00,9786.9042228640
2026-04-16T13:00:00+00:00,9790.3242228640
2026-04-16T14:00:00+00:00,9790.0909343080
2026-04-16T15:00:00+00:00,9790.0909343080
2026-04-16T16:00:00+00:00,9799.8593398450
2026-04-16T17:00:00+00:00,9797.2293398450
2026-04-16T18:00:00+00:00,9796.7332806865
2026-04-16T19:00:00+00:00,9796.7332806865
2026-04-16T20:00:00+00:00,9796.7332806865
2026-04-16T21:00:00+00:00,9795.6269938325
2026-04-17T13:00:00+00:00,9812.2069938325
2026-04-17T14:00:00+00:00,9806.7769938325
2026-04-17T15:00:00+00:00,9806.6942452315
2026-04-17T16:00:00+00:00,9805.9065605945
2026-04-17T17:00:00+00:00,9805.2692272090
2026-04-17T18:00:00+00:00,9805.2692272090
2026-04-17T19:00:00+00:00,9805.2692272090
2026-04-17T20:00:00+00:00,9805.2692272090
2026-04-20T13:00:00+00:00,9805.2692272090
2026-04-20T14:00:00+00:00,9798.0102072940
2026-04-20T15:00:00+00:00,9797.5753108720
2026-04-20T16:00:00+00:00,9797.5753108720
2026-04-20T17:00:00+00:00,9797.9265158090
2026-04-20T18:00:00+00:00,9800.0065158090
2026-04-20T19:00:00+00:00,9799.5865158090
2026-04-20T20:00:00+00:00,9799.2062570005
2026-04-20T21:00:00+00:00,9798.7352297515
2026-04-21T13:00:00+00:00,9802.9352297515
2026-04-21T14:00:00+00:00,9802.2219051985
2026-04-21T15:00:00+00:00,9802.2219051985
2026-04-21T16:00:00+00:00,9802.2219051985
2026-04-21T17:00:00+00:00,9802.2219051985
2026-04-21T18:00:00+00:00,9802.2219051985
2026-04-21T19:00:00+00:00,9802.1256303455
2026-04-21T20:00:00+00:00,9797.3356303455
2026-04-22T14:00:00+00:00,9806.3956303455
2026-04-22T15:00:00+00:00,9807.3556303455
2026-04-22T16:00:00+00:00,9806.7756303455
2026-04-22T17:00:00+00:00,9806.2464574465
2026-04-22T18:00:00+00:00,9806.2464574465
2026-04-22T19:00:00+00:00,9803.9596965530
2026-04-22T20:00:00+00:00,9803.6040393610
2026-04-22T21:00:00+00:00,9803.6040393610
2026-04-23T13:00:00+00:00,9803.6040393610
2026-04-23T14:00:00+00:00,9803.6040393610
2026-04-23T15:00:00+00:00,9803.6040393610
2026-04-23T16:00:00+00:00,9812.3326697500
2026-04-23T17:00:00+00:00,9804.5126697500
2026-04-23T18:00:00+00:00,9804.1604994340
2026-04-23T19:00:00+00:00,9804.1604994340
2026-04-23T20:00:00+00:00,9804.1604994340
2026-04-24T13:00:00+00:00,9804.1604994340
2026-04-24T14:00:00+00:00,9804.1604994340
2026-04-24T15:00:00+00:00,9804.1604994340
2026-04-24T16:00:00+00:00,9798.5979477245
2026-04-24T17:00:00+00:00,9798.1585311790
2026-04-24T18:00:00+00:00,9798.1585311790
2026-04-24T19:00:00+00:00,9797.0667055300
2026-04-24T20:00:00+00:00,9796.8152191570
2026-04-24T21:00:00+00:00,9796.8152191570
2026-04-27T14:00:00+00:00,9796.8152191570
2026-04-27T15:00:00+00:00,9796.8152191570
2026-04-27T16:00:00+00:00,9799.9955385200
2026-04-27T17:00:00+00:00,9810.7955385200
2026-04-27T18:00:00+00:00,9822.8455385200
2026-04-27T19:00:00+00:00,9820.3355385200
2026-04-27T20:00:00+00:00,9819.7916103505
2026-04-28T13:00:00+00:00,9819.7916103505
2026-04-28T14:00:00+00:00,9828.6523649165
2026-04-28T15:00:00+00:00,9822.1423649165
2026-04-28T16:00:00+00:00,9821.5416044830
2026-04-28T17:00:00+00:00,9821.5416044830
2026-04-28T18:00:00+00:00,9818.9092507900
2026-04-28T19:00:00+00:00,9818.8180643920
2026-04-28T20:00:00+00:00,9815.0847266170
2026-04-28T21:00:00+00:00,9813.1543201540
2026-04-29T14:00:00+00:00,9813.1543201540
2026-04-29T15:00:00+00:00,9813.1543201540
2026-04-29T16:00:00+00:00,9813.1543201540
2026-04-29T17:00:00+00:00,9813.1543201540
2026-04-29T18:00:00+00:00,9813.7271508930
2026-04-29T19:00:00+00:00,9815.9671508930
2026-04-29T20:00:00+00:00,9813.0771508930
2026-04-29T21:00:00+00:00,9810.0413880430
2026-04-30T13:00:00+00:00,9810.0413880430
2026-04-30T14:00:00+00:00,9799.3117225740
2026-04-30T15:00:00+00:00,9798.8682995290
2026-04-30T16:00:00+00:00,9801.9667078995
2026-04-30T17:00:00+00:00,9801.1467078995
2026-04-30T18:00:00+00:00,9801.2332296925
2026-04-30T19:00:00+00:00,9806.0875637235
2026-04-30T20:00:00+00:00,9804.6375637235
2026-04-30T21:00:00+00:00,9803.3001858415
2026-05-01T13:00:00+00:00,9803.3001858415
2026-05-01T14:00:00+00:00,9800.1792034295
2026-05-01T15:00:00+00:00,9800.1096597280
2026-05-01T16:00:00+00:00,9806.1801626065
2026-05-01T17:00:00+00:00,9806.5901626065
2026-05-01T18:00:00+00:00,9812.4901626065
2026-05-01T19:00:00+00:00,9805.8301626065
2026-05-01T20:00:00+00:00,9805.5968860495
2026-05-01T21:00:00+00:00,9805.5968860495
2026-05-04T13:00:00+00:00,9805.5968860495
2026-05-04T14:00:00+00:00,9805.5968860495
2026-05-04T15:00:00+00:00,9798.2651867445
2026-05-04T16:00:00+00:00,9797.2979816815
2026-05-04T17:00:00+00:00,9797.2979816815
2026-05-04T18:00:00+00:00,9801.2896066535
2026-05-04T19:00:00+00:00,9801.7496066535
2026-05-04T20:00:00+00:00,9801.4296066535
2026-05-04T21:00:00+00:00,9800.7786579025
2026-05-05T13:00:00+00:00,9800.7786579025
2026-05-05T14:00:00+00:00,9800.7786579025
2026-05-05T15:00:00+00:00,9788.5408260865
2026-05-05T16:00:00+00:00,9788.0101653115
2026-05-05T17:00:00+00:00,9785.5582979925
2026-05-05T18:00:00+00:00,9785.2675892215
2026-05-05T19:00:00+00:00,9785.2675892215
2026-05-05T20:00:00+00:00,9785.2675892215
2026-05-06T13:00:00+00:00,9785.2675892215
2026-05-06T14:00:00+00:00,9785.2675892215
2026-05-06T15:00:00+00:00,9787.6797302365
2026-05-06T16:00:00+00:00,9794.2397302365
2026-05-06T17:00:00+00:00,9799.8897302365
2026-05-06T18:00:00+00:00,9799.9997302365
2026-05-06T19:00:00+00:00,9799.8026619955
2026-05-06T20:00:00+00:00,9797.9034740665
2026-05-06T21:00:00+00:00,9796.7856018925
2026-05-07T13:00:00+00:00,9796.7856018925
2026-05-07T14:00:00+00:00,9812.1889133385
2026-05-07T15:00:00+00:00,9808.1389133385
2026-05-07T16:00:00+00:00,9807.4653104755
2026-05-07T17:00:00+00:00,9807.4653104755
2026-05-07T18:00:00+00:00,9803.4646375895
2026-05-07T19:00:00+00:00,9803.4058943215
2026-05-07T20:00:00+00:00,9803.4058943215
2026-05-07T21:00:00+00:00,9799.5416631390
2026-05-08T13:00:00+00:00,9813.1416631390
2026-05-08T14:00:00+00:00,9835.3116631390
2026-05-08T15:00:00+00:00,9834.2016631390
2026-05-08T16:00:00+00:00,9833.6687538850
2026-05-08T17:00:00+00:00,9830.4339949920
2026-05-08T18:00:00+00:00,9829.9009657480
2026-05-08T19:00:00+00:00,9829.9009657480
2026-05-08T20:00:00+00:00,9829.9009657480
2026-05-08T21:00:00+00:00,9829.3876829780
2026-05-11T13:00:00+00:00,9822.1476829780
2026-05-11T14:00:00+00:00,9817.9310552005
2026-05-11T15:00:00+00:00,9817.9310552005
2026-05-11T16:00:00+00:00,9847.1037729305
2026-05-11T17:00:00+00:00,9853.4837729305
2026-05-11T18:00:00+00:00,9856.5637729305
2026-05-11T19:00:00+00:00,9861.2937729305
2026-05-11T20:00:00+00:00,9862.1037729305
2026-05-11T21:00:00+00:00,9862.5637729305
2026-05-12T13:00:00+00:00,9854.0237729305
2026-05-12T14:00:00+00:00,9846.0237729305
2026-05-12T15:00:00+00:00,9845.8891826500
2026-05-12T16:00:00+00:00,9845.8891826500
2026-05-12T17:00:00+00:00,9845.8891826500
2026-05-12T18:00:00+00:00,9845.8891826500
2026-05-12T19:00:00+00:00,9849.1357798700
2026-05-12T20:00:00+00:00,9856.6857798700
2026-05-12T21:00:00+00:00,9853.6957798700
2026-05-13T13:00:00+00:00,9860.7157798700
2026-05-13T14:00:00+00:00,9860.3331754240
2026-05-13T15:00:00+00:00,9860.3331754240
2026-05-13T16:00:00+00:00,9858.9359386580
2026-05-13T17:00:00+00:00,9858.8090614015
2026-05-13T18:00:00+00:00,9855.1406725395
2026-05-13T19:00:00+00:00,9854.6742092485
2026-05-13T20:00:00+00:00,9854.6742092485
2026-05-13T21:00:00+00:00,9854.6742092485
2026-05-14T13:00:00+00:00,9854.6742092485
2026-05-14T14:00:00+00:00,9854.6742092485
2026-05-14T15:00:00+00:00,9854.6742092485
2026-05-14T16:00:00+00:00,9862.5407527975
2026-05-14T17:00:00+00:00,9860.5007527975
2026-05-14T18:00:00+00:00,9860.4033055885
2026-05-14T19:00:00+00:00,9860.4033055885
2026-05-14T20:00:00+00:00,9860.4033055885
2026-05-15T13:00:00+00:00,9860.4033055885
2026-05-15T14:00:00+00:00,9860.4033055885
2026-05-15T15:00:00+00:00,9860.4033055885
2026-05-15T16:00:00+00:00,9860.4033055885
2026-05-15T17:00:00+00:00,9860.4033055885
2026-05-15T18:00:00+00:00,9860.4033055885
2026-05-15T19:00:00+00:00,9854.6892307525
2026-05-15T20:00:00+00:00,9854.2982893345
2026-05-18T13:00:00+00:00,9854.2982893345
2026-05-18T14:00:00+00:00,9847.6752914215
2026-05-18T15:00:00+00:00,9847.3559410375
2026-05-18T16:00:00+00:00,9847.3559410375
2026-05-18T17:00:00+00:00,9845.6312838195
2026-05-18T18:00:00+00:00,9845.1174589750
2026-05-18T19:00:00+00:00,9845.1174589750
2026-05-18T20:00:00+00:00,9845.1174589750
2026-05-19T14:00:00+00:00,9845.1174589750
2026-05-19T15:00:00+00:00,9845.1174589750
2026-05-19T16:00:00+00:00,9845.1174589750
2026-05-19T17:00:00+00:00,9853.2105632370
2026-05-19T18:00:00+00:00,9857.8305632370
2026-05-19T19:00:00+00:00,9856.5805632370
2026-05-19T20:00:00+00:00,9855.8867095615
2026-05-19T21:00:00+00:00,9855.8822531935
2026-05-20T13:00:00+00:00,9865.2022531935
2026-05-20T14:00:00+00:00,9867.5822531935
2026-05-20T15:00:00+00:00,9872.3022531935
2026-05-20T16:00:00+00:00,9873.0722531935
2026-05-20T17:00:00+00:00,9873.9422531935
2026-05-20T18:00:00+00:00,9874.1122531935
2026-05-20T19:00:00+00:00,9875.8122531935
2026-05-20T20:00:00+00:00,9882.4122531935
2026-05-20T21:00:00+00:00,9877.5422531935
2026-05-21T13:00:00+00:00,9892.6022531935
2026-05-21T14:00:00+00:00,9892.8750914605
2026-05-21T15:00:00+00:00,9892.8750914605
2026-05-21T16:00:00+00:00,9892.8750914605
2026-05-21T17:00:00+00:00,9892.7341877220
2026-05-21T18:00:00+00:00,9902.4041877220
2026-05-21T19:00:00+00:00,9893.4241877220
2026-05-21T20:00:00+00:00,9893.2425455290
2026-05-21T21:00:00+00:00,9893.2425455290
2026-05-22T13:00:00+00:00,9893.2425455290
2026-05-22T14:00:00+00:00,9893.4364513580
2026-05-22T15:00:00+00:00,9910.1964513580
2026-05-22T16:00:00+00:00,9907.3364513580
2026-05-22T17:00:00+00:00,9906.9715922665
2026-05-22T18:00:00+00:00,9906.9715922665
2026-05-22T19:00:00+00:00,9908.8578774605
2026-05-22T20:00:00+00:00,9902.2378774605
2026-05-22T21:00:00+00:00,9901.3470080365
2026-05-26T14:00:00+00:00,9901.3470080365
2026-05-26T15:00:00+00:00,9901.3470080365
2026-05-26T16:00:00+00:00,9901.3470080365
2026-05-26T17:00:00+00:00,9901.3470080365
2026-05-26T18:00:00+00:00,9901.0286728455
2026-05-26T19:00:00+00:00,9901.2586728455
2026-05-26T20:00:00+00:00,9904.0686728455
2026-05-26T21:00:00+00:00,9903.7086728455
2026-05-27T13:00:00+00:00,9921.8686728455
2026-05-27T14:00:00+00:00,9919.8387010135
2026-05-27T15:00:00+00:00,9919.8387010135
2026-05-27T16:00:00+00:00,9917.1884728315
2026-05-27T17:00:00+00:00,9916.7795329135
2026-05-27T18:00:00+00:00,9915.3589146990
2026-05-27T19:00:00+00:00,9914.6290388590
2026-05-27T20:00:00+00:00,9914.6290388590
2026-05-27T21:00:00+00:00,9913.4005628230
2026-05-28T13:00:00+00:00,9907.3805628230
2026-05-28T14:00:00+00:00,9915.2405628230
2026-05-28T15:00:00+00:00,9919.2505628230
2026-05-28T16:00:00+00:00,9916.4605628230
2026-05-28T17:00:00+00:00,9915.7108909660
2026-05-28T18:00:00+00:00,9915.5002427490
2026-05-28T19:00:00+00:00,9915.5802427490
2026-05-28T20:00:00+00:00,9914.9202427490
2026-05-28T21:00:00+00:00,9913.6702709170
2026-05-29T13:00:00+00:00,9913.6702709170
2026-05-29T14:00:00+00:00,9905.6915788630
2026-05-29T15:00:00+00:00,9905.1774385450
2026-05-29T16:00:00+00:00,9905.1774385450
2026-05-29T17:00:00+00:00,9909.6754310480
2026-05-29T18:00:00+00:00,9909.0554310480
2026-05-29T19:00:00+00:00,9908.7707267770
2026-05-29T20:00:00+00:00,9908.7707267770
2026-05-29T21:00:00+00:00,9907.9083832520
2026-06-01T14:00:00+00:00,9883.9483832520
2026-06-01T15:00:00+00:00,9883.1508795475
2026-06-01T16:00:00+00:00,9883.1508795475
2026-06-01T17:00:00+00:00,9881.6351574075
2026-06-01T18:00:00+00:00,9881.1001434955
2026-06-01T19:00:00+00:00,9881.1001434955
2026-06-01T20:00:00+00:00,9881.1001434955
2026-06-01T21:00:00+00:00,9881.1001434955
2026-06-02T13:00:00+00:00,9881.1001434955
2026-06-02T14:00:00+00:00,9878.7985737015
2026-06-02T15:00:00+00:00,9877.7584913785
2026-06-02T16:00:00+00:00,9875.2209270850
2026-06-02T17:00:00+00:00,9874.4748092650
2026-06-02T18:00:00+00:00,9873.6077070100
2026-06-02T19:00:00+00:00,9872.9809772410
2026-06-02T20:00:00+00:00,9872.9809772410
2026-06-02T21:00:00+00:00,9871.2726868870
2026-06-03T13:00:00+00:00,9864.3726868870
2026-06-03T14:00:00+00:00,9871.4926868870
2026-06-03T15:00:00+00:00,9891.0126868870
2026-06-03T16:00:00+00:00,9872.6526868870
2026-06-03T17:00:00+00:00,9872.3142712585
2026-06-03T18:00:00+00:00,9872.3142712585
2026-06-03T19:00:00+00:00,9872.7771390010
2026-06-03T20:00:00+00:00,9874.3371390010
2026-06-03T21:00:00+00:00,9872.1771390010
2026-06-04T13:00:00+00:00,9871.7771390010
2026-06-04T14:00:00+00:00,9870.5571390010
2026-06-04T15:00:00+00:00,9863.6971390010
2026-06-04T16:00:00+00:00,9863.2549208560
2026-06-04T17:00:00+00:00,9862.9523429780
2026-06-04T18:00:00+00:00,9865.3723429780
2026-06-04T19:00:00+00:00,9863.8123429780
2026-06-04T20:00:00+00:00,9863.1692969020
2026-06-04T21:00:00+00:00,9863.1692969020
2026-06-05T13:00:00+00:00,9863.1692969020
2026-06-05T14:00:00+00:00,9863.1692969020
2026-06-05T15:00:00+00:00,9863.1692969020
2026-06-05T16:00:00+00:00,9863.1692969020
2026-06-05T17:00:00+00:00,9863.1692969020
2026-06-05T18:00:00+00:00,9863.1692969020
2026-06-05T19:00:00+00:00,9863.1692969020
2026-06-05T20:00:00+00:00,9863.1692969020
2026-06-05T21:00:00+00:00,9863.1692969020
2026-06-08T14:00:00+00:00,9863.1692969020
2026-06-08T15:00:00+00:00,9868.3480147985
2026-06-08T16:00:00+00:00,9864.8480147985
2026-06-08T17:00:00+00:00,9864.3555230095
2026-06-08T18:00:00+00:00,9870.1672983275
2026-06-08T19:00:00+00:00,9873.9672983275
2026-06-08T20:00:00+00:00,9868.1272983275
2026-06-09T13:00:00+00:00,9880.2272983275
2026-06-09T14:00:00+00:00,9873.2272983275
2026-06-09T15:00:00+00:00,9872.7535274785
2026-06-09T16:00:00+00:00,9872.7535274785
2026-06-09T17:00:00+00:00,9872.7535274785
2026-06-09T18:00:00+00:00,9872.7535274785
2026-06-09T19:00:00+00:00,9875.3188759275
2026-06-09T20:00:00+00:00,9874.3788759275
2026-06-09T21:00:00+00:00,9873.5432595655
2026-06-10T13:00:00+00:00,9873.5432595655
2026-06-10T14:00:00+00:00,9874.2635284245
2026-06-10T15:00:00+00:00,9860.9135284245
2026-06-10T16:00:00+00:00,9860.4711589585
2026-06-10T17:00:00+00:00,9854.2476683375
2026-06-10T18:00:00+00:00,9853.9276266775
2026-06-10T19:00:00+00:00,9847.3856121795
2026-06-10T20:00:00+00:00,9846.9972803770
2026-06-10T21:00:00+00:00,9846.9972803770
2026-06-11T13:00:00+00:00,9846.9972803770
2026-06-11T14:00:00+00:00,9846.9972803770
2026-06-11T15:00:00+00:00,9846.9972803770
2026-06-11T16:00:00+00:00,9846.9972803770
2026-06-11T17:00:00+00:00,9842.8136457440
2026-06-11T18:00:00+00:00,9842.3223381895
2026-06-11T19:00:00+00:00,9841.6101948475
2026-06-11T20:00:00+00:00,9841.1782501795
2026-06-11T21:00:00+00:00,9838.1792302645
2026-06-12T13:00:00+00:00,9839.9192302645
2026-06-12T14:00:00+00:00,9840.3202301845
2026-06-12T15:00:00+00:00,9840.3202301845
2026-06-12T16:00:00+00:00,9824.7639224955
2026-06-12T17:00:00+00:00,9824.1968014255
2026-06-12T18:00:00+00:00,9831.7276374985
2026-06-12T19:00:00+00:00,9827.5176374985
2026-06-12T20:00:00+00:00,9827.3560816315
2026-06-12T21:00:00+00:00,9823.2672328975
2026-06-15T13:00:00+00:00,9836.1672328975
2026-06-15T14:00:00+00:00,9835.5529580905
2026-06-15T15:00:00+00:00,9835.5529580905
2026-06-15T16:00:00+00:00,9835.5529580905
2026-06-15T17:00:00+00:00,9835.5529580905
2026-06-15T18:00:00+00:00,9835.5529580905
2026-06-15T19:00:00+00:00,9831.8394769705
2026-06-15T20:00:00+00:00,9831.4279619335
2026-06-15T21:00:00+00:00,9829.1945768215
2026-06-16T13:00:00+00:00,9821.6345768215
2026-06-16T14:00:00+00:00,9828.3945768215
2026-06-16T15:00:00+00:00,9821.9645768215
2026-06-16T16:00:00+00:00,9822.0063375115
2026-06-16T17:00:00+00:00,9822.0063375115
2026-06-16T18:00:00+00:00,9822.0063375115
2026-06-16T19:00:00+00:00,9822.0063375115
2026-06-16T20:00:00+00:00,9820.7301469990
2026-06-16T21:00:00+00:00,9818.4455913820
2026-06-17T13:00:00+00:00,9818.4455913820
2026-06-17T14:00:00+00:00,9818.4455913820
2026-06-17T15:00:00+00:00,9818.4455913820
2026-06-17T16:00:00+00:00,9820.6960194210
2026-06-17T17:00:00+00:00,9825.9460194210
2026-06-17T18:00:00+00:00,9829.9960194210
2026-06-17T19:00:00+00:00,9820.1060194210
2026-06-17T20:00:00+00:00,9819.5852674870
2026-06-17T21:00:00+00:00,9819.5852674870
2026-06-18T14:00:00+00:00,9819.5852674870
2026-06-18T15:00:00+00:00,9819.5852674870
2026-06-18T16:00:00+00:00,9819.5852674870
2026-06-18T17:00:00+00:00,9824.2759683820
2026-06-18T18:00:00+00:00,9828.3159683820
2026-06-18T19:00:00+00:00,9826.3059683820
2026-06-18T20:00:00+00:00,9825.6225598360
2026-06-18T21:00:00+00:00,9824.9626398460
2026-06-22T13:00:00+00:00,9817.9426398460
2026-06-22T14:00:00+00:00,9838.8826398460
2026-06-22T15:00:00+00:00,9834.7626398460
2026-06-22T16:00:00+00:00,9834.0171843040
2026-06-22T17:00:00+00:00,9833.9575675060
2026-06-22T18:00:00+00:00,9833.0075675060
2026-06-22T19:00:00+00:00,9832.3784282710
2026-06-22T20:00:00+00:00,9832.3784282710
2026-06-23T14:00:00+00:00,9832.3784282710
2026-06-23T15:00:00+00:00,9832.3784282710
2026-06-23T16:00:00+00:00,9832.3784282710
2026-06-23T17:00:00+00:00,9832.3784282710
2026-06-23T18:00:00+00:00,9824.0761977550
2026-06-23T19:00:00+00:00,9823.6587238810
2026-06-23T20:00:00+00:00,9823.6587238810
2026-06-24T14:00:00+00:00,9823.6587238810
2026-06-24T15:00:00+00:00,9823.6587238810
2026-06-24T16:00:00+00:00,9817.2885035325
2026-06-24T17:00:00+00:00,9816.5920495735
2026-06-24T18:00:00+00:00,9816.5920495735
2026-06-24T19:00:00+00:00,9816.5920495735
2026-06-24T20:00:00+00:00,9816.5920495735
2026-06-24T21:00:00+00:00,9817.3403079315
2026-06-25T14:00:00+00:00,9806.1603079315
2026-06-25T15:00:00+00:00,9806.5041551140
2026-06-25T16:00:00+00:00,9807.5943936370
2026-06-25T17:00:00+00:00,9802.8743936370
2026-06-25T18:00:00+00:00,9802.4266149550
2026-06-25T19:00:00+00:00,9800.9572615120
2026-06-25T20:00:00+00:00,9800.3686788970
2026-06-25T21:00:00+00:00,9799.8977893260
2026-06-26T14:00:00+00:00,9797.5177893260
2026-06-26T15:00:00+00:00,9804.9077893260
2026-06-26T16:00:00+00:00,9818.3377893260
2026-06-26T17:00:00+00:00,9819.3677893260
2026-06-26T18:00:00+00:00,9817.7777893260
2026-06-26T19:00:00+00:00,9817.3562357920
2026-06-26T20:00:00+00:00,9817.3562357920
2026-06-29T14:00:00+00:00,9817.3562357920
2026-06-29T15:00:00+00:00,9828.4060366120
2026-06-29T16:00:00+00:00,9834.4760366120
2026-06-29T17:00:00+00:00,9840.6860366120
2026-06-29T18:00:00+00:00,9851.3660366120
2026-06-29T19:00:00+00:00,9853.9460366120
2026-06-29T20:00:00+00:00,9856.6060366120
2026-06-29T21:00:00+00:00,9855.2860366120
2026-06-30T14:00:00+00:00,9857.4760366120
2026-06-30T15:00:00+00:00,9861.6460366120
2026-06-30T16:00:00+00:00,9865.4860366120
2026-06-30T17:00:00+00:00,9869.3060366120
2026-06-30T18:00:00+00:00,9868.2560366120
2026-06-30T19:00:00+00:00,9868.0649103760
2026-06-30T20:00:00+00:00,9864.4085341815
2026-06-30T21:00:00+00:00,9862.0052721235
2026-07-01T13:00:00+00:00,9862.0052721235
2026-07-01T14:00:00+00:00,9862.0052721235
2026-07-01T15:00:00+00:00,9862.0052721235
2026-07-01T16:00:00+00:00,9866.7842935455
2026-07-01T17:00:00+00:00,9863.1142935455
2026-07-01T18:00:00+00:00,9863.2320502360
2026-07-01T19:00:00+00:00,9863.2320502360
2026-07-01T20:00:00+00:00,9861.8410476560
2026-07-01T21:00:00+00:00,9859.4118100960
2026-07-02T13:00:00+00:00,9859.4118100960
2026-07-02T14:00:00+00:00,9859.4118100960
2026-07-02T15:00:00+00:00,9859.4118100960
2026-07-02T16:00:00+00:00,9859.4118100960
2026-07-02T17:00:00+00:00,9843.8637682625
2026-07-02T18:00:00+00:00,9843.2749193365
2026-07-02T19:00:00+00:00,9844.2051401915
2026-07-02T20:00:00+00:00,9845.5451401915
2026-07-02T21:00:00+00:00,9846.6851401915
2026-07-06T13:00:00+00:00,9856.8251401915
2026-07-06T14:00:00+00:00,9862.8251401915
2026-07-06T15:00:00+00:00,9875.4051401915
2026-07-06T16:00:00+00:00,9888.1851401915
2026-07-06T17:00:00+00:00,9896.3451401915
2026-07-06T18:00:00+00:00,9888.9351401915
2026-07-06T19:00:00+00:00,9888.6876136555
2026-07-06T20:00:00+00:00,9894.7677720055
2026-07-07T13:00:00+00:00,9890.7877720055
2026-07-07T14:00:00+00:00,9881.2177720055
2026-07-07T15:00:00+00:00,9880.8721053145
2026-07-07T16:00:00+00:00,9880.8721053145
2026-07-07T17:00:00+00:00,9880.8721053145
2026-07-07T18:00:00+00:00,9878.5711924085
2026-07-07T19:00:00+00:00,9878.4612192430
2026-07-07T20:00:00+00:00,9878.4612192430
2026-07-07T21:00:00+00:00,9878.4612192430
2026-07-08T14:00:00+00:00,9878.4612192430
2026-07-08T15:00:00+00:00,9878.4612192430
2026-07-08T16:00:00+00:00,9878.4612192430
2026-07-08T17:00:00+00:00,9878.4612192430
2026-07-08T18:00:00+00:00,9873.3276657835
2026-07-08T19:00:00+00:00,9872.8270050085
2026-07-08T20:00:00+00:00,9872.8270050085
2026-07-08T21:00:00+00:00,9872.1153297055
2026-07-09T14:00:00+00:00,9876.8953297055
2026-07-09T15:00:00+00:00,9877.6153297055
2026-07-09T16:00:00+00:00,9885.0253297055
2026-07-09T17:00:00+00:00,9889.8153297055
2026-07-09T18:00:00+00:00,9896.2753297055
2026-07-09T19:00:00+00:00,9900.8253297055
2026-07-09T20:00:00+00:00,9899.3153297055
2026-07-10T13:00:00+00:00,9902.5553297055
2026-07-10T14:00:00+00:00,9905.9853297055
2026-07-10T15:00:00+00:00,9899.8953297055
2026-07-10T16:00:00+00:00,9899.1473663725
2026-07-10T17:00:00+00:00,9904.0859254225
2026-07-10T18:00:00+00:00,9896.8559254225
2026-07-10T19:00:00+00:00,9896.4555922870
2026-07-10T20:00:00+00:00,9896.4555922870
2026-07-10T21:00:00+00:00,9896.4555922870
2026-07-13T13:00:00+00:00,9896.4555922870
2026-07-13T14:00:00+00:00,9896.4555922870
2026-07-13T15:00:00+00:00,9896.4555922870
2026-07-13T16:00:00+00:00,9891.3681385025
2026-07-13T17:00:00+00:00,9890.8535540545
2026-07-13T18:00:00+00:00,9890.8535540545
2026-07-13T19:00:00+00:00,9890.8535540545
2026-07-13T20:00:00+00:00,9890.8535540545
2026-07-14T13:00:00+00:00,9890.8535540545
2026-07-14T14:00:00+00:00,9888.8546241470
2026-07-14T15:00:00+00:00,9888.5865599890
2026-07-14T16:00:00+00:00,9883.3877440910
2026-07-14T17:00:00+00:00,9882.7519357450
2026-07-14T18:00:00+00:00,9882.7519357450
2026-07-14T19:00:00+00:00,9884.0868881610
2026-07-14T20:00:00+00:00,9882.9268881610
2026-07-15T14:00:00+00:00,9887.6168881610
2026-07-15T15:00:00+00:00,9887.2486500175
2026-07-15T16:00:00+00:00,9887.2486500175
2026-07-15T17:00:00+00:00,9887.2486500175
2026-07-15T18:00:00+00:00,9887.2486500175
2026-07-15T19:00:00+00:00,9878.5297501125
2026-07-15T20:00:00+00:00,9878.0858556070
2026-07-16T14:00:00+00:00,9878.0858556070
2026-07-16T15:00:00+00:00,9878.0858556070
2026-07-16T16:00:00+00:00,9874.3925841710
2026-07-16T17:00:00+00:00,9873.7514254375
2026-07-16T18:00:00+00:00,9873.7514254375
2026-07-16T19:00:00+00:00,9873.7514254375
2026-07-16T20:00:00+00:00,9874.5729303995
2026-07-17T13:00:00+00:00,9858.0229303995
2026-07-17T14:00:00+00:00,9855.3729303995
2026-07-17T15:00:00+00:00,9854.7753425350
2026-07-17T16:00:00+00:00,9854.7753425350
2026-07-17T17:00:00+00:00,9857.0961002680
2026-07-17T18:00:00+00:00,9853.7761002680
2026-07-17T19:00:00+00:00,9853.3372465090
2026-07-17T20:00:00+00:00,9853.3372465090
2026-07-20T13:00:00+00:00,9853.3372465090
2026-07-20T14:00:00+00:00,9853.3372465090
2026-07-20T15:00:00+00:00,9853.3372465090
2026-07-20T16:00:00+00:00,9853.3372465090
2026-07-20T17:00:00+00:00,9850.7384211100
2026-07-20T18:00:00+00:00,9850.2909604015
2026-07-20T19:00:00+00:00,9846.0631550875
2026-07-20T20:00:00+00:00,9845.5177522075
2026-07-20T21:00:00+00:00,9845.5177522075
2026-07-21T13:00:00+00:00,9845.5177522075
2026-07-21T14:00:00+00:00,9845.5177522075
2026-07-21T15:00:00+00:00,9855.0444504355
2026-07-21T16:00:00+00:00,9851.7044504355
2026-07-21T17:00:00+00:00,9851.3471805445
2026-07-21T18:00:00+00:00,9851.3471805445
2026-07-21T19:00:00+00:00,9851.3471805445
2026-07-21T20:00:00+00:00,9851.3471805445
2026-07-21T21:00:00+00:00,9852.4527146755
2026-07-22T14:00:00+00:00,9852.6527146755
2026-07-22T15:00:00+00:00,9847.8027146755
2026-07-22T16:00:00+00:00,9847.3801603915
2026-07-22T17:00:00+00:00,9846.2861745625
2026-07-22T18:00:00+00:00,9845.6927323525
2026-07-22T19:00:00+00:00,9845.6927323525
2026-07-22T20:00:00+00:00,9845.6927323525
2026-07-22T21:00:00+00:00,9845.6927323525
2026-07-23T13:00:00+00:00,9845.6927323525
2026-07-23T14:00:00+00:00,9815.1027781925
2026-07-23T15:00:00+00:00,9815.1807168670
2026-07-23T16:00:00+00:00,9815.1807168670
2026-07-23T17:00:00+00:00,9806.6161721590
2026-07-23T18:00:00+00:00,9805.9465664635
2026-07-23T19:00:00+00:00,9805.9465664635
2026-07-23T20:00:00+00:00,9800.1481782685
2026-07-23T21:00:00+00:00,9800.7123342595
2026-07-24T14:00:00+00:00,9800.7123342595
2026-07-24T15:00:00+00:00,9800.7123342595
2026-07-24T16:00:00+00:00,9800.7123342595
2026-07-24T17:00:00+00:00,9800.7123342595
2026-07-24T18:00:00+00:00,9800.7123342595
2026-07-24T19:00:00+00:00,9799.7952238375
2026-07-24T20:00:00+00:00,9799.2084402400
2026-07-24T21:00:00+00:00,9798.3743632375
2026-07-27T13:00:00+00:00,9809.2043632375
2026-07-27T14:00:00+00:00,9786.2093632375
2026-07-27T15:00:00+00:00,9785.0082275860
2026-07-27T16:00:00+00:00,9785.0082275860
2026-07-27T17:00:00+00:00,9785.0082275860
2026-07-27T18:00:00+00:00,9785.0082275860
2026-07-27T19:00:00+00:00,9782.0829803192
2026-07-27T20:00:00+00:00,9781.5442384682
2026-07-28T13:00:00+00:00,9781.5442384682
2026-07-28T14:00:00+00:00,9781.5442384682
2026-07-28T15:00:00+00:00,9781.5442384682
2026-07-28T16:00:00+00:00,9798.0969928682
2026-07-28T17:00:00+00:00,9791.8269928682
2026-07-28T18:00:00+00:00,9791.0934490007
2026-07-28T19:00:00+00:00,9791.0934490007
2026-07-28T20:00:00+00:00,9791.0934490007
2026-07-28T21:00:00+00:00,9789.3704429207
2026-07-29T13:00:00+00:00,9791.1404429207
2026-07-29T14:00:00+00:00,9785.3804429207
2026-07-29T15:00:00+00:00,9785.0404987532
2026-07-29T16:00:00+00:00,9785.0404987532
2026-07-29T17:00:00+00:00,9785.0404987532
2026-07-29T18:00:00+00:00,9786.4313494112
2026-07-29T19:00:00+00:00,9799.1513494112
2026-07-29T20:00:00+00:00,9772.3463494112
2026-07-29T21:00:00+00:00,9770.0106600557
2026-07-30T13:00:00+00:00,9770.0106600557
2026-07-30T14:00:00+00:00,9783.1611236815
2026-07-30T15:00:00+00:00,9776.3661236815
2026-07-30T16:00:00+00:00,9775.6076643903
2026-07-30T17:00:00+00:00,9778.5235556351
2026-07-30T18:00:00+00:00,9782.5735556351
2026-07-30T19:00:00+00:00,9784.1035556351
2026-07-30T20:00:00+00:00,9785.7535556351
2026-07-30T21:00:00+00:00,9782.3635556351
2026-07-31T14:00:00+00:00,9779.5435556351
2026-07-31T15:00:00+00:00,9778.4521715876
2026-07-31T16:00:00+00:00,9774.0111862594
2026-07-31T17:00:00+00:00,9773.4576243934
2026-07-31T18:00:00+00:00,9776.5898119129
2026-07-31T19:00:00+00:00,9775.9298119129
2026-07-31T20:00:00+00:00,9775.5051935517
2026-07-31T21:00:00+00:00,9773.5371110487
2026-08-03T13:00:00+00:00,9782.8971110487
2026-08-03T14:00:00+00:00,9801.5271110487
2026-08-03T15:00:00+00:00,9811.5471110487
2026-08-03T16:00:00+00:00,9815.0721110487
2026-08-03T17:00:00+00:00,9805.0071110487
2026-08-03T18:00:00+00:00,9804.2661860465
2026-08-03T19:00:00+00:00,9807.1659256955
2026-08-03T20:00:00+00:00,9802.9059256955
2026-08-04T14:00:00+00:00,9801.8859256955
2026-08-04T15:00:00+00:00,9801.4867339655
2026-08-04T16:00:00+00:00,9801.3983593550
2026-08-04T17:00:00+00:00,9804.2933593550
2026-08-04T18:00:00+00:00,9805.9133593550
2026-08-04T19:00:00+00:00,9812.9333593550
2026-08-04T20:00:00+00:00,9810.8033593550
2026-08-04T21:00:00+00:00,9809.8243764410
2026-08-05T13:00:00+00:00,9809.8243764410
2026-08-05T14:00:00+00:00,9809.8243764410
2026-08-05T15:00:00+00:00,9802.7589676610
2026-08-05T16:00:00+00:00,9802.2375081200
2026-08-05T17:00:00+00:00,9802.2375081200
2026-08-05T18:00:00+00:00,9797.1097995650
2026-08-05T19:00:00+00:00,9796.7247979025
2026-08-05T20:00:00+00:00,9796.7247979025
2026-08-06T14:00:00+00:00,9796.7247979025
2026-08-06T15:00:00+00:00,9801.6682368597
2026-08-06T16:00:00+00:00,9794.3932368597
2026-08-06T17:00:00+00:00,9793.8777888177
2026-08-06T18:00:00+00:00,9793.8777888177
2026-08-06T19:00:00+00:00,9793.8777888177
2026-08-06T20:00:00+00:00,9795.8690450097
2026-08-06T21:00:00+00:00,9794.9240450097
2026-08-07T14:00:00+00:00,9817.4840450097
2026-08-07T15:00:00+00:00,9827.1290450097
2026-08-07T16:00:00+00:00,9831.7340450097
2026-08-07T17:00:00+00:00,9820.9040450097
2026-08-07T18:00:00+00:00,9820.4337662037
2026-08-07T19:00:00+00:00,9820.4337662037
2026-08-07T20:00:00+00:00,9821.4503974257
2026-08-07T21:00:00+00:00,9819.4803974257
2026-08-10T14:00:00+00:00,9822.9503974257
2026-08-10T15:00:00+00:00,9823.3203974257
2026-08-10T16:00:00+00:00,9823.0350603732
2026-08-10T17:00:00+00:00,9819.2276172557
2026-08-10T18:00:00+00:00,9818.9322262077
2026-08-10T19:00:00+00:00,9818.9322262077
2026-08-10T20:00:00+00:00,9818.9322262077
2026-08-11T13:00:00+00:00,9818.9322262077
2026-08-11T14:00:00+00:00,9818.9322262077
2026-08-11T15:00:00+00:00,9819.6616688307
2026-08-11T16:00:00+00:00,9816.9216688307
2026-08-11T17:00:00+00:00,9816.5221441272
2026-08-11T18:00:00+00:00,9816.5221441272
2026-08-11T19:00:00+00:00,9816.5221441272
2026-08-11T20:00:00+00:00,9817.5736149192
2026-08-12T14:00:00+00:00,9808.1436149192
2026-08-12T15:00:00+00:00,9807.6599937237
2026-08-12T16:00:00+00:00,9807.6599937237
2026-08-12T17:00:00+00:00,9809.9231988282
2026-08-12T18:00:00+00:00,9808.1981988282
2026-08-12T19:00:00+00:00,9807.5058897747
2026-08-12T20:00:00+00:00,9807.9133850687
2026-08-13T14:00:00+00:00,9818.7933850687
2026-08-13T15:00:00+00:00,9822.1733850687
2026-08-13T16:00:00+00:00,9819.2733850687
2026-08-13T17:00:00+00:00,9818.9336143857
2026-08-13T18:00:00+00:00,9818.1998287397
2026-08-13T19:00:00+00:00,9817.7363443662
2026-08-13T20:00:00+00:00,9818.5089764217
2026-08-13T21:00:00+00:00,9819.9789764217
2026-08-14T14:00:00+00:00,9838.1589764217
2026-08-14T15:00:00+00:00,9820.8889764217
2026-08-14T16:00:00+00:00,9820.4295705417
2026-08-14T17:00:00+00:00,9820.4295705417
2026-08-14T18:00:00+00:00,9820.4295705417
2026-08-14T19:00:00+00:00,9819.2197003887
2026-08-14T20:00:00+00:00,9818.6104984917
2026-08-17T14:00:00+00:00,9818.6104984917
2026-08-17T15:00:00+00:00,9818.6104984917
2026-08-17T16:00:00+00:00,9817.4302983112
2026-08-17T17:00:00+00:00,9817.3604244702
2026-08-17T18:00:00+00:00,9817.3604244702
2026-08-17T19:00:00+00:00,9817.3604244702
2026-08-17T20:00:00+00:00,9814.5918024212
2026-08-18T14:00:00+00:00,9814.3218024212
2026-08-18T15:00:00+00:00,9807.5518024212
2026-08-18T16:00:00+00:00,9807.1488880002
2026-08-18T17:00:00+00:00,9806.2110340152
2026-08-18T18:00:00+00:00,9805.7336079702
2026-08-18T19:00:00+00:00,9805.7336079702
2026-08-18T20:00:00+00:00,9805.7336079702
2026-08-19T14:00:00+00:00,9805.7336079702
2026-08-19T15:00:00+00:00,9824.2179321667
2026-08-19T16:00:00+00:00,9823.0179321667
2026-08-19T17:00:00+00:00,9822.6516808572
2026-08-19T18:00:00+00:00,9823.1649221302
2026-08-19T19:00:00+00:00,9824.2649221302
2026-08-19T20:00:00+00:00,9830.0149221302
2026-08-20T14:00:00+00:00,9818.0249221302
2026-08-20T15:00:00+00:00,9817.2609686292
2026-08-20T16:00:00+00:00,9817.2609686292
2026-08-20T17:00:00+00:00,9814.4260100522
2026-08-20T18:00:00+00:00,9814.0725365112
2026-08-20T19:00:00+00:00,9814.0725365112
2026-08-20T20:00:00+00:00,9817.4806621912
2026-08-20T21:00:00+00:00,9821.5606621912
2026-08-21T13:00:00+00:00,9825.4206621912
2026-08-21T14:00:00+00:00,9835.9806621912
2026-08-21T15:00:00+00:00,9849.3206621912
2026-08-21T16:00:00+00:00,9852.3406621912
2026-08-21T17:00:00+00:00,9855.8806621912
2026-08-21T18:00:00+00:00,9852.8006621912
2026-08-21T19:00:00+00:00,9852.0655544532
2026-08-21T20:00:00+00:00,9848.1080699992
2026-08-24T13:00:00+00:00,9844.4880699992
2026-08-24T14:00:00+00:00,9830.2280699992
2026-08-24T15:00:00+00:00,9830.1832694022
2026-08-24T16:00:00+00:00,9825.3233635797
2026-08-24T17:00:00+00:00,9825.0760791897
2026-08-24T18:00:00+00:00,9825.0760791897
2026-08-24T19:00:00+00:00,9825.0760791897
2026-08-24T20:00:00+00:00,9825.0760791897
2026-08-25T14:00:00+00:00,9825.0760791897
2026-08-25T15:00:00+00:00,9824.2145800677
2026-08-25T16:00:00+00:00,9823.7034691632
2026-08-25T17:00:00+00:00,9828.9992458142
2026-08-25T18:00:00+00:00,9822.9792458142
2026-08-25T19:00:00+00:00,9822.8151171612
2026-08-25T20:00:00+00:00,9822.8151171612
2026-08-26T14:00:00+00:00,9822.8151171612
2026-08-26T15:00:00+00:00,9811.5162942622
2026-08-26T16:00:00+00:00,9811.0341106137
2026-08-26T17:00:00+00:00,9812.0208621792
2026-08-26T18:00:00+00:00,9815.1308621792
2026-08-26T19:00:00+00:00,9814.0408621792
2026-08-26T20:00:00+00:00,9813.7955287932
2026-08-26T21:00:00+00:00,9813.7955287932
2026-08-27T13:00:00+00:00,9813.7955287932
2026-08-27T14:00:00+00:00,9822.5707802337
2026-08-27T15:00:00+00:00,9829.4907802337
2026-08-27T16:00:00+00:00,9827.3707802337
2026-08-27T17:00:00+00:00,9827.3274795117
2026-08-27T18:00:00+00:00,9827.7428361277
2026-08-27T19:00:00+00:00,9829.6228361277
2026-08-27T20:00:00+00:00,9828.5428361277
2026-08-27T21:00:00+00:00,9827.7574955757
2026-08-28T14:00:00+00:00,9827.7574955757
2026-08-28T15:00:00+00:00,9827.7574955757
2026-08-28T16:00:00+00:00,9827.7574955757
2026-08-28T17:00:00+00:00,9827.7574955757
2026-08-28T18:00:00+00:00,9827.7574955757
2026-08-28T19:00:00+00:00,9824.2310008707
2026-08-28T20:00:00+00:00,9823.8664114227
2026-08-28T21:00:00+00:00,9823.4485606047
2026-08-31T14:00:00+00:00,9847.4685606047
2026-08-31T15:00:00+00:00,9854.3085606047
2026-08-31T16:00:00+00:00,9857.8985606047
2026-08-31T17:00:00+00:00,9858.9785606047
2026-08-31T18:00:00+00:00,9863.8985606047
2026-08-31T19:00:00+00:00,9858.8185606047
2026-08-31T20:00:00+00:00,9858.1896731817
2026-08-31T21:00:00+00:00,9857.7481323897
2026-09-01T14:00:00+00:00,9839.3681323897
2026-09-01T15:00:00+00:00,9839.1375722727
2026-09-01T16:00:00+00:00,9839.1375722727
2026-09-01T17:00:00+00:00,9834.7970003947
2026-09-01T18:00:00+00:00,9834.0590320617
2026-09-01T19:00:00+00:00,9834.0590320617
2026-09-01T20:00:00+00:00,9834.0590320617
2026-09-02T14:00:00+00:00,9834.0590320617
2026-09-02T15:00:00+00:00,9834.0590320617
2026-09-02T16:00:00+00:00,9834.0590320617
2026-09-02T17:00:00+00:00,9835.7957327897
2026-09-02T18:00:00+00:00,9832.6157327897
2026-09-02T19:00:00+00:00,9832.2530800137
2026-09-02T20:00:00+00:00,9832.2530800137
2026-09-02T21:00:00+00:00,9831.8262284457
2026-09-03T13:00:00+00:00,9848.0862284457
2026-09-03T14:00:00+00:00,9865.0062284457
2026-09-03T15:00:00+00:00,9879.3762284457
2026-09-03T16:00:00+00:00,9885.9062284457
2026-09-03T17:00:00+00:00,9883.9462284457
2026-09-03T18:00:00+00:00,9883.7480226327
2026-09-03T19:00:00+00:00,9880.2690083847
2026-09-03T20:00:00+00:00,9879.8318704827
2026-09-03T21:00:00+00:00,9879.8318704827
2026-09-04T13:00:00+00:00,9879.8318704827
2026-09-04T14:00:00+00:00,9879.8318704827
2026-09-04T15:00:00+00:00,9879.8318704827
2026-09-04T16:00:00+00:00,9879.8318704827
2026-09-04T17:00:00+00:00,9879.8318704827
2026-09-04T18:00:00+00:00,9880.0094352827
2026-09-04T19:00:00+00:00,9883.8594352827
2026-09-04T20:00:00+00:00,9883.1894352827
2026-09-08T14:00:00+00:00,9895.8494352827
2026-09-08T15:00:00+00:00,9905.6494352827
2026-09-08T16:00:00+00:00,9910.9494352827
2026-09-08T17:00:00+00:00,9912.0594352827
2026-09-08T18:00:00+00:00,9906.9494352827
2026-09-08T19:00:00+00:00,9906.9103078797
2026-09-08T20:00:00+00:00,9908.6897871727
2026-09-09T14:00:00+00:00,9914.2897871727
2026-09-09T15:00:00+00:00,9915.0897871727
2026-09-09T16:00:00+00:00,9913.5697871727
2026-09-09T17:00:00+00:00,9913.1350742352
2026-09-09T18:00:00+00:00,9913.1350742352
2026-09-09T19:00:00+00:00,9912.7722613372
2026-09-09T20:00:00+00:00,9910.5122613372
2026-09-10T13:00:00+00:00,9901.1322613372
2026-09-10T14:00:00+00:00,9906.7722613372
2026-09-10T15:00:00+00:00,9909.9422613372
2026-09-10T16:00:00+00:00,9908.0422613372
2026-09-10T17:00:00+00:00,9908.0020720227
2026-09-10T18:00:00+00:00,9908.0020720227
2026-09-10T19:00:00+00:00,9908.0020720227
2026-09-10T20:00:00+00:00,9902.4025593997
2026-09-11T13:00:00+00:00,9904.5825593997
2026-09-11T14:00:00+00:00,9911.4025593997
2026-09-11T15:00:00+00:00,9905.1425593997
2026-09-11T16:00:00+00:00,9904.2848238807
2026-09-11T17:00:00+00:00,9902.9665593617
2026-09-11T18:00:00+00:00,9902.7887398497
2026-09-11T19:00:00+00:00,9902.5006553457
2026-09-11T20:00:00+00:00,9903.2406553457