timestamp,equity
2025-01-02T15:00:00+00:00,10000.0000000000
2025-01-02T16:00:00+00:00,9996.7256704750
2025-01-02T17:00:00+00:00,9996.5330558620
2025-01-02T18:00:00+00:00,9991.2353224700
2025-01-02T19:00:00+00:00,9990.7207136065
2025-01-02T20:00:00+00:00,9990.7207136065
2025-01-02T21:00:00+00:00,9992.8313884985
2025-01-02T22:00:00+00:00,9993.4113884985
2025-01-03T15:00:00+00:00,9996.2113884985
2025-01-03T16:00:00+00:00,9997.3713884985
2025-01-03T17:00:00+00:00,9998.8363884985
2025-01-03T18:00:00+00:00,9998.9413884985
2025-01-03T19:00:00+00:00,9999.5113884985
2025-01-03T20:00:00+00:00,10000.3013884985
2025-01-03T21:00:00+00:00,10000.1513884985
2025-01-06T15:00:00+00:00,10006.0613884985
2025-01-06T16:00:00+00:00,10007.1413884985
2025-01-06T17:00:00+00:00,10007.7313884985
2025-01-06T18:00:00+00:00,10005.9513884985
2025-01-06T19:00:00+00:00,10005.6027683860
2025-01-06T20:00:00+00:00,10005.6027683860
2025-01-06T21:00:00+00:00,10005.6027683860
2025-01-07T15:00:00+00:00,10005.6027683860
2025-01-07T16:00:00+00:00,10005.6027683860
2025-01-07T17:00:00+00:00,10005.6027683860
2025-01-07T18:00:00+00:00,10005.6027683860
2025-01-07T19:00:00+00:00,10005.3481928405
2025-01-07T20:00:00+00:00,10004.3381928405
2025-01-07T21:00:00+00:00,10004.0291953427
2025-01-07T22:00:00+00:00,10004.0291953427
2025-01-08T15:00:00+00:00,10004.0291953427
2025-01-08T16:00:00+00:00,10004.0291953427
2025-01-08T17:00:00+00:00,10004.6811379237
2025-01-08T18:00:00+00:00,10002.2561379237
2025-01-08T19:00:00+00:00,10002.1338532832
2025-01-08T20:00:00+00:00,10002.8813539107
2025-01-08T21:00:00+00:00,10003.6713539107
2025-01-10T14:00:00+00:00,9999.0313539107
2025-01-10T15:00:00+00:00,9997.1813539107
2025-01-10T16:00:00+00:00,9996.6617750447
2025-01-10T17:00:00+00:00,9996.6617750447
2025-01-10T18:00:00+00:00,9996.6617750447
2025-01-10T19:00:00+00:00,9999.3028519702
2025-01-10T20:00:00+00:00,9996.9328519702
2025-01-10T21:00:00+00:00,9996.5536330742
2025-01-10T22:00:00+00:00,9996.5536330742
2025-01-13T15:00:00+00:00,9996.5536330742
2025-01-13T16:00:00+00:00,9996.2819001822
2025-01-13T17:00:00+00:00,9994.3919001822
2025-01-13T18:00:00+00:00,9994.0413169832
2025-01-13T19:00:00+00:00,9994.3036360122
2025-01-13T20:00:00+00:00,9994.7436360122
2025-01-13T21:00:00+00:00,9995.6836360122
2025-01-14T15:00:00+00:00,9996.6036360122
2025-01-14T16:00:00+00:00,9996.2842491302
2025-01-14T17:00:00+00:00,9996.2842491302
2025-01-14T18:00:00+00:00,9996.2842491302
2025-01-14T19:00:00+00:00,9999.2961151214
2025-01-14T20:00:00+00:00,9996.3711151214
2025-01-14T21:00:00+00:00,9996.0927361554
2025-01-15T14:00:00+00:00,9996.0927361554
2025-01-15T15:00:00+00:00,9996.0927361554
2025-01-15T16:00:00+00:00,9995.0875605599
2025-01-15T17:00:00+00:00,9995.0126661369
2025-01-15T18:00:00+00:00,9995.0126661369
2025-01-15T19:00:00+00:00,9996.0279675811
2025-01-15T20:00:00+00:00,9996.9329675811
2025-01-15T21:00:00+00:00,9996.2929675811
2025-01-15T22:00:00+00:00,9995.9573352196
2025-01-16T15:00:00+00:00,9995.9573352196
2025-01-16T16:00:00+00:00,9995.9573352196
2025-01-16T17:00:00+00:00,9995.7162625494
2025-01-16T18:00:00+00:00,9995.1762625494
2025-01-16T19:00:00+00:00,9994.7605401954
2025-01-16T20:00:00+00:00,9994.7605401954
2025-01-16T21:00:00+00:00,9993.2247825514
2025-01-16T22:00:00+00:00,9992.5200021189
2025-01-17T15:00:00+00:00,9992.5200021189
2025-01-17T16:00:00+00:00,9992.5200021189
2025-01-17T17:00:00+00:00,9992.3961512171
2025-01-17T18:00:00+00:00,9993.0461512171
2025-01-17T19:00:00+00:00,9992.7061512171
2025-01-17T20:00:00+00:00,9992.4569671516
2025-01-17T21:00:00+00:00,9992.4569671516
2025-01-17T22:00:00+00:00,9992.4569671516
2025-01-21T15:00:00+00:00,9992.4569671516
2025-01-21T16:00:00+00:00,9992.3118291426
2025-01-21T17:00:00+00:00,9993.2568291426
2025-01-21T18:00:00+00:00,9994.3618291426
2025-01-21T19:00:00+00:00,9994.5318291426
2025-01-21T20:00:00+00:00,9994.0618291426
2025-01-21T21:00:00+00:00,9993.7355512516
2025-01-21T22:00:00+00:00,9993.3736910991
2025-01-22T15:00:00+00:00,9996.8036910991
2025-01-22T16:00:00+00:00,9996.8636910991
2025-01-22T17:00:00+00:00,9997.9536910991
2025-01-22T18:00:00+00:00,9997.6536910991
2025-01-22T19:00:00+00:00,9997.2393534631
2025-01-22T20:00:00+00:00,9997.2393534631
2025-01-22T21:00:00+00:00,9995.6848110871
2025-01-22T22:00:00+00:00,9995.3910014071
2025-01-23T15:00:00+00:00,9995.3910014071
2025-01-23T16:00:00+00:00,9995.7072450966
2025-01-23T17:00:00+00:00,9996.0822450966
2025-01-23T18:00:00+00:00,9996.4922450966
2025-01-23T19:00:00+00:00,9996.5672450966
2025-01-23T20:00:00+00:00,9996.7572450966
2025-01-23T21:00:00+00:00,9998.4472450966
2025-01-23T22:00:00+00:00,9997.9872450966
2025-01-24T15:00:00+00:00,9999.1372450966
2025-01-24T16:00:00+00:00,9998.0272450966
2025-01-24T17:00:00+00:00,9997.6117795546
2025-01-24T18:00:00+00:00,9996.3660550801
2025-01-24T19:00:00+00:00,9995.9709375091
2025-01-24T20:00:00+00:00,9995.9709375091
2025-01-24T21:00:00+00:00,9995.9709375091
2025-01-24T22:00:00+00:00,9995.5862151181
2025-01-27T14:00:00+00:00,9983.5062151181
2025-01-27T15:00:00+00:00,9986.3962151181
2025-01-27T16:00:00+00:00,9985.8712151181
2025-01-27T17:00:00+00:00,9985.4374390186
2025-01-27T18:00:00+00:00,9985.4374390186
2025-01-27T19:00:00+00:00,9985.4374390186
2025-01-27T20:00:00+00:00,9985.3694341874
2025-01-27T21:00:00+00:00,9987.9444341874
2025-01-27T22:00:00+00:00,9988.1144341874
2025-01-28T15:00:00+00:00,9987.3444341874
2025-01-28T16:00:00+00:00,9987.1250461389
2025-01-28T17:00:00+00:00,9986.0430899784
2025-01-28T18:00:00+00:00,9985.7565811066
2025-01-28T19:00:00+00:00,9985.2391809091
2025-01-28T20:00:00+00:00,9984.8919250996
2025-01-28T21:00:00+00:00,9983.9238318444
2025-01-29T15:00:00+00:00,9982.6838318444
2025-01-29T16:00:00+00:00,9982.3818700104
2025-01-29T17:00:00+00:00,9982.3818700104
2025-01-29T18:00:00+00:00,9982.3818700104
2025-01-29T19:00:00+00:00,9982.3818700104
2025-01-29T20:00:00+00:00,9982.3818700104
2025-01-29T21:00:00+00:00,9981.5404598954
2025-01-29T22:00:00+00:00,9981.1694039859
2025-01-30T15:00:00+00:00,9981.1694039859
2025-01-30T16:00:00+00:00,9977.5114637434
2025-01-30T17:00:00+00:00,9977.0156418144
2025-01-30T18:00:00+00:00,9976.0832896209
2025-01-30T19:00:00+00:00,9975.7513217874
2025-01-30T20:00:00+00:00,9976.0783275404
2025-01-30T21:00:00+00:00,9975.2283275404
2025-01-30T22:00:00+00:00,9975.2752437999
2025-01-31T15:00:00+00:00,9975.2752437999
2025-01-31T16:00:00+00:00,9976.2203293929
2025-01-31T17:00:00+00:00,9975.6353293929
2025-01-31T18:00:00+00:00,9975.3050198379
2025-01-31T19:00:00+00:00,9971.3145653859
2025-01-31T20:00:00+00:00,9970.6365356409
2025-01-31T21:00:00+00:00,9970.6365356409
2025-01-31T22:00:00+00:00,9970.6365356409
2025-02-03T14:00:00+00:00,9970.6365356409
2025-02-03T15:00:00+00:00,9970.0411500279
2025-02-03T16:00:00+00:00,9969.4161296154
2025-02-03T17:00:00+00:00,9968.6574497279
2025-02-03T18:00:00+00:00,9968.3290515969
2025-02-03T19:00:00+00:00,9969.5906897359
2025-02-03T20:00:00+00:00,9970.4106897359
2025-02-03T21:00:00+00:00,9968.4506897359
2025-02-03T22:00:00+00:00,9968.1620576244
2025-02-04T15:00:00+00:00,9968.1620576244
2025-02-04T16:00:00+00:00,9969.0025616689
2025-02-04T17:00:00+00:00,9970.0325616689
2025-02-04T18:00:00+00:00,9969.7125616689
2025-02-04T19:00:00+00:00,9969.3120037179
2025-02-04T20:00:00+00:00,9969.3120037179
2025-02-04T21:00:00+00:00,9969.1710616419
2025-02-04T22:00:00+00:00,9969.3510616419
2025-02-05T15:00:00+00:00,9967.5110616419
2025-02-05T16:00:00+00:00,9967.1710316469
2025-02-05T17:00:00+00:00,9968.8356266157
2025-02-05T18:00:00+00:00,9968.8256266157
2025-02-05T19:00:00+00:00,9969.0906266157
2025-02-05T20:00:00+00:00,9969.2506266157
2025-02-05T21:00:00+00:00,9970.3256266157
2025-02-06T15:00:00+00:00,9971.4156266157
2025-02-06T16:00:00+00:00,9971.0525188772
2025-02-06T17:00:00+00:00,9971.0525188772
2025-02-06T18:00:00+00:00,9971.1544016200
2025-02-06T19:00:00+00:00,9970.7194016200
2025-02-06T20:00:00+00:00,9970.2613838740
2025-02-06T21:00:00+00:00,9970.2613838740
2025-02-06T22:00:00+00:00,9968.9477595745
2025-02-07T15:00:00+00:00,9971.6327595745
2025-02-07T16:00:00+00:00,9967.2077595745
2025-02-07T17:00:00+00:00,9967.0756717510
2025-02-07T18:00:00+00:00,9967.0756717510
2025-02-07T19:00:00+00:00,9965.7243696450
2025-02-07T20:00:00+00:00,9965.3687187018
2025-02-07T21:00:00+00:00,9965.3687187018
2025-02-07T22:00:00+00:00,9965.3687187018
2025-02-10T14:00:00+00:00,9965.3687187018
2025-02-10T15:00:00+00:00,9964.3912224963
2025-02-10T16:00:00+00:00,9963.9092276651
2025-02-10T17:00:00+00:00,9962.9011494111
2025-02-10T18:00:00+00:00,9962.4035996261
2025-02-10T19:00:00+00:00,9962.5508213971
2025-02-10T20:00:00+00:00,9962.3908213971
2025-02-10T21:00:00+00:00,9962.3008213971
2025-02-11T14:00:00+00:00,9960.1708213971
2025-02-11T15:00:00+00:00,9960.7408213971
2025-02-11T16:00:00+00:00,9962.1508213971
2025-02-11T17:00:00+00:00,9961.6808213971
2025-02-11T18:00:00+00:00,9961.2783436061
2025-02-11T19:00:00+00:00,9961.2783436061
2025-02-11T20:00:00+00:00,9961.6104993716
2025-02-11T21:00:00+00:00,9961.4554993716
2025-02-12T14:00:00+00:00,9955.3954993716
2025-02-12T15:00:00+00:00,9954.2764832921
2025-02-12T16:00:00+00:00,9955.2457872366
2025-02-12T17:00:00+00:00,9956.1857872366
2025-02-12T18:00:00+00:00,9957.2057872366
2025-02-12T19:00:00+00:00,9956.0357872366
2025-02-12T20:00:00+00:00,9955.6139153951
2025-02-12T21:00:00+00:00,9954.5615031966
2025-02-12T22:00:00+00:00,9954.3494753681
2025-02-13T15:00:00+00:00,9954.3494753681
2025-02-13T16:00:00+00:00,9956.0064931221
2025-02-13T17:00:00+00:00,9955.1864931221
2025-02-13T18:00:00+00:00,9954.7728814256
2025-02-13T19:00:00+00:00,9955.4391491171
2025-02-13T20:00:00+00:00,9957.1591491171
2025-02-13T21:00:00+00:00,9957.9291491171
2025-02-13T22:00:00+00:00,9957.6391491171
2025-02-14T15:00:00+00:00,9958.7341491171
2025-02-14T16:00:00+00:00,9958.7441491171
2025-02-14T17:00:00+00:00,9958.4641491171
2025-02-14T18:00:00+00:00,9958.0680626269
2025-02-14T19:00:00+00:00,9958.0680626269
2025-02-14T20:00:00+00:00,9957.4467411027
2025-02-14T21:00:00+00:00,9956.9806936092
2025-02-14T22:00:00+00:00,9956.9806936092
2025-02-18T15:00:00+00:00,9956.9806936092
2025-02-18T16:00:00+00:00,9956.9806936092
2025-02-18T17:00:00+00:00,9956.3293480830
2025-02-18T18:00:00+00:00,9955.8433065890
2025-02-18T19:00:00+00:00,9954.7670660715
2025-02-18T20:00:00+00:00,9954.4163035543
2025-02-18T21:00:00+00:00,9955.6404110658
2025-02-18T22:00:00+00:00,9955.2804110658
2025-02-19T15:00:00+00:00,9954.1604110658
2025-02-19T16:00:00+00:00,9953.8244955613
2025-02-19T17:00:00+00:00,9955.0083750538
2025-02-19T18:00:00+00:00,9954.9833750538
2025-02-19T19:00:00+00:00,9954.4814816308
2025-02-19T20:00:00+00:00,9954.4814816308
2025-02-19T21:00:00+00:00,9954.0836689823
2025-02-20T15:00:00+00:00,9949.5536689823
2025-02-20T16:00:00+00:00,9949.1586714013
2025-02-20T17:00:00+00:00,9949.1586714013
2025-02-20T18:00:00+00:00,9949.3891740291
2025-02-20T19:00:00+00:00,9949.9991740291
2025-02-20T20:00:00+00:00,9951.2141740291
2025-02-20T21:00:00+00:00,9951.7591740291
2025-02-20T22:00:00+00:00,9951.5691740291
2025-02-21T15:00:00+00:00,9949.7891740291
2025-02-21T16:00:00+00:00,9948.9194434259
2025-02-21T17:00:00+00:00,9948.9194434259
2025-02-21T18:00:00+00:00,9948.9194434259
2025-02-21T19:00:00+00:00,9948.9194434259
2025-02-21T20:00:00+00:00,9948.9194434259
2025-02-21T21:00:00+00:00,9948.9194434259
2025-02-24T15:00:00+00:00,9948.9194434259
2025-02-24T16:00:00+00:00,9948.9194434259
2025-02-24T17:00:00+00:00,9948.9194434259
2025-02-24T18:00:00+00:00,9949.2944764311
2025-02-24T19:00:00+00:00,9949.3444764311
2025-02-24T20:00:00+00:00,9948.4344764311
2025-02-24T21:00:00+00:00,9948.1246144221
2025-02-24T22:00:00+00:00,9948.1246144221
2025-02-25T15:00:00+00:00,9948.1246144221
2025-02-25T16:00:00+00:00,9948.1246144221
2025-02-25T17:00:00+00:00,9948.1246144221
2025-02-25T18:00:00+00:00,9949.4587247671
2025-02-25T19:00:00+00:00,9949.3787247671
2025-02-25T20:00:00+00:00,9948.9619644996
2025-02-25T21:00:00+00:00,9947.6347667356
2025-02-25T22:00:00+00:00,9947.3981384571
2025-02-26T15:00:00+00:00,9947.3981384571
2025-02-26T16:00:00+00:00,9948.0794165661
2025-02-26T17:00:00+00:00,9947.2094165661
2025-02-26T18:00:00+00:00,9946.8056794633
2025-02-26T19:00:00+00:00,9946.8056794633
2025-02-26T20:00:00+00:00,9946.8056794633
2025-02-26T21:00:00+00:00,9948.1299638228
2025-02-26T22:00:00+00:00,9948.8399638228
2025-02-27T15:00:00+00:00,9946.1599638228
2025-02-27T16:00:00+00:00,9945.6645654418
2025-02-27T17:00:00+00:00,9944.4135257743
2025-02-27T18:00:00+00:00,9943.9881243935
2025-02-27T19:00:00+00:00,9943.6918657077
2025-02-27T20:00:00+00:00,9939.1968657077
2025-02-27T21:00:00+00:00,9938.7883601689
2025-02-27T22:00:00+00:00,9938.7883601689
2025-02-28T14:00:00+00:00,9938.7883601689
2025-02-28T15:00:00+00:00,9938.7883601689
2025-02-28T16:00:00+00:00,9941.4167848734
2025-02-28T17:00:00+00:00,9939.7167848734
2025-02-28T18:00:00+00:00,9939.5194072406
2025-02-28T19:00:00+00:00,9939.5194072406
2025-02-28T20:00:00+00:00,9943.8442510634
2025-02-28T21:00:00+00:00,9949.5192510634
2025-02-28T22:00:00+00:00,9949.4142510634
2025-03-03T15:00:00+00:00,9948.4042510634
2025-03-03T16:00:00+00:00,9947.3790146689
2025-03-03T17:00:00+00:00,9947.3483770349
2025-03-03T18:00:00+00:00,9946.3633770349
2025-03-03T19:00:00+00:00,9945.8782726294
2025-03-03T20:00:00+00:00,9945.8782726294
2025-03-03T21:00:00+00:00,9945.8782726294
2025-03-03T22:00:00+00:00,9945.8782726294
2025-03-04T14:00:00+00:00,9945.8782726294
2025-03-04T15:00:00+00:00,9945.8782726294
2025-03-04T16:00:00+00:00,9945.8782726294
2025-03-04T17:00:00+00:00,9945.8782726294
2025-03-04T18:00:00+00:00,9945.9526258279
2025-03-04T19:00:00+00:00,9949.7826258279
2025-03-04T20:00:00+00:00,9952.4176258279
2025-03-04T21:00:00+00:00,9946.3826258279
2025-03-04T22:00:00+00:00,9947.5556147479
2025-03-05T15:00:00+00:00,9947.5556147479
2025-03-05T16:00:00+00:00,9947.5556147479
2025-03-05T17:00:00+00:00,9946.5996259179
2025-03-05T18:00:00+00:00,9946.0791657087
2025-03-05T19:00:00+00:00,9946.4757016725
2025-03-05T20:00:00+00:00,9948.2057016725
2025-03-05T21:00:00+00:00,9948.0257016725
2025-03-06T15:00:00+00:00,9939.4457016725
2025-03-06T16:00:00+00:00,9938.8712043830
2025-03-06T17:00:00+00:00,9934.2338714410
2025-03-06T18:00:00+00:00,9933.6343231558
2025-03-06T19:00:00+00:00,9933.6343231558
2025-03-06T20:00:00+00:00,9933.6343231558
2025-03-06T21:00:00+00:00,9933.6343231558
2025-03-06T22:00:00+00:00,9933.2907405263
2025-03-07T15:00:00+00:00,9934.8407405263
2025-03-07T16:00:00+00:00,9931.5907405263
2025-03-07T17:00:00+00:00,9930.9384210553
2025-03-07T18:00:00+00:00,9930.9384210553
2025-03-07T19:00:00+00:00,9935.4711555355
2025-03-07T20:00:00+00:00,9935.2711555355
2025-03-07T21:00:00+00:00,9934.9561242905
2025-03-07T22:00:00+00:00,9934.8707235095
2025-03-11T13:00:00+00:00,9919.2607235095
2025-03-11T14:00:00+00:00,9918.7247095130
2025-03-11T15:00:00+00:00,9918.7247095130
2025-03-11T16:00:00+00:00,9918.7247095130
2025-03-11T17:00:00+00:00,9915.6003976560
2025-03-11T18:00:00+00:00,9915.2728123738
2025-03-11T19:00:00+00:00,9915.2728123738
2025-03-11T20:00:00+00:00,9909.7910493126
2025-03-11T21:00:00+00:00,9909.4474351161
2025-03-12T14:00:00+00:00,9909.4474351161
2025-03-12T15:00:00+00:00,9909.4474351161
2025-03-12T16:00:00+00:00,9909.4474351161
2025-03-12T17:00:00+00:00,9909.3821391771
2025-03-12T18:00:00+00:00,9908.3171391771
2025-03-12T19:00:00+00:00,9908.0073610776
2025-03-12T20:00:00+00:00,9905.5607150261
2025-03-12T21:00:00+00:00,9904.6557329436
2025-03-13T14:00:00+00:00,9904.6557329436
2025-03-13T15:00:00+00:00,9904.6557329436
2025-03-13T16:00:00+00:00,9900.1667031101
2025-03-13T17:00:00+00:00,9899.6703207276
2025-03-13T18:00:00+00:00,9896.7286850936
2025-03-13T19:00:00+00:00,9896.3936735968
2025-03-13T20:00:00+00:00,9893.9464169110
2025-03-13T21:00:00+00:00,9895.0346325620
2025-03-14T14:00:00+00:00,9895.0346325620
2025-03-14T15:00:00+00:00,9896.5496126460
2025-03-14T16:00:00+00:00,9898.5196126460
2025-03-14T17:00:00+00:00,9898.4846126460
2025-03-14T18:00:00+00:00,9897.9724827425
2025-03-14T19:00:00+00:00,9897.9724827425
2025-03-14T20:00:00+00:00,9898.8755306655
2025-03-14T21:00:00+00:00,9897.6955306655
2025-03-17T14:00:00+00:00,9901.8605306655
2025-03-17T15:00:00+00:00,9900.0855306655
2025-03-17T16:00:00+00:00,9899.7371708645
2025-03-17T17:00:00+00:00,9899.7371708645
2025-03-17T18:00:00+00:00,9901.8783856347
2025-03-17T19:00:00+00:00,9903.9933856347
2025-03-17T20:00:00+00:00,9901.8233856347
2025-03-17T21:00:00+00:00,9900.9735079602
2025-03-18T14:00:00+00:00,9900.9735079602
2025-03-18T15:00:00+00:00,9900.9735079602
2025-03-18T16:00:00+00:00,9899.4670059207
2025-03-18T17:00:00+00:00,9899.0063368955
2025-03-18T18:00:00+00:00,9898.5897928525
2025-03-18T19:00:00+00:00,9898.2433588910
2025-03-18T20:00:00+00:00,9897.6666348330
2025-03-18T21:00:00+00:00,9897.9497389100
2025-03-19T14:00:00+00:00,9897.9497389100
2025-03-19T15:00:00+00:00,9896.8312027010
2025-03-19T16:00:00+00:00,9896.4682058698
2025-03-19T17:00:00+00:00,9895.3137155813
2025-03-19T18:00:00+00:00,9894.8448488225
2025-03-19T19:00:00+00:00,9894.8448488225
2025-03-19T20:00:00+00:00,9893.3189094133
2025-03-20T14:00:00+00:00,9893.0589094133
2025-03-20T15:00:00+00:00,9895.5689094133
2025-03-20T16:00:00+00:00,9894.4739094133
2025-03-20T17:00:00+00:00,9894.0730808181
2025-03-20T18:00:00+00:00,9894.0730808181
2025-03-20T19:00:00+00:00,9894.0730808181
2025-03-20T20:00:00+00:00,9894.0730808181
2025-03-20T21:00:00+00:00,9893.7335425256
2025-03-21T14:00:00+00:00,9887.7135425256
2025-03-21T15:00:00+00:00,9889.3535425256
2025-03-21T16:00:00+00:00,9887.3235425256
2025-03-21T17:00:00+00:00,9886.8779724921
2025-03-21T18:00:00+00:00,9886.0699343246
2025-03-21T19:00:00+00:00,9885.9670934804
2025-03-21T20:00:00+00:00,9885.9670934804
2025-03-24T14:00:00+00:00,9885.9670934804
2025-03-24T15:00:00+00:00,9886.4284058422
2025-03-24T16:00:00+00:00,9886.6634058422
2025-03-24T17:00:00+00:00,9885.9884058422
2025-03-24T18:00:00+00:00,9885.5646044947
2025-03-24T19:00:00+00:00,9885.5646044947
2025-03-24T20:00:00+00:00,9885.7304698192
2025-03-24T21:00:00+00:00,9885.8704698192
2025-03-25T14:00:00+00:00,9886.3804698192
2025-03-25T15:00:00+00:00,9886.0356965527
2025-03-25T16:00:00+00:00,9884.4300407505
2025-03-25T17:00:00+00:00,9884.1101834910
2025-03-25T18:00:00+00:00,9882.9301667420
2025-03-25T19:00:00+00:00,9882.5607234480
2025-03-25T20:00:00+00:00,9882.5607234480
2025-03-26T14:00:00+00:00,9882.5607234480
2025-03-26T15:00:00+00:00,9882.5607234480
2025-03-26T16:00:00+00:00,9882.5607234480
2025-03-26T17:00:00+00:00,9882.5607234480
2025-03-26T18:00:00+00:00,9882.5607234480
2025-03-26T19:00:00+00:00,9882.5607234480
2025-03-26T20:00:00+00:00,9882.5607234480
2025-03-26T21:00:00+00:00,9882.0595410185
2025-03-27T14:00:00+00:00,9881.9395410185
2025-03-27T15:00:00+00:00,9884.3195410185
2025-03-27T16:00:00+00:00,9881.5795410185
2025-03-27T17:00:00+00:00,9881.1388594110
2025-03-27T18:00:00+00:00,9881.1388594110
2025-03-27T19:00:00+00:00,9881.1388594110
2025-03-27T20:00:00+00:00,9880.2382770315
2025-03-27T21:00:00+00:00,9880.3178354040
2025-03-28T14:00:00+00:00,9880.3178354040
2025-03-28T15:00:00+00:00,9880.3178354040
2025-03-28T16:00:00+00:00,9880.3178354040
2025-03-28T17:00:00+00:00,9880.3178354040
2025-03-28T18:00:00+00:00,9880.3178354040
2025-03-28T19:00:00+00:00,9880.3178354040
2025-03-28T20:00:00+00:00,9880.3178354040
2025-03-28T21:00:00+00:00,9880.3178354040
2025-03-31T14:00:00+00:00,9880.3178354040
2025-03-31T15:00:00+00:00,9880.3178354040
2025-03-31T16:00:00+00:00,9881.4467758180
2025-03-31T17:00:00+00:00,9881.6867758180
2025-03-31T18:00:00+00:00,9881.3867758180
2025-03-31T19:00:00+00:00,9881.0949074760
2025-03-31T20:00:00+00:00,9883.6260426562
2025-03-31T21:00:00+00:00,9882.6260426562
2025-04-01T13:00:00+00:00,9881.0460426562
2025-04-01T14:00:00+00:00,9881.5860426562
2025-04-01T15:00:00+00:00,9881.2617325177
2025-04-01T16:00:00+00:00,9882.9059805407
2025-04-01T17:00:00+00:00,9882.1459805407
2025-04-01T18:00:00+00:00,9881.7296005747
2025-04-01T19:00:00+00:00,9881.7296005747
2025-04-01T20:00:00+00:00,9881.7296005747
2025-04-02T14:00:00+00:00,9881.7296005747
2025-04-02T15:00:00+00:00,9885.0044786502
2025-04-02T16:00:00+00:00,9885.1944786502
2025-04-02T17:00:00+00:00,9888.5844786502
2025-04-02T18:00:00+00:00,9887.0044786502
2025-04-02T19:00:00+00:00,9886.6060828522
2025-04-02T20:00:00+00:00,9886.6060828522
2025-04-02T21:00:00+00:00,9879.4474026312
2025-04-03T13:00:00+00:00,9866.7574026312
2025-04-03T14:00:00+00:00,9866.7374026312
2025-04-03T15:00:00+00:00,9865.7408978422
2025-04-03T16:00:00+00:00,9865.7408978422
2025-04-03T17:00:00+00:00,9865.3447646667
2025-04-03T18:00:00+00:00,9865.0387158397
2025-04-03T19:00:00+00:00,9865.0387158397
2025-04-03T20:00:00+00:00,9865.0387158397
2025-04-03T21:00:00+00:00,9865.0387158397
2025-04-04T13:00:00+00:00,9865.0387158397
2025-04-04T14:00:00+00:00,9864.2945056577
2025-04-04T15:00:00+00:00,9863.5308757957
2025-04-04T16:00:00+00:00,9863.5308757957
2025-04-04T17:00:00+00:00,9863.5308757957
2025-04-04T18:00:00+00:00,9863.5308757957
2025-04-04T19:00:00+00:00,9856.4221020667
2025-04-04T20:00:00+00:00,9856.3473214672
2025-04-04T21:00:00+00:00,9856.3473214672
2025-04-07T13:00:00+00:00,9856.3473214672
2025-04-07T14:00:00+00:00,9863.4770762842
2025-04-07T15:00:00+00:00,9883.8770762842
2025-04-07T16:00:00+00:00,9871.0170762842
2025-04-07T17:00:00+00:00,9870.0579902122
2025-04-07T18:00:00+00:00,9870.0579902122
2025-04-07T19:00:00+00:00,9863.6924447522
2025-04-07T20:00:00+00:00,9863.2306819012
2025-04-07T21:00:00+00:00,9862.7366965712
2025-04-08T14:00:00+00:00,9878.9266965712
2025-04-08T15:00:00+00:00,9874.1866965712
2025-04-08T16:00:00+00:00,9873.7860604597
2025-04-08T17:00:00+00:00,9873.7860604597
2025-04-08T18:00:00+00:00,9873.7860604597
2025-04-08T19:00:00+00:00,9873.7860604597
2025-04-08T20:00:00+00:00,9873.7860604597
2025-04-08T21:00:00+00:00,9873.7860604597
2025-04-09T13:00:00+00:00,9873.7860604597
2025-04-09T14:00:00+00:00,9880.0748937812
2025-04-09T15:00:00+00:00,9873.1398937812
2025-04-09T16:00:00+00:00,9872.8439864422
2025-04-09T17:00:00+00:00,9878.4917936782
2025-04-09T18:00:00+00:00,9912.1767936782
2025-04-09T19:00:00+00:00,9908.2067936782
2025-04-09T20:00:00+00:00,9907.7383462177
2025-04-09T21:00:00+00:00,9908.1013309687
2025-04-10T13:00:00+00:00,9895.3113309687
2025-04-10T14:00:00+00:00,9895.5512936407
2025-04-10T15:00:00+00:00,9895.5512936407
2025-04-10T16:00:00+00:00,9895.5512936407
2025-04-10T17:00:00+00:00,9895.5512936407
2025-04-10T18:00:00+00:00,9899.6994416552
2025-04-10T19:00:00+00:00,9901.6194416552
2025-04-10T20:00:00+00:00,9900.1594416552
2025-04-10T21:00:00+00:00,9899.2850258587
2025-04-11T13:00:00+00:00,9899.2850258587
2025-04-11T14:00:00+00:00,9902.0760796987
2025-04-11T15:00:00+00:00,9899.1210796987
2025-04-11T16:00:00+00:00,9899.9963819257
2025-04-11T17:00:00+00:00,9904.7403415912
2025-04-11T18:00:00+00:00,9907.5203415912
2025-04-11T19:00:00+00:00,9905.1603415912
2025-04-11T20:00:00+00:00,9904.9609942057
2025-04-14T13:00:00+00:00,9904.9609942057
2025-04-14T14:00:00+00:00,9904.9609942057
2025-04-14T15:00:00+00:00,9904.9609942057
2025-04-14T16:00:00+00:00,9897.9154850822
2025-04-14T17:00:00+00:00,9897.4641398632
2025-04-14T18:00:00+00:00,9897.4641398632
2025-04-14T19:00:00+00:00,9898.7607309147
2025-04-14T20:00:00+00:00,9897.1507309147
2025-04-14T21:00:00+00:00,9895.7779998112
2025-04-15T14:00:00+00:00,9895.7779998112
2025-04-15T15:00:00+00:00,9894.4530247322
2025-04-15T16:00:00+00:00,9894.2286437662
2025-04-15T17:00:00+00:00,9892.0240167162
2025-04-15T18:00:00+00:00,9891.2508416497
2025-04-15T19:00:00+00:00,9891.2508416497
2025-04-15T20:00:00+00:00,9889.9526457189
2025-04-16T13:00:00+00:00,9884.9626457189
2025-04-16T14:00:00+00:00,9882.3126457189
2025-04-16T15:00:00+00:00,9881.8747442129
2025-04-16T16:00:00+00:00,9880.8252835934
2025-04-16T17:00:00+00:00,9880.2514671636
2025-04-16T18:00:00+00:00,9880.2514671636
2025-04-16T19:00:00+00:00,9880.2514671636
2025-04-16T20:00:00+00:00,9880.2514671636
2025-04-16T21:00:00+00:00,9879.9364409136
2025-04-17T14:00:00+00:00,9883.6264409136
2025-04-17T15:00:00+00:00,9879.9864409136
2025-04-17T16:00:00+00:00,9879.7613831706
2025-04-17T17:00:00+00:00,9882.4802108251
2025-04-17T18:00:00+00:00,9882.0952108251
2025-04-17T19:00:00+00:00,9881.7824983033
2025-04-17T20:00:00+00:00,9881.7824983033
2025-04-17T21:00:00+00:00,9881.7824983033
2025-04-21T13:00:00+00:00,9881.7824983033
2025-04-21T14:00:00+00:00,9878.6801722783
2025-04-21T15:00:00+00:00,9878.0997341503
2025-04-21T16:00:00+00:00,9878.0997341503
2025-04-21T17:00:00+00:00,9878.0997341503
2025-04-21T18:00:00+00:00,9875.4479105838
2025-04-21T19:00:00+00:00,9875.1025690310
2025-04-21T20:00:00+00:00,9875.1025690310
2025-04-21T21:00:00+00:00,9874.5542153370
2025-04-22T14:00:00+00:00,9882.8542153370
2025-04-22T15:00:00+00:00,9885.5042153370
2025-04-22T16:00:00+00:00,9887.0742153370
2025-04-22T17:00:00+00:00,9888.4842153370
2025-04-22T18:00:00+00:00,9882.7642153370
2025-04-22T19:00:00+00:00,9882.4561284298
2025-04-22T20:00:00+00:00,9882.2499980878
2025-04-22T21:00:00+00:00,9882.7999980878
2025-04-23T14:00:00+00:00,9898.6499980878
2025-04-23T15:00:00+00:00,9897.8099980878
2025-04-23T16:00:00+00:00,9897.6744052228
2025-04-23T17:00:00+00:00,9897.6744052228
2025-04-23T18:00:00+00:00,9897.3014463118
2025-04-23T19:00:00+00:00,9897.4932622460
2025-04-23T20:00:00+00:00,9897.4932622460
2025-04-24T13:00:00+00:00,9897.4932622460
2025-04-24T14:00:00+00:00,9900.7617134525
2025-04-24T15:00:00+00:00,9903.7617134525
2025-04-24T16:00:00+00:00,9903.9517134525
2025-04-24T17:00:00+00:00,9906.7417134525
2025-04-24T18:00:00+00:00,9906.6367134525
2025-04-24T19:00:00+00:00,9907.4067134525
2025-04-24T20:00:00+00:00,9907.7417134525
2025-04-24T21:00:00+00:00,9910.3617134525
2025-04-25T14:00:00+00:00,9906.4717134525
2025-04-25T15:00:00+00:00,9906.2245907150
2025-04-25T16:00:00+00:00,9906.4316393880
2025-04-25T17:00:00+00:00,9908.4466393880
2025-04-25T18:00:00+00:00,9907.2266393880
2025-04-25T19:00:00+00:00,9906.9679027850
2025-04-25T20:00:00+00:00,9907.4180132965
2025-04-25T21:00:00+00:00,9908.1880132965
2025-04-28T14:00:00+00:00,9907.2930132965
2025-04-28T15:00:00+00:00,9906.8678428130
2025-04-28T16:00:00+00:00,9903.5074612835
2025-04-28T17:00:00+00:00,9903.0390366545
2025-04-28T18:00:00+00:00,9903.0390366545
2025-04-28T19:00:00+00:00,9903.8403772685
2025-04-28T20:00:00+00:00,9906.0603772685
2025-04-29T13:00:00+00:00,9905.8603772685
2025-04-29T14:00:00+00:00,9905.6303772685
2025-04-29T15:00:00+00:00,9907.9103772685
2025-04-29T16:00:00+00:00,9906.7303772685
2025-04-29T17:00:00+00:00,9906.4593248585
2025-04-29T18:00:00+00:00,9906.4593248585
2025-04-29T19:00:00+00:00,9905.6764471210
2025-04-29T20:00:00+00:00,9905.3289038352
2025-04-29T21:00:00+00:00,9905.3289038352
2025-04-30T13:00:00+00:00,9905.3289038352
2025-04-30T14:00:00+00:00,9905.3289038352
2025-04-30T15:00:00+00:00,9905.3289038352
2025-04-30T16:00:00+00:00,9907.3256344817
2025-04-30T17:00:00+00:00,9907.4256344817
2025-04-30T18:00:00+00:00,9908.5106344817
2025-04-30T19:00:00+00:00,9907.4206344817
2025-04-30T20:00:00+00:00,9907.6906079862
2025-04-30T21:00:00+00:00,9907.3557380827
2025-05-01T13:00:00+00:00,9909.7357380827
2025-05-01T14:00:00+00:00,9908.1657380827
2025-05-01T15:00:00+00:00,9909.5893821147
2025-05-01T16:00:00+00:00,9906.1213199452
2025-05-01T17:00:00+00:00,9905.9850719682
2025-05-01T18:00:00+00:00,9905.9850719682
2025-05-01T19:00:00+00:00,9906.6586719372
2025-05-01T20:00:00+00:00,9903.4286719372
2025-05-01T21:00:00+00:00,9901.0948597572
2025-05-02T13:00:00+00:00,9901.0948597572
2025-05-02T14:00:00+00:00,9899.6359875202
2025-05-02T15:00:00+00:00,9899.4677417097
2025-05-02T16:00:00+00:00,9899.5682334197
2025-05-02T17:00:00+00:00,9900.7832334197
2025-05-02T18:00:00+00:00,9900.5682334197
2025-05-02T19:00:00+00:00,9900.2329147819
2025-05-02T20:00:00+00:00,9900.2329147819
2025-05-02T21:00:00+00:00,9900.2329147819
2025-05-05T13:00:00+00:00,9900.2329147819
2025-05-05T14:00:00+00:00,9900.2853266519
2025-05-05T15:00:00+00:00,9902.2853266519
2025-05-05T16:00:00+00:00,9902.3053266519
2025-05-05T17:00:00+00:00,9901.9663489024
2025-05-05T18:00:00+00:00,9901.8069726234
2025-05-05T19:00:00+00:00,9901.8619726234
2025-05-05T20:00:00+00:00,9899.6169726234
2025-05-05T21:00:00+00:00,9898.4493567604
2025-05-06T13:00:00+00:00,9898.4493567604
2025-05-06T14:00:00+00:00,9898.4493567604
2025-05-06T15:00:00+00:00,9898.4493567604
2025-05-06T16:00:00+00:00,9897.6028487204
2025-05-06T17:00:00+00:00,9897.3766367404
2025-05-06T18:00:00+00:00,9897.3766367404
2025-05-06T19:00:00+00:00,9897.3766367404
2025-05-06T20:00:00+00:00,9894.7099726874
2025-05-06T21:00:00+00:00,9893.2954105699
2025-05-07T14:00:00+00:00,9893.2954105699
2025-05-07T15:00:00+00:00,9891.2685785029
2025-05-07T16:00:00+00:00,9890.7579214767
2025-05-07T17:00:00+00:00,9891.7819894847
2025-05-07T18:00:00+00:00,9890.0619894847
2025-05-07T19:00:00+00:00,9889.6363834542
2025-05-07T20:00:00+00:00,9890.1701634382
2025-05-07T21:00:00+00:00,9890.1301634382
2025-05-08T13:00:00+00:00,9894.0101634382
2025-05-08T14:00:00+00:00,9893.0501634382
2025-05-08T15:00:00+00:00,9892.6617796392
2025-05-08T16:00:00+00:00,9892.6617796392
2025-05-08T17:00:00+00:00,9894.0106932177
2025-05-08T18:00:00+00:00,9891.5706932177
2025-05-08T19:00:00+00:00,9891.1701495987
2025-05-08T20:00:00+00:00,9887.5141501845
2025-05-09T13:00:00+00:00,9889.3141501845
2025-05-09T14:00:00+00:00,9888.6942845090
2025-05-09T15:00:00+00:00,9885.9090681600
2025-05-09T16:00:00+00:00,9885.5553843860
2025-05-09T17:00:00+00:00,9883.2310891138
2025-05-09T18:00:00+00:00,9882.7281402786
2025-05-09T19:00:00+00:00,9882.0739980191
2025-05-09T20:00:00+00:00,9881.7900682656
2025-05-09T21:00:00+00:00,9881.7900682656
2025-05-12T13:00:00+00:00,9881.7900682656
2025-05-12T14:00:00+00:00,9878.8612471996
2025-05-12T15:00:00+00:00,9878.6589451438
2025-05-12T16:00:00+00:00,9877.5315521968
2025-05-12T17:00:00+00:00,9877.2146671063
2025-05-12T18:00:00+00:00,9877.3259570495
2025-05-12T19:00:00+00:00,9877.2659570495
2025-05-12T20:00:00+00:00,9876.9370531273
2025-05-12T21:00:00+00:00,9876.3970439623
2025-05-13T13:00:00+00:00,9876.3470439623
2025-05-13T14:00:00+00:00,9876.0871831198
2025-05-13T15:00:00+00:00,9877.5009738548
2025-05-13T16:00:00+00:00,9878.1459738548
2025-05-13T17:00:00+00:00,9878.4009738548
2025-05-13T18:00:00+00:00,9878.3409738548
2025-05-13T19:00:00+00:00,9878.0132452513
2025-05-13T20:00:00+00:00,9875.8300618218
2025-05-13T21:00:00+00:00,9875.3381191528
2025-05-14T13:00:00+00:00,9875.3381191528
2025-05-14T14:00:00+00:00,9875.3381191528
2025-05-14T15:00:00+00:00,9875.3381191528
2025-05-14T16:00:00+00:00,9875.3805207720
2025-05-14T17:00:00+00:00,9874.8255207720
2025-05-14T18:00:00+00:00,9874.4880681455
2025-05-14T19:00:00+00:00,9874.4880681455
2025-05-14T20:00:00+00:00,9874.0955447710
2025-05-14T21:00:00+00:00,9873.6031881365
2025-05-15T13:00:00+00:00,9873.6031881365
2025-05-15T14:00:00+00:00,9873.5916908475
2025-05-15T15:00:00+00:00,9874.0916908475
2025-05-15T16:00:00+00:00,9876.5316908475
2025-05-15T17:00:00+00:00,9877.5816908475
2025-05-15T18:00:00+00:00,9877.3516908475
2025-05-15T19:00:00+00:00,9876.9278343380
2025-05-15T20:00:00+00:00,9876.9278343380
2025-05-15T21:00:00+00:00,9876.3235168140
2025-05-16T13:00:00+00:00,9877.3635168140
2025-05-16T14:00:00+00:00,9876.8988503720
2025-05-16T15:00:00+00:00,9876.8988503720
2025-05-16T16:00:00+00:00,9876.8988503720
2025-05-16T17:00:00+00:00,9877.8192148215
2025-05-16T18:00:00+00:00,9878.3442148215
2025-05-16T19:00:00+00:00,9879.0692148215
2025-05-16T20:00:00+00:00,9879.8142148215
2025-05-16T21:00:00+00:00,9877.1442148215
2025-05-19T13:00:00+00:00,9874.2242148215
2025-05-19T14:00:00+00:00,9876.7942148215
2025-05-19T15:00:00+00:00,9877.4392148215
2025-05-19T16:00:00+00:00,9878.5842148215
2025-05-19T17:00:00+00:00,9880.1042148215
2025-05-19T18:00:00+00:00,9879.9442148215
2025-05-19T19:00:00+00:00,9879.5576165405
2025-05-19T20:00:00+00:00,9879.5408628135
2025-05-19T21:00:00+00:00,9879.2408628135
2025-05-20T14:00:00+00:00,9877.5308628135
2025-05-20T15:00:00+00:00,9877.1851644575
2025-05-20T16:00:00+00:00,9877.3594788195
2025-05-20T17:00:00+00:00,9877.4394788195
2025-05-20T18:00:00+00:00,9877.0794788195
2025-05-20T19:00:00+00:00,9876.6787294677
2025-05-20T20:00:00+00:00,9876.6787294677
2025-05-21T14:00:00+00:00,9876.6787294677
2025-05-21T15:00:00+00:00,9876.8546339622
2025-05-21T16:00:00+00:00,9877.9746339622
2025-05-21T17:00:00+00:00,9877.7946339622
2025-05-21T18:00:00+00:00,9877.5396555462
2025-05-21T19:00:00+00:00,9877.5396555462
2025-05-21T20:00:00+00:00,9877.5396555462
2025-05-21T21:00:00+00:00,9877.5396555462
2025-05-22T13:00:00+00:00,9877.5396555462
2025-05-22T14:00:00+00:00,9877.5396555462
2025-05-22T15:00:00+00:00,9875.7590163287
2025-05-22T16:00:00+00:00,9875.5192274802
2025-05-22T17:00:00+00:00,9873.9186062642
2025-05-22T18:00:00+00:00,9873.6387514212
2025-05-22T19:00:00+00:00,9873.6274821512
2025-05-22T20:00:00+00:00,9870.9474821512
2025-05-22T21:00:00+00:00,9870.7875613137
2025-05-23T13:00:00+00:00,9870.7875613137
2025-05-23T14:00:00+00:00,9871.3520105202
2025-05-23T15:00:00+00:00,9871.6920105202
2025-05-23T16:00:00+00:00,9872.5820105202
2025-05-23T17:00:00+00:00,9873.4820105202
2025-05-23T18:00:00+00:00,9875.4520105202
2025-05-23T19:00:00+00:00,9875.2520105202
2025-05-23T20:00:00+00:00,9874.8236795502
2025-05-23T21:00:00+00:00,9874.8236795502
2025-05-27T13:00:00+00:00,9874.8236795502
2025-05-27T14:00:00+00:00,9874.8236795502
2025-05-27T15:00:00+00:00,9876.3419542422
2025-05-27T16:00:00+00:00,9877.2569542422
2025-05-27T17:00:00+00:00,9878.2619542422
2025-05-27T18:00:00+00:00,9879.3419542422
2025-05-27T19:00:00+00:00,9878.6719542422
2025-05-27T20:00:00+00:00,9878.3277617607
2025-05-27T21:00:00+00:00,9878.3730482037
2025-05-28T14:00:00+00:00,9877.6330482037
2025-05-28T15:00:00+00:00,9877.2686037432
2025-05-28T16:00:00+00:00,9877.2686037432
2025-05-28T17:00:00+00:00,9877.2686037432
2025-05-28T18:00:00+00:00,9876.6245742432
2025-05-28T19:00:00+00:00,9876.2707777287
2025-05-28T20:00:00+00:00,9873.9168682387
2025-05-28T21:00:00+00:00,9874.9134076962
2025-05-29T13:00:00+00:00,9874.9134076962
2025-05-29T14:00:00+00:00,9873.1178240667
2025-05-29T15:00:00+00:00,9872.8131336267
2025-05-29T16:00:00+00:00,9872.8131336267
2025-05-29T17:00:00+00:00,9872.8131336267
2025-05-29T18:00:00+00:00,9871.2492481387
2025-05-29T19:00:00+00:00,9870.9561115692
2025-05-29T20:00:00+00:00,9871.7327901282
2025-05-29T21:00:00+00:00,9871.7027901282
2025-05-30T13:00:00+00:00,9870.0027901282
2025-05-30T14:00:00+00:00,9868.7927901282
2025-05-30T15:00:00+00:00,9868.8603614997
2025-05-30T16:00:00+00:00,9867.7520880627
2025-05-30T17:00:00+00:00,9867.4393024639
2025-05-30T18:00:00+00:00,9867.4393024639
2025-05-30T19:00:00+00:00,9869.7976971659
2025-05-30T20:00:00+00:00,9870.4276971659
2025-05-30T21:00:00+00:00,9870.3676971659
2025-06-02T14:00:00+00:00,9867.9526971659
2025-06-02T15:00:00+00:00,9866.9660124754
2025-06-02T16:00:00+00:00,9867.0123190034
2025-06-02T17:00:00+00:00,9867.1673190034
2025-06-02T18:00:00+00:00,9867.1223190034
2025-06-02T19:00:00+00:00,9866.7134114982
2025-06-02T20:00:00+00:00,9867.2882659052
2025-06-02T21:00:00+00:00,9867.4782659052
2025-06-03T13:00:00+00:00,9866.2882659052
2025-06-03T14:00:00+00:00,9866.9982659052
2025-06-03T15:00:00+00:00,9868.8482659052
2025-06-03T16:00:00+00:00,9870.1382659052
2025-06-03T17:00:00+00:00,9871.0082659052
2025-06-03T18:00:00+00:00,9870.6182659052
2025-06-03T19:00:00+00:00,9870.2806117122
2025-06-03T20:00:00+00:00,9869.6977748950
2025-06-03T21:00:00+00:00,9869.1702346925
2025-06-04T13:00:00+00:00,9869.1702346925
2025-06-04T14:00:00+00:00,9869.1702346925
2025-06-04T15:00:00+00:00,9869.4020348450
2025-06-04T16:00:00+00:00,9868.7420348450
2025-06-04T17:00:00+00:00,9868.3639486880
2025-06-04T18:00:00+00:00,9868.3639486880
2025-06-04T19:00:00+00:00,9867.2552748010
2025-06-04T20:00:00+00:00,9866.9370866525
2025-06-04T21:00:00+00:00,9866.9370866525
2025-06-05T13:00:00+00:00,9866.9370866525
2025-06-05T14:00:00+00:00,9863.2084607695
2025-06-05T15:00:00+00:00,9862.8419224835
2025-06-05T16:00:00+00:00,9863.9434946170
2025-06-05T17:00:00+00:00,9859.9084946170
2025-06-05T18:00:00+00:00,9859.5017013522
2025-06-05T19:00:00+00:00,9858.5841795612
2025-06-05T20:00:00+00:00,9858.3569753307
2025-06-05T21:00:00+00:00,9858.3569753307
2025-06-06T13:00:00+00:00,9858.3569753307
2025-06-06T14:00:00+00:00,9859.6477733997
2025-06-06T15:00:00+00:00,9858.6627733997
2025-06-06T16:00:00+00:00,9858.2882413632
2025-06-06T17:00:00+00:00,9858.2882413632
2025-06-06T18:00:00+00:00,9858.2882413632
2025-06-06T19:00:00+00:00,9858.5887574087
2025-06-06T20:00:00+00:00,9857.8137574087
2025-06-06T21:00:00+00:00,9857.4693933582
2025-06-09T14:00:00+00:00,9857.4693933582
2025-06-09T15:00:00+00:00,9857.4693933582
2025-06-09T16:00:00+00:00,9857.4096333807
2025-06-09T17:00:00+00:00,9858.2046333807
2025-06-09T18:00:00+00:00,9858.5096333807
2025-06-09T19:00:00+00:00,9858.5696333807
2025-06-09T20:00:00+00:00,9856.9896333807
2025-06-09T21:00:00+00:00,9856.4501133432
2025-06-10T13:00:00+00:00,9856.4501133432
2025-06-10T14:00:00+00:00,9856.4501133432
2025-06-10T15:00:00+00:00,9856.6397473152
2025-06-10T16:00:00+00:00,9856.7697473152
2025-06-10T17:00:00+00:00,9857.6947473152
2025-06-10T18:00:00+00:00,9856.8397473152
2025-06-10T19:00:00+00:00,9856.4290213782
2025-06-10T20:00:00+00:00,9856.7825602590
2025-06-10T21:00:00+00:00,9856.3625602590
2025-06-11T13:00:00+00:00,9858.0125602590
2025-06-11T14:00:00+00:00,9857.5000824680
2025-06-11T15:00:00+00:00,9857.5000824680
2025-06-11T16:00:00+00:00,9856.0271842290
2025-06-11T17:00:00+00:00,9855.6450244115
2025-06-11T18:00:00+00:00,9855.6450244115
2025-06-11T19:00:00+00:00,9855.6450244115
2025-06-11T20:00:00+00:00,9855.6450244115
2025-06-11T21:00:00+00:00,9854.7438363150
2025-06-12T14:00:00+00:00,9854.0238363150
2025-06-12T15:00:00+00:00,9855.9938363150
2025-06-12T16:00:00+00:00,9855.8738363150
2025-06-12T17:00:00+00:00,9855.4174114362
2025-06-12T18:00:00+00:00,9855.4174114362
2025-06-12T19:00:00+00:00,9855.2554852782
2025-06-12T20:00:00+00:00,9855.6154852782
2025-06-12T21:00:00+00:00,9854.8354852782
2025-06-13T13:00:00+00:00,9849.8954852782
2025-06-13T14:00:00+00:00,9849.5666971797
2025-06-13T15:00:00+00:00,9849.5666971797
2025-06-13T16:00:00+00:00,9851.2421382189
2025-06-13T17:00:00+00:00,9851.0621382189
2025-06-13T18:00:00+00:00,9850.6115802679
2025-06-13T19:00:00+00:00,9850.6115802679
2025-06-13T20:00:00+00:00,9850.6115802679
2025-06-13T21:00:00+00:00,9850.6115802679
2025-06-16T13:00:00+00:00,9850.6115802679
2025-06-16T14:00:00+00:00,9852.4510582269
2025-06-16T15:00:00+00:00,9853.3510582269
2025-06-16T16:00:00+00:00,9852.5610582269
2025-06-16T17:00:00+00:00,9852.2092043839
2025-06-16T18:00:00+00:00,9852.2092043839
2025-06-16T19:00:00+00:00,9852.2092043839
2025-06-16T20:00:00+00:00,9852.0576772591
2025-06-16T21:00:00+00:00,9852.2126772591
2025-06-17T14:00:00+00:00,9850.1026772591
2025-06-17T15:00:00+00:00,9849.8726772591
2025-06-17T16:00:00+00:00,9849.4524312821
2025-06-17T17:00:00+00:00,9848.1369392436
2025-06-17T18:00:00+00:00,9847.7021252306
2025-06-17T19:00:00+00:00,9847.7021252306
2025-06-17T20:00:00+00:00,9846.7932053231
2025-06-18T13:00:00+00:00,9847.2832053231
2025-06-18T14:00:00+00:00,9848.3732053231
2025-06-18T15:00:00+00:00,9850.0332053231
2025-06-18T16:00:00+00:00,9848.9032053231
2025-06-18T17:00:00+00:00,9848.5234213076
2025-06-18T18:00:00+00:00,9848.5234213076
2025-06-18T19:00:00+00:00,9845.7436253271
2025-06-18T20:00:00+00:00,9845.4353111891
2025-06-20T13:00:00+00:00,9845.4353111891
2025-06-20T14:00:00+00:00,9844.0512502699
2025-06-20T15:00:00+00:00,9843.5929241329
2025-06-20T16:00:00+00:00,9843.5929241329
2025-06-20T17:00:00+00:00,9844.0361524044
2025-06-20T18:00:00+00:00,9842.6861524044
2025-06-20T19:00:00+00:00,9842.3597521069
2025-06-20T20:00:00+00:00,9842.3597521069
2025-06-23T14:00:00+00:00,9842.3597521069
2025-06-23T15:00:00+00:00,9841.6116242654
2025-06-23T16:00:00+00:00,9841.2338020864
2025-06-23T17:00:00+00:00,9841.2338020864
2025-06-23T18:00:00+00:00,9841.2338020864
2025-06-23T19:00:00+00:00,9840.8546601604
2025-06-23T20:00:00+00:00,9840.4656080839
2025-06-23T21:00:00+00:00,9840.2756680914
2025-06-24T14:00:00+00:00,9844.3456680914
2025-06-24T15:00:00+00:00,9843.8133462874
2025-06-24T16:00:00+00:00,9844.1953130372
2025-06-24T17:00:00+00:00,9845.0803130372
2025-06-24T18:00:00+00:00,9845.6553130372
2025-06-24T19:00:00+00:00,9845.7603130372
2025-06-24T20:00:00+00:00,9845.1953130372
2025-06-24T21:00:00+00:00,9844.9012513782
2025-06-25T14:00:00+00:00,9844.9012513782
2025-06-25T15:00:00+00:00,9844.1063129692
2025-06-25T16:00:00+00:00,9843.7416933567
2025-06-25T17:00:00+00:00,9843.7416933567
2025-06-25T18:00:00+00:00,9843.7416933567
2025-06-25T19:00:00+00:00,9843.7416933567
2025-06-25T20:00:00+00:00,9844.1678170362
2025-06-25T21:00:00+00:00,9843.8078170362
2025-06-26T13:00:00+00:00,9846.0378170362
2025-06-26T14:00:00+00:00,9846.0928170362
2025-06-26T15:00:00+00:00,9847.3178170362
2025-06-26T16:00:00+00:00,9847.4978170362
2025-06-26T17:00:00+00:00,9847.8078170362
2025-06-26T18:00:00+00:00,9848.2678170362
2025-06-26T19:00:00+00:00,9848.4128170362
2025-06-26T20:00:00+00:00,9848.8778170362
2025-06-27T14:00:00+00:00,9851.3278170362
2025-06-27T15:00:00+00:00,9851.7978170362
2025-06-27T16:00:00+00:00,9852.8678170362
2025-06-27T17:00:00+00:00,9852.9378170362
2025-06-27T18:00:00+00:00,9851.1678170362
2025-06-27T19:00:00+00:00,9850.6943907410
2025-06-27T20:00:00+00:00,9850.6943907410
2025-06-27T21:00:00+00:00,9850.2656780175
2025-06-30T13:00:00+00:00,9852.7856780175
2025-06-30T14:00:00+00:00,9852.8552868860
2025-06-30T15:00:00+00:00,9852.8552868860
2025-06-30T16:00:00+00:00,9852.8552868860
2025-06-30T17:00:00+00:00,9852.5553440600
2025-06-30T18:00:00+00:00,9851.8253440600
2025-06-30T19:00:00+00:00,9851.4508618528
2025-06-30T20:00:00+00:00,9851.9606610053
2025-07-01T13:00:00+00:00,9850.6106610053
2025-07-01T14:00:00+00:00,9851.3506610053
2025-07-01T15:00:00+00:00,9850.6356610053
2025-07-01T16:00:00+00:00,9850.2308098288
2025-07-01T17:00:00+00:00,9850.0005969803
2025-07-01T18:00:00+00:00,9851.4405969803
2025-07-01T19:00:00+00:00,9850.8405969803
2025-07-01T20:00:00+00:00,9850.4798518783
2025-07-01T21:00:00+00:00,9850.4798518783
2025-07-02T13:00:00+00:00,9850.4798518783
2025-07-02T14:00:00+00:00,9850.4798518783
2025-07-02T15:00:00+00:00,9850.4798518783
2025-07-02T16:00:00+00:00,9850.5735289373
2025-07-02T17:00:00+00:00,9850.8585289373
2025-07-02T18:00:00+00:00,9850.7185289373
2025-07-02T19:00:00+00:00,9850.3718869101
2025-07-02T20:00:00+00:00,9850.5649399171
2025-07-02T21:00:00+00:00,9850.2699399171
2025-07-03T13:00:00+00:00,9851.8299399171
2025-07-03T14:00:00+00:00,9854.2149399171
2025-07-03T15:00:00+00:00,9855.4099399171
2025-07-03T16:00:00+00:00,9856.0549399171
2025-07-03T17:00:00+00:00,9855.5499399171
2025-07-03T18:00:00+00:00,9855.3746051976
2025-07-07T13:00:00+00:00,9855.3746051976
2025-07-07T14:00:00+00:00,9855.3746051976
2025-07-07T15:00:00+00:00,9853.5804140176
2025-07-07T16:00:00+00:00,9853.2720981298
2025-07-07T17:00:00+00:00,9853.2720981298
2025-07-07T18:00:00+00:00,9853.2720981298
2025-07-07T19:00:00+00:00,9853.0650671298
2025-07-07T20:00:00+00:00,9853.8900671298
2025-07-07T21:00:00+00:00,9852.0800671298
2025-07-08T13:00:00+00:00,9854.0600671298
2025-07-08T14:00:00+00:00,9853.6000671298
2025-07-08T15:00:00+00:00,9853.1827051626
2025-07-08T16:00:00+00:00,9853.1827051626
2025-07-08T17:00:00+00:00,9852.5000141076
2025-07-08T18:00:00+00:00,9852.1175771466
2025-07-08T19:00:00+00:00,9851.1898920921
2025-07-08T20:00:00+00:00,9850.7926171176
2025-07-08T21:00:00+00:00,9850.7926171176
2025-07-09T14:00:00+00:00,9850.7926171176
2025-07-09T15:00:00+00:00,9847.6080419056
2025-07-09T16:00:00+00:00,9847.2252209766
2025-07-09T17:00:00+00:00,9846.9570348804
2025-07-09T18:00:00+00:00,9847.4070348804
2025-07-09T19:00:00+00:00,9848.3270348804
2025-07-09T20:00:00+00:00,9848.9620348804
2025-07-09T21:00:00+00:00,9848.8970348804
2025-07-10T14:00:00+00:00,9848.3320348804
2025-07-10T15:00:00+00:00,9847.9280410492
2025-07-10T16:00:00+00:00,9848.3880908060
2025-07-10T17:00:00+00:00,9848.2480908060
2025-07-10T18:00:00+00:00,9847.9127620860
2025-07-10T19:00:00+00:00,9847.2117797568
2025-07-10T20:00:00+00:00,9846.8160670688
2025-07-10T21:00:00+00:00,9846.8160670688
2025-07-11T13:00:00+00:00,9846.8160670688
2025-07-11T14:00:00+00:00,9846.8160670688
2025-07-11T15:00:00+00:00,9847.1271009076
2025-07-11T16:00:00+00:00,9846.9821009076
2025-07-11T17:00:00+00:00,9846.6328580971
2025-07-11T18:00:00+00:00,9846.3481988781
2025-07-11T19:00:00+00:00,9846.1981988781
2025-07-11T20:00:00+00:00,9845.8536200956
2025-07-11T21:00:00+00:00,9845.8536200956
2025-07-14T14:00:00+00:00,9845.8536200956
2025-07-14T15:00:00+00:00,9845.8536200956
2025-07-14T16:00:00+00:00,9845.9995309241
2025-07-14T17:00:00+00:00,9846.3195309241
2025-07-14T18:00:00+00:00,9846.7395309241
2025-07-14T19:00:00+00:00,9846.9895309241
2025-07-14T20:00:00+00:00,9846.7595309241
2025-07-14T21:00:00+00:00,9846.4347061621
2025-07-15T14:00:00+00:00,9846.4347061621
2025-07-15T15:00:00+00:00,9846.4347061621
2025-07-15T16:00:00+00:00,9846.4347061621
2025-07-15T17:00:00+00:00,9844.4647829211
2025-07-15T18:00:00+00:00,9844.0658940811
2025-07-15T19:00:00+00:00,9842.4311178523
2025-07-15T20:00:00+00:00,9841.9222410113
2025-07-16T13:00:00+00:00,9841.9222410113
2025-07-16T14:00:00+00:00,9840.2281278378
2025-07-16T15:00:00+00:00,9839.8348809443
2025-07-16T16:00:00+00:00,9839.1165178333
2025-07-16T17:00:00+00:00,9838.7634119281
2025-07-16T18:00:00+00:00,9838.4495387746
2025-07-16T19:00:00+00:00,9839.6645387746
2025-07-16T20:00:00+00:00,9839.5495387746
2025-07-16T21:00:00+00:00,9838.9551639751
2025-07-17T14:00:00+00:00,9838.9551639751
2025-07-17T15:00:00+00:00,9838.6246736869
2025-07-17T16:00:00+00:00,9840.0246736869
2025-07-17T17:00:00+00:00,9839.6546736869
2025-07-17T18:00:00+00:00,9839.2486190274
2025-07-17T19:00:00+00:00,9839.3971266556
2025-07-17T20:00:00+00:00,9839.4171266556
2025-07-18T13:00:00+00:00,9840.1571266556
2025-07-18T14:00:00+00:00,9840.0671266556
2025-07-18T15:00:00+00:00,9840.0497641051
2025-07-18T16:00:00+00:00,9840.0497641051
2025-07-18T17:00:00+00:00,9838.2728727001
2025-07-18T18:00:00+00:00,9837.9168720361
2025-07-18T19:00:00+00:00,9837.6355836813
2025-07-18T20:00:00+00:00,9838.0355836813
2025-07-18T21:00:00+00:00,9837.9455836813
2025-07-21T13:00:00+00:00,9839.3355836813
2025-07-21T14:00:00+00:00,9840.9655836813
2025-07-21T15:00:00+00:00,9841.4555836813
2025-07-21T16:00:00+00:00,9841.6155836813
2025-07-21T17:00:00+00:00,9841.7155836813
2025-07-21T18:00:00+00:00,9841.5955836813
2025-07-21T19:00:00+00:00,9841.2169252388
2025-07-21T20:00:00+00:00,9841.2169252388
2025-07-21T21:00:00+00:00,9841.2169252388
2025-07-22T14:00:00+00:00,9841.2169252388
2025-07-22T15:00:00+00:00,9841.2169252388
2025-07-22T16:00:00+00:00,9840.5251208410
2025-07-22T17:00:00+00:00,9840.1685562240
2025-07-22T18:00:00+00:00,9840.3168178318
2025-07-22T19:00:00+00:00,9841.2918178318
2025-07-22T20:00:00+00:00,9840.7268178318
2025-07-22T21:00:00+00:00,9840.4195392743
2025-07-23T13:00:00+00:00,9840.4195392743
2025-07-23T14:00:00+00:00,9840.4195392743
2025-07-23T15:00:00+00:00,9840.4195392743
2025-07-23T16:00:00+00:00,9841.3760697378
2025-07-23T17:00:00+00:00,9841.1460697378
2025-07-23T18:00:00+00:00,9840.8219673323
2025-07-23T19:00:00+00:00,9841.1674027045
2025-07-23T20:00:00+00:00,9842.0474027045
2025-07-23T21:00:00+00:00,9842.7274027045
2025-07-24T14:00:00+00:00,9842.9424027045
2025-07-24T15:00:00+00:00,9843.3874027045
2025-07-24T16:00:00+00:00,9843.4274027045
2025-07-24T17:00:00+00:00,9843.0261224805
2025-07-24T18:00:00+00:00,9843.0261224805
2025-07-24T19:00:00+00:00,9842.6549407180
2025-07-24T20:00:00+00:00,9841.8849407180
2025-07-24T21:00:00+00:00,9841.4543084400
2025-07-25T14:00:00+00:00,9841.4543084400
2025-07-25T15:00:00+00:00,9841.6181116762
2025-07-25T16:00:00+00:00,9841.7281116762
2025-07-25T17:00:00+00:00,9842.6381116762
2025-07-25T18:00:00+00:00,9842.9381116762
2025-07-25T19:00:00+00:00,9842.9931116762
2025-07-25T20:00:00+00:00,9842.8181116762
2025-07-25T21:00:00+00:00,9842.2060695157
2025-07-28T14:00:00+00:00,9842.2060695157
2025-07-28T15:00:00+00:00,9842.2060695157
2025-07-28T16:00:00+00:00,9842.2060695157
2025-07-28T17:00:00+00:00,9842.2060695157
2025-07-28T18:00:00+00:00,9842.2060695157
2025-07-28T19:00:00+00:00,9842.2060695157
2025-07-28T20:00:00+00:00,9842.2060695157
2025-07-28T21:00:00+00:00,9841.8038316652
2025-07-29T14:00:00+00:00,9842.7688316652
2025-07-29T15:00:00+00:00,9842.4060785640
2025-07-29T16:00:00+00:00,9842.4060785640
2025-07-29T17:00:00+00:00,9842.4060785640
2025-07-29T18:00:00+00:00,9841.5493807585
2025-07-29T19:00:00+00:00,9841.1130645375
2025-07-29T20:00:00+00:00,9841.1130645375
2025-07-29T21:00:00+00:00,9841.1130645375
2025-07-30T14:00:00+00:00,9841.1130645375
2025-07-30T15:00:00+00:00,9841.1130645375
2025-07-30T16:00:00+00:00,9840.6462977263
2025-07-30T17:00:00+00:00,9840.3046215353
2025-07-30T18:00:00+00:00,9840.1627167125
2025-07-30T19:00:00+00:00,9836.3677167125
2025-07-30T20:00:00+00:00,9835.9080563535
2025-07-30T21:00:00+00:00,9834.7152184530
2025-07-31T14:00:00+00:00,9836.9752184530
2025-07-31T15:00:00+00:00,9834.1352184530
2025-07-31T16:00:00+00:00,9833.7582752842
2025-07-31T17:00:00+00:00,9833.6357134067
2025-07-31T18:00:00+00:00,9829.2757134067
2025-07-31T19:00:00+00:00,9828.8856810787
2025-07-31T20:00:00+00:00,9826.1751113672
2025-07-31T21:00:00+00:00,9825.9858889717
2025-08-01T13:00:00+00:00,9825.9858889717
2025-08-01T14:00:00+00:00,9825.9858889717
2025-08-01T15:00:00+00:00,9825.9858889717
2025-08-01T16:00:00+00:00,9827.6426758732
2025-08-01T17:00:00+00:00,9825.0026758732
2025-08-01T18:00:00+00:00,9824.6198969407
2025-08-01T19:00:00+00:00,9824.6198969407
2025-08-01T20:00:00+00:00,9824.5770198702
2025-08-04T14:00:00+00:00,9831.8570198702
2025-08-04T15:00:00+00:00,9831.9370198702
2025-08-04T16:00:00+00:00,9831.5895733267
2025-08-04T17:00:00+00:00,9831.4315778297
2025-08-04T18:00:00+00:00,9831.0815778297
2025-08-04T19:00:00+00:00,9830.6587503179
2025-08-04T20:00:00+00:00,9831.4507788229
2025-08-04T21:00:00+00:00,9832.4607788229
2025-08-05T13:00:00+00:00,9832.4007788229
2025-08-05T14:00:00+00:00,9831.7217784089
2025-08-05T15:00:00+00:00,9827.4176428169
2025-08-05T16:00:00+00:00,9826.8060662009
2025-08-05T17:00:00+00:00,9827.2191567944
2025-08-05T18:00:00+00:00,9828.4491567944
2025-08-05T19:00:00+00:00,9826.7491567944
2025-08-05T20:00:00+00:00,9826.3421362154
2025-08-05T21:00:00+00:00,9826.3421362154
2025-08-06T13:00:00+00:00,9826.3421362154
2025-08-06T14:00:00+00:00,9825.4943867389
2025-08-06T15:00:00+00:00,9825.0570181889
2025-08-06T16:00:00+00:00,9826.4084166414
2025-08-06T17:00:00+00:00,9825.9234166414
2025-08-06T18:00:00+00:00,9825.5891042534
2025-08-06T19:00:00+00:00,9825.5891042534
2025-08-06T20:00:00+00:00,9825.3095126234
2025-08-06T21:00:00+00:00,9824.9595126234
2025-08-07T13:00:00+00:00,9829.0095126234
2025-08-07T14:00:00+00:00,9828.9275244584
2025-08-07T15:00:00+00:00,9828.9275244584
2025-08-07T16:00:00+00:00,9828.9275244584
2025-08-07T17:00:00+00:00,9828.9275244584
2025-08-07T18:00:00+00:00,9828.9275244584
2025-08-07T19:00:00+00:00,9828.9275244584
2025-08-07T20:00:00+00:00,9828.9275244584
2025-08-08T13:00:00+00:00,9828.9275244584
2025-08-08T14:00:00+00:00,9828.9275244584
2025-08-08T15:00:00+00:00,9828.5209646644
2025-08-08T16:00:00+00:00,9828.0945104549
2025-08-08T17:00:00+00:00,9827.9076776381
2025-08-08T18:00:00+00:00,9828.5776776381
2025-08-08T19:00:00+00:00,9828.6376776381
2025-08-08T20:00:00+00:00,9828.6376776381
2025-08-08T21:00:00+00:00,9828.8476776381
2025-08-11T13:00:00+00:00,9828.9976776381
2025-08-11T14:00:00+00:00,9828.4652275116
2025-08-11T15:00:00+00:00,9827.1875906278
2025-08-11T16:00:00+00:00,9826.7855664658
2025-08-11T17:00:00+00:00,9825.8978335740
2025-08-11T18:00:00+00:00,9825.5454494420
2025-08-11T19:00:00+00:00,9825.5454494420
2025-08-11T20:00:00+00:00,9825.5454494420
2025-08-12T13:00:00+00:00,9825.5454494420
2025-08-12T14:00:00+00:00,9823.9222695130
2025-08-12T15:00:00+00:00,9823.5498913805
2025-08-12T16:00:00+00:00,9824.4559133850
2025-08-12T17:00:00+00:00,9824.9609133850
2025-08-12T18:00:00+00:00,9825.3259133850
2025-08-12T19:00:00+00:00,9825.2809133850
2025-08-12T20:00:00+00:00,9824.8857364858
2025-08-12T21:00:00+00:00,9824.3400603488
2025-08-13T13:00:00+00:00,9826.1000603488
2025-08-13T14:00:00+00:00,9827.3650603488
2025-08-13T15:00:00+00:00,9825.6000603488
2025-08-13T16:00:00+00:00,9825.1838065393
2025-08-13T17:00:00+00:00,9825.1838065393
2025-08-13T18:00:00+00:00,9825.1838065393
2025-08-13T19:00:00+00:00,9825.2676563628
2025-08-13T20:00:00+00:00,9826.1876563628
2025-08-13T21:00:00+00:00,9826.3376563628
2025-08-14T13:00:00+00:00,9823.5676563628
2025-08-14T14:00:00+00:00,9823.1323384753
2025-08-14T15:00:00+00:00,9823.4308762728
2025-08-14T16:00:00+00:00,9822.7758762728
2025-08-14T17:00:00+00:00,9822.3195024733
2025-08-14T18:00:00+00:00,9822.4529742653
2025-08-14T19:00:00+00:00,9822.3629742653
2025-08-14T20:00:00+00:00,9821.8863064903
2025-08-14T21:00:00+00:00,9821.6294422543
2025-08-15T13:00:00+00:00,9822.8694422543
2025-08-15T14:00:00+00:00,9820.8794422543
2025-08-15T15:00:00+00:00,9820.0932544393
2025-08-15T16:00:00+00:00,9820.0932544393
2025-08-15T17:00:00+00:00,9820.0932544393
2025-08-15T18:00:00+00:00,9820.4067622343
2025-08-15T19:00:00+00:00,9819.8317622343
2025-08-15T20:00:00+00:00,9819.4602504463
2025-08-15T21:00:00+00:00,9819.4602504463
2025-08-18T13:00:00+00:00,9819.4602504463
2025-08-18T14:00:00+00:00,9819.4602504463
2025-08-18T15:00:00+00:00,9819.4602504463
2025-08-18T16:00:00+00:00,9818.5992892855
2025-08-18T17:00:00+00:00,9818.2436594240
2025-08-18T18:00:00+00:00,9818.2436594240
2025-08-18T19:00:00+00:00,9818.4879772865
2025-08-18T20:00:00+00:00,9818.3179772865
2025-08-18T21:00:00+00:00,9818.0520114530
2025-08-19T13:00:00+00:00,9818.0520114530
2025-08-19T14:00:00+00:00,9817.7963233150
2025-08-19T15:00:00+00:00,9816.1263233150
2025-08-19T16:00:00+00:00,9815.7316293755
2025-08-19T17:00:00+00:00,9815.7316293755
2025-08-19T18:00:00+00:00,9815.7316293755
2025-08-19T19:00:00+00:00,9814.6377173855
2025-08-19T20:00:00+00:00,9814.1793403363
2025-08-19T21:00:00+00:00,9813.9154463478
2025-08-20T13:00:00+00:00,9813.3454463478
2025-08-20T14:00:00+00:00,9809.3754463478
2025-08-20T15:00:00+00:00,9808.9343041123
2025-08-20T16:00:00+00:00,9808.9343041123
2025-08-20T17:00:00+00:00,9809.7031763543
2025-08-20T18:00:00+00:00,9810.5731763543
2025-08-20T19:00:00+00:00,9810.0731763543
2025-08-20T20:00:00+00:00,9809.8211221948
2025-08-21T13:00:00+00:00,9809.8211221948
2025-08-21T14:00:00+00:00,9809.1798444243
2025-08-21T15:00:00+00:00,9808.8637471851
2025-08-21T16:00:00+00:00,9806.8914073261
2025-08-21T17:00:00+00:00,9806.4900971046
2025-08-21T18:00:00+00:00,9806.4900971046
2025-08-21T19:00:00+00:00,9806.4185613126
2025-08-21T20:00:00+00:00,9805.8985613126
2025-08-21T21:00:00+00:00,9805.4372630901
2025-08-22T13:00:00+00:00,9805.4372630901
2025-08-22T14:00:00+00:00,9805.4372630901
2025-08-22T15:00:00+00:00,9812.0140171556
2025-08-22T16:00:00+00:00,9811.7740171556
2025-08-22T17:00:00+00:00,9811.4067914271
2025-08-22T18:00:00+00:00,9811.4067914271
2025-08-22T19:00:00+00:00,9810.6492611356
2025-08-22T20:00:00+00:00,9810.2919994101
2025-08-22T21:00:00+00:00,9810.2919994101
2025-08-25T13:00:00+00:00,9810.2919994101
2025-08-25T14:00:00+00:00,9810.6658312321
2025-08-25T15:00:00+00:00,9810.7658312321
2025-08-25T16:00:00+00:00,9810.3292414506
2025-08-25T17:00:00+00:00,9810.0422572046
2025-08-25T18:00:00+00:00,9809.5372572046
2025-08-25T19:00:00+00:00,9809.1755654316
2025-08-25T20:00:00+00:00,9809.1755654316
2025-08-25T21:00:00+00:00,9809.1755654316
2025-08-26T14:00:00+00:00,9809.1755654316
2025-08-26T15:00:00+00:00,9808.8049252976
2025-08-26T16:00:00+00:00,9808.8849252976
2025-08-26T17:00:00+00:00,9809.3899252976
2025-08-26T18:00:00+00:00,9808.9849252976
2025-08-26T19:00:00+00:00,9808.5342714381
2025-08-26T20:00:00+00:00,9809.4179052436
2025-08-26T21:00:00+00:00,9809.8579052436
2025-08-27T14:00:00+00:00,9809.6179052436
2025-08-27T15:00:00+00:00,9810.4629052436
2025-08-27T16:00:00+00:00,9810.7879052436
2025-08-27T17:00:00+00:00,9810.5479052436
2025-08-27T18:00:00+00:00,9810.1901455596
2025-08-27T19:00:00+00:00,9810.1120692226
2025-08-27T20:00:00+00:00,9809.6720692226
2025-08-27T21:00:00+00:00,9809.2941295536
2025-08-28T13:00:00+00:00,9809.2941295536
2025-08-28T14:00:00+00:00,9807.6407981954
2025-08-28T15:00:00+00:00,9807.2532904904
2025-08-28T16:00:00+00:00,9807.0451421474
2025-08-28T17:00:00+00:00,9807.6801421474
2025-08-28T18:00:00+00:00,9808.3851421474
2025-08-28T19:00:00+00:00,9808.9651421474
2025-08-28T20:00:00+00:00,9808.9451421474
2025-08-28T21:00:00+00:00,9808.4358825884
2025-08-29T13:00:00+00:00,9808.4358825884
2025-08-29T14:00:00+00:00,9805.7972362039
2025-08-29T15:00:00+00:00,9805.5399264824
2025-08-29T16:00:00+00:00,9805.5399264824
2025-08-29T17:00:00+00:00,9805.5399264824
2025-08-29T18:00:00+00:00,9805.1230922489
2025-08-29T19:00:00+00:00,9804.7463344814
2025-08-29T20:00:00+00:00,9804.7463344814
2025-08-29T21:00:00+00:00,9804.3292842299
2025-09-02T13:00:00+00:00,9797.1692842299
2025-09-02T14:00:00+00:00,9796.4568101054
2025-09-02T15:00:00+00:00,9794.7633781554
2025-09-02T16:00:00+00:00,9794.3957870406
2025-09-02T17:00:00+00:00,9794.3957870406
2025-09-02T18:00:00+00:00,9795.4636151956
2025-09-02T19:00:00+00:00,9795.1636151956
2025-09-02T20:00:00+00:00,9794.7708230976
2025-09-02T21:00:00+00:00,9796.1766230836
2025-09-03T13:00:00+00:00,9796.6166230836
2025-09-03T14:00:00+00:00,9796.5009872226
2025-09-03T15:00:00+00:00,9796.5009872226
2025-09-03T16:00:00+00:00,9794.5445880254
2025-09-03T17:00:00+00:00,9794.2641321494
2025-09-03T18:00:00+00:00,9794.2641321494
2025-09-03T19:00:00+00:00,9794.2641321494
2025-09-03T20:00:00+00:00,9794.2641321494
2025-09-03T21:00:00+00:00,9793.9378979659
2025-09-04T14:00:00+00:00,9795.2078979659
2025-09-04T15:00:00+00:00,9795.8528979659
2025-09-04T16:00:00+00:00,9796.4028979659
2025-09-04T17:00:00+00:00,9796.1478979659
2025-09-04T18:00:00+00:00,9795.7853512641
2025-09-04T19:00:00+00:00,9795.8119929036
2025-09-04T20:00:00+00:00,9797.2069929036
2025-09-04T21:00:00+00:00,9797.3169929036
2025-09-05T13:00:00+00:00,9798.3569929036
2025-09-05T14:00:00+00:00,9799.2569929036
2025-09-05T15:00:00+00:00,9798.6964854486
2025-09-05T16:00:00+00:00,9798.6964854486
2025-09-05T17:00:00+00:00,9799.0140091616
2025-09-05T18:00:00+00:00,9797.7390091616
2025-09-05T19:00:00+00:00,9797.3519394201
2025-09-05T20:00:00+00:00,9797.9041391061
2025-09-05T21:00:00+00:00,9797.4741391061
2025-09-08T14:00:00+00:00,9799.0391391061
2025-09-08T15:00:00+00:00,9798.6201765223
2025-09-08T16:00:00+00:00,9798.2455250541
2025-09-08T17:00:00+00:00,9797.3605250541
2025-09-08T18:00:00+00:00,9796.9714604789
2025-09-08T19:00:00+00:00,9796.9714604789
2025-09-08T20:00:00+00:00,9797.1675110691
2025-09-08T21:00:00+00:00,9797.1675110691
2025-09-09T14:00:00+00:00,9797.4325110691
2025-09-09T15:00:00+00:00,9797.1930265289
2025-09-09T16:00:00+00:00,9797.1930265289
2025-09-09T17:00:00+00:00,9797.1930265289
2025-09-09T18:00:00+00:00,9797.5435700769
2025-09-09T19:00:00+00:00,9797.6185700769
2025-09-09T20:00:00+00:00,9798.0235700769
2025-09-09T21:00:00+00:00,9797.8235700769
2025-09-10T13:00:00+00:00,9801.4735700769
2025-09-10T14:00:00+00:00,9801.3035700769
2025-09-10T15:00:00+00:00,9800.9214727544
2025-09-10T16:00:00+00:00,9800.9214727544
2025-09-10T17:00:00+00:00,9800.9214727544
2025-09-10T18:00:00+00:00,9800.9214727544
2025-09-10T19:00:00+00:00,9800.9214727544
2025-09-10T20:00:00+00:00,9800.9214727544
2025-09-10T21:00:00+00:00,9800.3401201444
2025-09-11T13:00:00+00:00,9802.5101201444
2025-09-11T14:00:00+00:00,9803.8651201444
2025-09-11T15:00:00+00:00,9804.9701201444
2025-09-11T16:00:00+00:00,9805.5451201444
2025-09-11T17:00:00+00:00,9805.4701201444
2025-09-11T18:00:00+00:00,9805.0658750009
2025-09-11T19:00:00+00:00,9804.6212941219
2025-09-11T20:00:00+00:00,9804.2168149979
2025-09-11T21:00:00+00:00,9803.9023121254
2025-09-12T13:00:00+00:00,9803.8823121254
2025-09-12T14:00:00+00:00,9804.3623121254
2025-09-12T15:00:00+00:00,9804.7373121254
2025-09-12T16:00:00+00:00,9804.0123121254
2025-09-12T17:00:00+00:00,9803.5977730064
2025-09-12T18:00:00+00:00,9803.5028921024
2025-09-12T19:00:00+00:00,9803.9228921024
2025-09-12T20:00:00+00:00,9802.6578921024
2025-09-12T21:00:00+00:00,9802.0385389679
2025-09-15T13:00:00+00:00,9802.0385389679
2025-09-15T14:00:00+00:00,9802.0385389679
2025-09-15T15:00:00+00:00,9801.8670979339
2025-09-15T16:00:00+00:00,9801.5820979339
2025-09-15T17:00:00+00:00,9801.1557769634
2025-09-15T18:00:00+00:00,9801.1557769634
2025-09-15T19:00:00+00:00,9800.0893899339
2025-09-15T20:00:00+00:00,9799.8034049354
2025-09-15T21:00:00+00:00,9799.2569218979
2025-09-16T14:00:00+00:00,9798.9469218979
2025-09-16T15:00:00+00:00,9798.3858799041
2025-09-16T16:00:00+00:00,9798.3858799041
2025-09-16T17:00:00+00:00,9798.3858799041
2025-09-16T18:00:00+00:00,9798.2799039089
2025-09-16T19:00:00+00:00,9798.6849039089
2025-09-16T20:00:00+00:00,9798.0149039089
2025-09-16T21:00:00+00:00,9797.6189789054
2025-09-17T14:00:00+00:00,9797.6189789054
2025-09-17T15:00:00+00:00,9797.6189789054
2025-09-17T16:00:00+00:00,9797.6189789054
2025-09-17T17:00:00+00:00,9797.6189789054
2025-09-17T18:00:00+00:00,9797.6189789054
2025-09-17T19:00:00+00:00,9794.7178168946
2025-09-17T20:00:00+00:00,9794.2632597771
2025-09-17T21:00:00+00:00,9793.8673167846
2025-09-18T14:00:00+00:00,9796.0573167846
2025-09-18T15:00:00+00:00,9796.7573167846
2025-09-18T16:00:00+00:00,9796.6123167846
2025-09-18T17:00:00+00:00,9796.1798139126
2025-09-18T18:00:00+00:00,9794.5513687116
2025-09-18T19:00:00+00:00,9794.1637218516
2025-09-18T20:00:00+00:00,9792.7557266881
2025-09-18T21:00:00+00:00,9792.6582238161
2025-09-19T14:00:00+00:00,9792.6582238161
2025-09-19T15:00:00+00:00,9792.6582238161
2025-09-19T16:00:00+00:00,9792.6582238161
2025-09-19T17:00:00+00:00,9792.6582238161
2025-09-19T18:00:00+00:00,9792.4506906911
2025-09-19T19:00:00+00:00,9792.8506906911
2025-09-19T20:00:00+00:00,9793.3006906911
2025-09-19T21:00:00+00:00,9793.2006906911
2025-09-22T13:00:00+00:00,9791.7206906911
2025-09-22T14:00:00+00:00,9793.2206906911
2025-09-22T15:00:00+00:00,9794.7906906911
2025-09-22T16:00:00+00:00,9794.3406906911
2025-09-22T17:00:00+00:00,9793.9419759201
2025-09-22T18:00:00+00:00,9793.4570965996
2025-09-22T19:00:00+00:00,9793.0923139176
2025-09-22T20:00:00+00:00,9792.7022065781
2025-09-22T21:00:00+00:00,9792.1722065781
2025-09-23T13:00:00+00:00,9792.5822065781
2025-09-23T14:00:00+00:00,9792.2322019146
2025-09-23T15:00:00+00:00,9791.2320225691
2025-09-23T16:00:00+00:00,9790.8472608853
2025-09-23T17:00:00+00:00,9790.8472608853
2025-09-23T18:00:00+00:00,9790.8472608853
2025-09-23T19:00:00+00:00,9790.8472608853
2025-09-23T20:00:00+00:00,9790.8472608853
2025-09-23T21:00:00+00:00,9790.4493077253
2025-09-24T13:00:00+00:00,9791.4893077253
2025-09-24T14:00:00+00:00,9790.2893077253
2025-09-24T15:00:00+00:00,9789.8165618735
2025-09-24T16:00:00+00:00,9789.8165618735
2025-09-24T17:00:00+00:00,9789.8165618735
2025-09-24T18:00:00+00:00,9789.5002348490
2025-09-24T19:00:00+00:00,9790.0252348490
2025-09-24T20:00:00+00:00,9790.0002348490
2025-09-24T21:00:00+00:00,9789.6136199030
2025-09-25T13:00:00+00:00,9789.6136199030
2025-09-25T14:00:00+00:00,9789.6136199030
2025-09-25T15:00:00+00:00,9789.6136199030
2025-09-25T16:00:00+00:00,9789.3333549670
2025-09-25T17:00:00+00:00,9788.3283549670
2025-09-25T18:00:00+00:00,9787.9436838590
2025-09-25T19:00:00+00:00,9787.9436838590
2025-09-25T20:00:00+00:00,9787.5339679688
2025-09-25T21:00:00+00:00,9787.3891768708
2025-09-26T13:00:00+00:00,9787.3891768708
2025-09-26T14:00:00+00:00,9787.3891768708
2025-09-26T15:00:00+00:00,9783.6720397788
2025-09-26T16:00:00+00:00,9783.2169967018
2025-09-26T17:00:00+00:00,9785.4267347660
2025-09-26T18:00:00+00:00,9785.4667347660
2025-09-26T19:00:00+00:00,9786.0467347660
2025-09-26T20:00:00+00:00,9785.8817347660
2025-09-26T21:00:00+00:00,9785.4996938555
2025-09-29T13:00:00+00:00,9785.4996938555
2025-09-29T14:00:00+00:00,9784.4255165935
2025-09-29T15:00:00+00:00,9784.1017658255
2025-09-29T16:00:00+00:00,9784.1017658255
2025-09-29T17:00:00+00:00,9784.1017658255
2025-09-29T18:00:00+00:00,9784.1017658255
2025-09-29T19:00:00+00:00,9784.1017658255
2025-09-29T20:00:00+00:00,9784.0237346590
2025-09-29T21:00:00+00:00,9783.8137346590
2025-09-30T13:00:00+00:00,9783.5537346590
2025-09-30T14:00:00+00:00,9783.4537346590
2025-09-30T15:00:00+00:00,9783.6137346590
2025-09-30T16:00:00+00:00,9783.3237346590
2025-09-30T17:00:00+00:00,9783.0159438110
2025-09-30T18:00:00+00:00,9783.0159438110
2025-09-30T19:00:00+00:00,9783.0159438110
2025-09-30T20:00:00+00:00,9784.2372465890
2025-10-01T13:00:00+00:00,9781.6572465890
2025-10-01T14:00:00+00:00,9781.8922465890
2025-10-01T15:00:00+00:00,9783.9522465890
2025-10-01T16:00:00+00:00,9785.1472465890
2025-10-01T17:00:00+00:00,9785.0872465890
2025-10-01T18:00:00+00:00,9784.7371039370
2025-10-01T19:00:00+00:00,9785.4812915388
2025-10-01T20:00:00+00:00,9784.9062915388
2025-10-01T21:00:00+00:00,9784.3003269553
2025-10-02T13:00:00+00:00,9784.3003269553
2025-10-02T14:00:00+00:00,9784.3003269553
2025-10-02T15:00:00+00:00,9784.3003269553
2025-10-02T16:00:00+00:00,9784.3003269553
2025-10-02T17:00:00+00:00,9783.9892955388
2025-10-02T18:00:00+00:00,9784.4692955388
2025-10-02T19:00:00+00:00,9784.9742955388
2025-10-02T20:00:00+00:00,9784.7192955388
2025-10-02T21:00:00+00:00,9784.4277730018
2025-10-03T14:00:00+00:00,9784.4277730018
2025-10-03T15:00:00+00:00,9785.3352594618
2025-10-03T16:00:00+00:00,9785.7352594618
2025-10-03T17:00:00+00:00,9785.4952594618
2025-10-03T18:00:00+00:00,9785.0019850708
2025-10-03T19:00:00+00:00,9785.0019850708
2025-10-03T20:00:00+00:00,9783.8899995748
2025-10-03T21:00:00+00:00,9783.4785130348
2025-10-06T14:00:00+00:00,9783.4785130348
2025-10-06T15:00:00+00:00,9783.4785130348
2025-10-06T16:00:00+00:00,9784.1310234968
2025-10-06T17:00:00+00:00,9784.0410234968
2025-10-06T18:00:00+00:00,9783.6280280826
2025-10-06T19:00:00+00:00,9783.1146624716
2025-10-06T20:00:00+00:00,9782.6514660741
2025-10-06T21:00:00+00:00,9782.6514660741
2025-10-07T13:00:00+00:00,9782.6514660741
2025-10-07T14:00:00+00:00,9782.6514660741
2025-10-07T15:00:00+00:00,9782.6514660741
2025-10-07T16:00:00+00:00,9782.6514660741
2025-10-07T17:00:00+00:00,9782.6514660741
2025-10-07T18:00:00+00:00,9782.2154166561
2025-10-07T19:00:00+00:00,9781.7994640716
2025-10-07T20:00:00+00:00,9781.5080126201
2025-10-07T21:00:00+00:00,9781.7980126201
2025-10-08T13:00:00+00:00,9782.1280126201
2025-10-08T14:00:00+00:00,9782.6680126201
2025-10-08T15:00:00+00:00,9782.2658661351
2025-10-08T16:00:00+00:00,9782.8427765471
2025-10-08T17:00:00+00:00,9782.8127765471
2025-10-08T18:00:00+00:00,9782.4391661841
2025-10-08T19:00:00+00:00,9782.4391661841
2025-10-08T20:00:00+00:00,9782.4391661841
2025-10-08T21:00:00+00:00,9782.2653145326
2025-10-09T14:00:00+00:00,9780.9453145326
2025-10-09T15:00:00+00:00,9780.4322501241
2025-10-09T16:00:00+00:00,9780.4322501241
2025-10-09T17:00:00+00:00,9780.4322501241
2025-10-09T18:00:00+00:00,9780.4322501241
2025-10-09T19:00:00+00:00,9779.7651056149
2025-10-09T20:00:00+00:00,9779.3831751119
2025-10-09T21:00:00+00:00,9778.4604515544
2025-10-10T13:00:00+00:00,9780.0604515544
2025-10-10T14:00:00+00:00,9780.9504515544
2025-10-10T15:00:00+00:00,9776.9604515544
2025-10-10T16:00:00+00:00,9776.5640040112
2025-10-10T17:00:00+00:00,9776.5640040112
2025-10-10T18:00:00+00:00,9776.5640040112
2025-10-10T19:00:00+00:00,9773.6681570267
2025-10-10T20:00:00+00:00,9773.2338998842
2025-10-13T13:00:00+00:00,9773.2338998842
2025-10-13T14:00:00+00:00,9773.2338998842
2025-10-13T15:00:00+00:00,9770.2161687427
2025-10-13T16:00:00+00:00,9769.8600517552
2025-10-13T17:00:00+00:00,9770.6971976034
2025-10-13T18:00:00+00:00,9769.6771976034
2025-10-13T19:00:00+00:00,9769.2992687669
2025-10-13T20:00:00+00:00,9769.2992687669
2025-10-13T21:00:00+00:00,9768.6013156069
2025-10-14T13:00:00+00:00,9761.3313156069
2025-10-14T14:00:00+00:00,9762.5513156069
2025-10-14T15:00:00+00:00,9762.0772864454
2025-10-14T16:00:00+00:00,9764.1663134504
2025-10-14T17:00:00+00:00,9766.1513134504
2025-10-14T18:00:00+00:00,9766.9013134504
2025-10-14T19:00:00+00:00,9766.7013134504
2025-10-14T20:00:00+00:00,9766.2924006959
2025-10-14T21:00:00+00:00,9766.2924006959
2025-10-15T13:00:00+00:00,9766.2924006959
2025-10-15T14:00:00+00:00,9766.8519633289
2025-10-15T15:00:00+00:00,9767.5769633289
2025-10-15T16:00:00+00:00,9763.8519633289
2025-10-15T17:00:00+00:00,9763.3478795887
2025-10-15T18:00:00+00:00,9763.3478795887
2025-10-15T19:00:00+00:00,9764.4192753745
2025-10-15T20:00:00+00:00,9763.7442753745
2025-10-16T13:00:00+00:00,9766.6742753745
2025-10-16T14:00:00+00:00,9765.4042753745
2025-10-16T15:00:00+00:00,9764.9343067080
2025-10-16T16:00:00+00:00,9761.9140013520
2025-10-16T17:00:00+00:00,9761.4453765735
2025-10-16T18:00:00+00:00,9761.4453765735
2025-10-16T19:00:00+00:00,9761.4453765735
2025-10-16T20:00:00+00:00,9761.4453765735
2025-10-17T13:00:00+00:00,9761.4453765735
2025-10-17T14:00:00+00:00,9762.2096255970
2025-10-17T15:00:00+00:00,9761.1146255970
2025-10-17T16:00:00+00:00,9760.6739285745
2025-10-17T17:00:00+00:00,9760.5768574880
2025-10-17T18:00:00+00:00,9761.4568574880
2025-10-17T19:00:00+00:00,9762.8868574880
2025-10-17T20:00:00+00:00,9762.8468574880
2025-10-17T21:00:00+00:00,9763.1179087365
2025-10-20T13:00:00+00:00,9763.1179087365
2025-10-20T14:00:00+00:00,9763.9574293660
2025-10-20T15:00:00+00:00,9766.4674293660
2025-10-20T16:00:00+00:00,9765.8574293660
2025-10-20T17:00:00+00:00,9765.4751208945
2025-10-20T18:00:00+00:00,9765.8424753435
2025-10-20T19:00:00+00:00,9765.7224753435
2025-10-20T20:00:00+00:00,9765.3095129265
2025-10-20T21:00:00+00:00,9765.3095129265
2025-10-21T14:00:00+00:00,9765.3095129265
2025-10-21T15:00:00+00:00,9765.3095129265
2025-10-21T16:00:00+00:00,9764.5659252970
2025-10-21T17:00:00+00:00,9764.1825969105
2025-10-21T18:00:00+00:00,9764.1825969105
2025-10-21T19:00:00+00:00,9763.5292373000
2025-10-21T20:00:00+00:00,9763.1061068970
2025-10-21T21:00:00+00:00,9763.1061068970
2025-10-22T14:00:00+00:00,9763.1061068970
2025-10-22T15:00:00+00:00,9763.1061068970
2025-10-22T16:00:00+00:00,9763.1061068970
2025-10-22T17:00:00+00:00,9763.1061068970
2025-10-22T18:00:00+00:00,9763.1061068970
2025-10-22T19:00:00+00:00,9763.1061068970
2025-10-22T20:00:00+00:00,9764.1162275765
2025-10-23T14:00:00+00:00,9766.1612275765
2025-10-23T15:00:00+00:00,9766.4962275765
2025-10-23T16:00:00+00:00,9766.5062275765
2025-10-23T17:00:00+00:00,9767.6912275765
2025-10-23T18:00:00+00:00,9768.6862275765
2025-10-23T19:00:00+00:00,9768.8462275765
2025-10-23T20:00:00+00:00,9767.8212275765
2025-10-23T21:00:00+00:00,9767.5432711590
2025-10-24T13:00:00+00:00,9767.5432711590
2025-10-24T14:00:00+00:00,9767.5432711590
2025-10-24T15:00:00+00:00,9766.5118632945
2025-10-24T16:00:00+00:00,9766.1408771295
2025-10-24T17:00:00+00:00,9765.6990492300
2025-10-24T18:00:00+00:00,9765.2623281262
2025-10-24T19:00:00+00:00,9764.9454522227
2025-10-24T20:00:00+00:00,9763.8854522227
2025-10-24T21:00:00+00:00,9763.5891600832
2025-10-27T14:00:00+00:00,9763.5891600832
2025-10-27T15:00:00+00:00,9762.7392479267
2025-10-27T16:00:00+00:00,9762.3996260647
2025-10-27T17:00:00+00:00,9762.3345488945
2025-10-27T18:00:00+00:00,9762.5295488945
2025-10-27T19:00:00+00:00,9762.7345488945
2025-10-27T20:00:00+00:00,9763.7995488945
2025-10-27T21:00:00+00:00,9763.9945488945
2025-10-28T13:00:00+00:00,9764.5545488945
2025-10-28T14:00:00+00:00,9764.2145488945
2025-10-28T15:00:00+00:00,9763.8631691790
2025-10-28T16:00:00+00:00,9763.1666128855
2025-10-28T17:00:00+00:00,9762.7502991645
2025-10-28T18:00:00+00:00,9762.8880348120
2025-10-28T19:00:00+00:00,9763.4580348120
2025-10-28T20:00:00+00:00,9762.2580348120
2025-10-28T21:00:00+00:00,9761.7459471555
2025-10-29T14:00:00+00:00,9761.7459471555
2025-10-29T15:00:00+00:00,9760.0471136723
2025-10-29T16:00:00+00:00,9759.5841500888
2025-10-29T17:00:00+00:00,9759.5841500888
2025-10-29T18:00:00+00:00,9758.6109526586
2025-10-29T19:00:00+00:00,9758.2531270636
2025-10-29T20:00:00+00:00,9758.2531270636
2025-10-30T13:00:00+00:00,9758.2531270636
2025-10-30T14:00:00+00:00,9758.2531270636
2025-10-30T15:00:00+00:00,9757.3871678198
2025-10-30T16:00:00+00:00,9757.0365140438
2025-10-30T17:00:00+00:00,9757.0365140438
2025-10-30T18:00:00+00:00,9756.5958338233
2025-10-30T19:00:00+00:00,9756.1852400423
2025-10-30T20:00:00+00:00,9756.1852400423
2025-10-30T21:00:00+00:00,9756.1852400423
2025-10-31T13:00:00+00:00,9756.1852400423
2025-10-31T14:00:00+00:00,9754.2042177933
2025-10-31T15:00:00+00:00,9753.7942059638
2025-10-31T16:00:00+00:00,9751.1384717388
2025-10-31T17:00:00+00:00,9750.5892368446
2025-10-31T18:00:00+00:00,9750.5892368446
2025-10-31T19:00:00+00:00,9751.9706988026
2025-10-31T20:00:00+00:00,9751.3706988026
2025-11-03T14:00:00+00:00,9753.7806988026
2025-11-03T15:00:00+00:00,9751.8706988026
2025-11-03T16:00:00+00:00,9751.3912569256
2025-11-03T17:00:00+00:00,9751.3912569256
2025-11-03T18:00:00+00:00,9751.4662007571
2025-11-03T19:00:00+00:00,9751.2212007571
2025-11-03T20:00:00+00:00,9750.8010749371
2025-11-03T21:00:00+00:00,9750.8010749371
2025-11-03T22:00:00+00:00,9750.8010749371
2025-11-04T14:00:00+00:00,9750.8010749371
2025-11-04T15:00:00+00:00,9750.8010749371
2025-11-04T16:00:00+00:00,9749.7237549966
2025-11-04T17:00:00+00:00,9749.3468869051
2025-11-04T18:00:00+00:00,9746.7699449961
2025-11-04T19:00:00+00:00,9746.2444447906
2025-11-04T20:00:00+00:00,9744.8937569861
2025-11-04T21:00:00+00:00,9744.5336767456
2025-11-04T22:00:00+00:00,9743.9784929831
2025-11-05T14:00:00+00:00,9744.6384929831
2025-11-05T15:00:00+00:00,9746.1484929831
2025-11-05T16:00:00+00:00,9746.7584929831
2025-11-05T17:00:00+00:00,9748.2584929831
2025-11-05T18:00:00+00:00,9749.1034929831
2025-11-05T19:00:00+00:00,9749.5534929831
2025-11-05T20:00:00+00:00,9749.1384929831
2025-11-05T21:00:00+00:00,9748.6953919943
2025-11-05T22:00:00+00:00,9748.6953919943
2025-11-06T14:00:00+00:00,9748.6953919943
2025-11-06T15:00:00+00:00,9748.6953919943
2025-11-06T16:00:00+00:00,9748.6953919943
2025-11-06T17:00:00+00:00,9748.6953919943
2025-11-06T18:00:00+00:00,9748.6953919943
2025-11-06T19:00:00+00:00,9748.7077074401
2025-11-06T20:00:00+00:00,9750.1977074401
2025-11-06T21:00:00+00:00,9747.4477074401
2025-11-06T22:00:00+00:00,9747.5952669796
2025-11-07T14:00:00+00:00,9747.5952669796
2025-11-07T15:00:00+00:00,9746.1698716161
2025-11-07T16:00:00+00:00,9745.8151309306
2025-11-07T17:00:00+00:00,9745.8151309306
2025-11-07T18:00:00+00:00,9745.8151309306
2025-11-07T19:00:00+00:00,9747.0367037311
2025-11-07T20:00:00+00:00,9751.3267037311
2025-11-07T21:00:00+00:00,9752.3467037311
2025-11-07T22:00:00+00:00,9753.1867037311
2025-11-10T14:00:00+00:00,9758.6067037311
2025-11-10T15:00:00+00:00,9758.5302316066
2025-11-10T16:00:00+00:00,9755.8430736796
2025-11-10T17:00:00+00:00,9755.3673934891
2025-11-10T18:00:00+00:00,9757.7513876581
2025-11-10T19:00:00+00:00,9758.1913876581
2025-11-10T20:00:00+00:00,9759.6413876581
2025-11-10T21:00:00+00:00,9759.6513876581
2025-11-10T22:00:00+00:00,9760.0813876581
2025-11-11T14:00:00+00:00,9758.2613876581
2025-11-11T15:00:00+00:00,9757.7435356486
2025-11-11T16:00:00+00:00,9755.7850936146
2025-11-11T17:00:00+00:00,9755.4875835766
2025-11-11T18:00:00+00:00,9757.5047205908
2025-11-11T19:00:00+00:00,9758.5547205908
2025-11-11T20:00:00+00:00,9758.4597205908
2025-11-11T21:00:00+00:00,9758.1098617486
2025-11-11T22:00:00+00:00,9758.1098617486
2025-11-12T14:00:00+00:00,9758.1098617486
2025-11-12T15:00:00+00:00,9756.3888034966
2025-11-12T16:00:00+00:00,9755.8786596781
2025-11-12T17:00:00+00:00,9755.8786596781
2025-11-12T18:00:00+00:00,9755.8786596781
2025-11-12T19:00:00+00:00,9755.4384414961
2025-11-12T20:00:00+00:00,9755.1082616806
2025-11-12T21:00:00+00:00,9755.1082616806
2025-11-12T22:00:00+00:00,9754.7681455071
2025-11-13T14:00:00+00:00,9752.6481455071
2025-11-13T15:00:00+00:00,9750.9501015136
2025-11-13T16:00:00+00:00,9750.9501015136
2025-11-13T17:00:00+00:00,9750.9501015136
2025-11-13T18:00:00+00:00,9750.9501015136
2025-11-13T19:00:00+00:00,9750.9501015136
2025-11-13T20:00:00+00:00,9750.9501015136
2025-11-13T21:00:00+00:00,9750.9501015136
2025-11-13T22:00:00+00:00,9750.2465498871
2025-11-14T14:00:00+00:00,9743.4065498871
2025-11-14T15:00:00+00:00,9743.4570791791
2025-11-14T16:00:00+00:00,9746.3659037506
2025-11-14T17:00:00+00:00,9749.2109037506
2025-11-14T18:00:00+00:00,9748.5409037506
2025-11-14T19:00:00+00:00,9747.9616094446
2025-11-14T20:00:00+00:00,9747.9616094446
2025-11-14T21:00:00+00:00,9744.8217737111
2025-11-14T22:00:00+00:00,9745.3930613566
2025-11-17T14:00:00+00:00,9745.3930613566
2025-11-17T15:00:00+00:00,9745.3930613566
2025-11-17T16:00:00+00:00,9742.9043537171
2025-11-17T17:00:00+00:00,9742.5719222559
2025-11-17T18:00:00+00:00,9738.3880886059
2025-11-17T19:00:00+00:00,9737.9266260639
2025-11-17T20:00:00+00:00,9737.9266260639
2025-11-17T21:00:00+00:00,9737.9266260639
2025-11-17T22:00:00+00:00,9737.6569327589
2025-11-18T14:00:00+00:00,9734.1369327589
2025-11-18T15:00:00+00:00,9730.0669327589
2025-11-18T16:00:00+00:00,9729.5718416859
2025-11-18T17:00:00+00:00,9729.5718416859
2025-11-18T18:00:00+00:00,9731.6551006269
2025-11-18T19:00:00+00:00,9731.0551006269
2025-11-18T20:00:00+00:00,9730.6273157784
2025-11-18T21:00:00+00:00,9726.0086545594
2025-11-18T22:00:00+00:00,9724.8730355304
2025-11-19T14:00:00+00:00,9724.8730355304
2025-11-19T15:00:00+00:00,9724.8730355304
2025-11-19T16:00:00+00:00,9721.7035642439
2025-11-19T17:00:00+00:00,9721.2458573889
2025-11-19T18:00:00+00:00,9721.2458573889
2025-11-19T19:00:00+00:00,9721.2458573889
2025-11-19T20:00:00+00:00,9719.2181802519
2025-11-19T21:00:00+00:00,9718.8315413079
2025-11-19T22:00:00+00:00,9721.8338581704
2025-11-20T14:00:00+00:00,9728.8038581704
2025-11-20T15:00:00+00:00,9730.5738581704
2025-11-20T16:00:00+00:00,9728.4538581704
2025-11-20T17:00:00+00:00,9727.9802718054
2025-11-20T18:00:00+00:00,9727.9802718054
2025-11-20T19:00:00+00:00,9727.9802718054
2025-11-20T20:00:00+00:00,9727.9802718054
2025-11-20T21:00:00+00:00,9721.9053789004
2025-11-20T22:00:00+00:00,9721.2940915104
2025-11-21T14:00:00+00:00,9721.2940915104
2025-11-21T15:00:00+00:00,9719.8307047309
2025-11-21T16:00:00+00:00,9719.8677674784
2025-11-21T17:00:00+00:00,9719.8677674784
2025-11-21T18:00:00+00:00,9718.7812904414
2025-11-21T19:00:00+00:00,9718.6651254579
2025-11-21T20:00:00+00:00,9717.5376043339
2025-11-21T21:00:00+00:00,9717.2355304261
2025-11-21T22:00:00+00:00,9717.2355304261
2025-11-24T14:00:00+00:00,9717.2355304261
2025-11-24T15:00:00+00:00,9717.2355304261
2025-11-24T16:00:00+00:00,9719.2570252201
2025-11-24T17:00:00+00:00,9720.1820252201
2025-11-24T18:00:00+00:00,9721.7670252201
2025-11-24T19:00:00+00:00,9721.9520252201
2025-11-24T20:00:00+00:00,9721.0170252201
2025-11-24T21:00:00+00:00,9720.5860966336
2025-11-25T14:00:00+00:00,9720.5860966336
2025-11-25T15:00:00+00:00,9720.5860966336
2025-11-25T16:00:00+00:00,9721.1847711926
2025-11-25T17:00:00+00:00,9723.0947711926
2025-11-25T18:00:00+00:00,9724.6847711926
2025-11-25T19:00:00+00:00,9725.2297711926
2025-11-25T20:00:00+00:00,9725.3197711926
2025-11-25T21:00:00+00:00,9724.9703988931
2025-11-25T22:00:00+00:00,9724.6352991376
2025-11-26T14:00:00+00:00,9726.6552991376
2025-11-26T15:00:00+00:00,9726.7952991376
2025-11-26T16:00:00+00:00,9728.9952991376
2025-11-26T17:00:00+00:00,9730.7952991376
2025-11-26T18:00:00+00:00,9730.5552991376
2025-11-26T19:00:00+00:00,9730.2666011986
2025-11-26T20:00:00+00:00,9730.2666011986
2025-11-26T21:00:00+00:00,9728.6880811581
2025-11-26T22:00:00+00:00,9728.3003191411
2025-11-28T14:00:00+00:00,9728.3003191411
2025-11-28T15:00:00+00:00,9728.3003191411
2025-11-28T16:00:00+00:00,9728.3003191411
2025-11-28T17:00:00+00:00,9728.2758570221
2025-11-28T18:00:00+00:00,9728.8708570221
2025-11-28T19:00:00+00:00,9728.5208570221
2025-12-01T14:00:00+00:00,9724.4008570221
2025-12-01T15:00:00+00:00,9726.9508570221
2025-12-01T16:00:00+00:00,9727.1608570221
2025-12-01T17:00:00+00:00,9727.4358570221
2025-12-01T18:00:00+00:00,9727.5358570221
2025-12-01T19:00:00+00:00,9728.3658570221
2025-12-01T20:00:00+00:00,9725.6308570221
2025-12-01T21:00:00+00:00,9725.2927770316
2025-12-01T22:00:00+00:00,9725.0747070286
2025-12-02T14:00:00+00:00,9726.8147070286
2025-12-02T15:00:00+00:00,9727.1547070286
2025-12-02T16:00:00+00:00,9726.7753251466
2025-12-02T17:00:00+00:00,9723.4401999724
2025-12-02T18:00:00+00:00,9723.0618800019
2025-12-02T19:00:00+00:00,9723.0618800019
2025-12-02T20:00:00+00:00,9723.9081949477
2025-12-02T21:00:00+00:00,9723.0081949477
2025-12-02T22:00:00+00:00,9722.7192930257
2025-12-03T14:00:00+00:00,9722.7192930257
2025-12-03T15:00:00+00:00,9720.8198189057
2025-12-03T16:00:00+00:00,9720.3413489477
2025-12-03T17:00:00+00:00,9719.7168778279
2025-12-03T18:00:00+00:00,9719.3325889381
2025-12-03T19:00:00+00:00,9718.9622207436
2025-12-03T20:00:00+00:00,9719.6472207436
2025-12-03T21:00:00+00:00,9718.8422207436
2025-12-03T22:00:00+00:00,9718.4619509356
2025-12-04T14:00:00+00:00,9718.4619509356
2025-12-04T15:00:00+00:00,9718.4619509356
2025-12-04T16:00:00+00:00,9718.4619509356
2025-12-04T17:00:00+00:00,9719.0918767656
2025-12-04T18:00:00+00:00,9718.9568767656
2025-12-04T19:00:00+00:00,9718.5263399798
2025-12-04T20:00:00+00:00,9718.5263399798
2025-12-04T21:00:00+00:00,9718.5263399798
2025-12-04T22:00:00+00:00,9717.9556417578
2025-12-05T14:00:00+00:00,9717.7356417578
2025-12-05T15:00:00+00:00,9717.8349339863
2025-12-05T16:00:00+00:00,9717.1126696338
2025-12-05T17:00:00+00:00,9716.7906059753
2025-12-05T18:00:00+00:00,9716.7906059753
2025-12-05T19:00:00+00:00,9716.2687736588
2025-12-05T20:00:00+00:00,9715.8670699703
2025-12-05T21:00:00+00:00,9714.8753156603
2025-12-05T22:00:00+00:00,9714.6138879488
2025-12-08T14:00:00+00:00,9714.6138879488
2025-12-08T15:00:00+00:00,9712.6716776008
2025-12-08T16:00:00+00:00,9712.2604538723
2025-12-08T17:00:00+00:00,9712.2604538723
2025-12-08T18:00:00+00:00,9712.2604538723
2025-12-08T19:00:00+00:00,9709.7299656678
2025-12-08T20:00:00+00:00,9709.4607337733
2025-12-08T21:00:00+00:00,9710.3312596533
2025-12-08T22:00:00+00:00,9710.7312596533
2025-12-09T14:00:00+00:00,9709.9112596533
2025-12-09T15:00:00+00:00,9709.3014578063
2025-12-09T16:00:00+00:00,9708.9107295818
2025-12-09T17:00:00+00:00,9709.4007295818
2025-12-09T18:00:00+00:00,9708.6807295818
2025-12-09T19:00:00+00:00,9708.2402137943
2025-12-09T20:00:00+00:00,9708.2402137943
2025-12-09T21:00:00+00:00,9708.2402137943
2025-12-09T22:00:00+00:00,9708.2402137943
2025-12-10T14:00:00+00:00,9708.2402137943
2025-12-10T15:00:00+00:00,9708.4206076633
2025-12-10T16:00:00+00:00,9707.4306076633
2025-12-10T17:00:00+00:00,9706.9763367721
2025-12-10T18:00:00+00:00,9706.8661665941
2025-12-10T19:00:00+00:00,9705.8861665941
2025-12-10T20:00:00+00:00,9705.4564847371
2025-12-10T21:00:00+00:00,9704.4835603296
2025-12-10T22:00:00+00:00,9703.8411786976
2025-12-11T14:00:00+00:00,9703.8411786976
2025-12-11T15:00:00+00:00,9703.8411786976
2025-12-11T16:00:00+00:00,9703.8411786976
2025-12-11T17:00:00+00:00,9703.2197184121
2025-12-11T18:00:00+00:00,9702.8084526871
2025-12-11T19:00:00+00:00,9703.1960863261
2025-12-11T20:00:00+00:00,9704.0060863261
2025-12-11T21:00:00+00:00,9704.3260863261
2025-12-11T22:00:00+00:00,9705.9760863261
2025-12-12T14:00:00+00:00,9704.5260863261
2025-12-12T15:00:00+00:00,9702.7060863261
2025-12-12T16:00:00+00:00,9702.1336986946
2025-12-12T17:00:00+00:00,9702.1336986946
2025-12-12T18:00:00+00:00,9702.1336986946
2025-12-12T19:00:00+00:00,9701.6791105651
2025-12-12T20:00:00+00:00,9701.2846086931
2025-12-12T21:00:00+00:00,9701.2846086931
2025-12-12T22:00:00+00:00,9701.2846086931
2025-12-15T14:00:00+00:00,9701.2846086931
2025-12-15T15:00:00+00:00,9697.6231844106
2025-12-15T16:00:00+00:00,9697.2537545326
2025-12-15T17:00:00+00:00,9697.2537545326
2025-12-15T18:00:00+00:00,9697.2537545326
2025-12-15T19:00:00+00:00,9697.2537545326
2025-12-15T20:00:00+00:00,9697.4650784791
2025-12-15T21:00:00+00:00,9696.4900784791
2025-12-15T22:00:00+00:00,9696.1566385186
2025-12-16T14:00:00+00:00,9696.1566385186
2025-12-16T15:00:00+00:00,9696.1566385186
2025-12-16T16:00:00+00:00,9694.0231694824
2025-12-16T17:00:00+00:00,9693.6557794344
2025-12-16T18:00:00+00:00,9693.6557794344
2025-12-16T19:00:00+00:00,9693.6557794344
2025-12-16T20:00:00+00:00,9693.4390895464
2025-12-16T21:00:00+00:00,9694.3490895464
2025-12-16T22:00:00+00:00,9693.6990895464
2025-12-17T14:00:00+00:00,9695.8290895464
2025-12-17T15:00:00+00:00,9695.8406675844
2025-12-17T16:00:00+00:00,9695.8406675844
2025-12-17T17:00:00+00:00,9695.8406675844
2025-12-17T18:00:00+00:00,9695.8406675844
2025-12-17T19:00:00+00:00,9695.8406675844
2025-12-17T20:00:00+00:00,9695.8406675844
2025-12-17T21:00:00+00:00,9693.6867259254
2025-12-17T22:00:00+00:00,9693.7536195204
2025-12-18T14:00:00+00:00,9693.7536195204
2025-12-18T15:00:00+00:00,9694.4374336744
2025-12-18T16:00:00+00:00,9696.4374336744
2025-12-18T17:00:00+00:00,9696.0674336744
2025-12-18T18:00:00+00:00,9695.5197676494
2025-12-18T19:00:00+00:00,9695.5197676494
2025-12-18T20:00:00+00:00,9695.5197676494
2025-12-18T21:00:00+00:00,9695.5197676494
2025-12-18T22:00:00+00:00,9694.9340318409
2025-12-19T14:00:00+00:00,9694.3940318409
2025-12-19T15:00:00+00:00,9698.7690318409
2025-12-19T16:00:00+00:00,9698.0640318409
2025-12-19T17:00:00+00:00,9697.4966897889
2025-12-19T18:00:00+00:00,9698.0288238029
2025-12-19T19:00:00+00:00,9697.6138238029
2025-12-19T20:00:00+00:00,9697.2007138149
2025-12-19T21:00:00+00:00,9696.7223257854
2025-12-19T22:00:00+00:00,9696.2540838084
2025-12-22T14:00:00+00:00,9696.2540838084
2025-12-22T15:00:00+00:00,9695.8436676099
2025-12-22T16:00:00+00:00,9695.5536676099
2025-12-22T17:00:00+00:00,9695.1934637964
2025-12-22T18:00:00+00:00,9695.0274595489
2025-12-22T19:00:00+00:00,9694.3074595489
2025-12-22T20:00:00+00:00,9693.9217937739
2025-12-22T21:00:00+00:00,9693.4108735334
2025-12-22T22:00:00+00:00,9693.1799737779
2025-12-23T14:00:00+00:00,9693.1799737779
2025-12-23T15:00:00+00:00,9693.1799737779
2025-12-23T16:00:00+00:00,9693.6886995079
2025-12-23T17:00:00+00:00,9694.2886995079
2025-12-23T18:00:00+00:00,9694.3536995079
2025-12-23T19:00:00+00:00,9694.8936995079
2025-12-23T20:00:00+00:00,9695.2036995079
2025-12-23T21:00:00+00:00,9695.2786995079
2025-12-23T22:00:00+00:00,9695.0986995079
2025-12-24T14:00:00+00:00,9695.5886995079
2025-12-24T15:00:00+00:00,9695.9736995079
2025-12-24T16:00:00+00:00,9696.8436995079
2025-12-24T17:00:00+00:00,9697.7536995079
2025-12-24T18:00:00+00:00,9697.6386995079
2025-12-24T19:00:00+00:00,9697.2245720214
2025-12-26T15:00:00+00:00,9697.2245720214
2025-12-26T16:00:00+00:00,9696.8250664822
2025-12-26T17:00:00+00:00,9696.0050664822
2025-12-26T18:00:00+00:00,9695.5111609772
2025-12-26T19:00:00+00:00,9695.5111609772
2025-12-26T20:00:00+00:00,9695.0870244687
2025-12-26T21:00:00+00:00,9694.6579719759
2025-12-26T22:00:00+00:00,9694.0937994644
2025-12-29T14:00:00+00:00,9691.2137994644
2025-12-29T15:00:00+00:00,9690.3917598039
2025-12-29T16:00:00+00:00,9689.8342224287
2025-12-29T17:00:00+00:00,9689.4418287977
2025-12-29T18:00:00+00:00,9689.4418287977
2025-12-29T19:00:00+00:00,9689.4418287977
2025-12-29T20:00:00+00:00,9690.1044654369
2025-12-29T21:00:00+00:00,9689.7894654369
2025-12-29T22:00:00+00:00,9689.0818918209
2025-12-30T14:00:00+00:00,9689.0818918209
2025-12-30T15:00:00+00:00,9689.3393994494
2025-12-30T16:00:00+00:00,9688.8293994494
2025-12-30T17:00:00+00:00,9688.4168798289
2025-12-30T18:00:00+00:00,9688.4168798289
2025-12-30T19:00:00+00:00,9688.1392644471
2025-12-30T20:00:00+00:00,9687.9292644471
2025-12-30T21:00:00+00:00,9687.4917778239
2025-12-30T22:00:00+00:00,9687.4917778239
2025-12-31T14:00:00+00:00,9687.4917778239
2025-12-31T15:00:00+00:00,9687.4917778239
2025-12-31T16:00:00+00:00,9687.4917778239
2025-12-31T17:00:00+00:00,9687.4917778239
2025-12-31T18:00:00+00:00,9686.5755575584
2025-12-31T19:00:00+00:00,9686.1597117984
2025-12-31T20:00:00+00:00,9684.0531855074
2025-12-31T21:00:00+00:00,9683.6527387142
2026-01-02T14:00:00+00:00,9683.6527387142
2026-01-02T15:00:00+00:00,9683.6527387142
2026-01-02T16:00:00+00:00,9678.4509844042
2026-01-02T17:00:00+00:00,9677.9922024722
2026-01-02T18:00:00+00:00,9677.9922024722
2026-01-02T19:00:00+00:00,9677.9922024722
2026-01-02T20:00:00+00:00,9677.9922024722
2026-01-02T21:00:00+00:00,9677.8073053170
2026-01-05T14:00:00+00:00,9680.0373053170
2026-01-05T15:00:00+00:00,9681.5273053170
2026-01-05T16:00:00+00:00,9682.7973053170
2026-01-05T17:00:00+00:00,9683.3773053170
2026-01-05T18:00:00+00:00,9683.0723053170
2026-01-05T19:00:00+00:00,9682.6941617485
2026-01-05T20:00:00+00:00,9682.6941617485
2026-01-05T21:00:00+00:00,9682.6941617485
2026-01-05T22:00:00+00:00,9682.2514773610
2026-01-06T14:00:00+00:00,9682.1114773610
2026-01-06T15:00:00+00:00,9681.7189517410
2026-01-06T16:00:00+00:00,9680.2898482352
2026-01-06T17:00:00+00:00,9679.8464406887
2026-01-06T18:00:00+00:00,9680.9677602182
2026-01-06T19:00:00+00:00,9681.7327602182
2026-01-06T20:00:00+00:00,9681.8927602182
2026-01-06T21:00:00+00:00,9681.8327602182
2026-01-06T22:00:00+00:00,9681.5676188162
2026-01-07T14:00:00+00:00,9681.5676188162
2026-01-07T15:00:00+00:00,9681.8424682232
2026-01-07T16:00:00+00:00,9681.7874682232
2026-01-07T17:00:00+00:00,9681.3570148472
2026-01-07T18:00:00+00:00,9680.4158681712
2026-01-07T19:00:00+00:00,9679.9851148202
2026-01-07T20:00:00+00:00,9679.9851148202
2026-01-07T21:00:00+00:00,9679.9851148202
2026-01-07T22:00:00+00:00,9679.9851148202
2026-01-08T14:00:00+00:00,9679.9851148202
2026-01-08T15:00:00+00:00,9678.6315783617
2026-01-08T16:00:00+00:00,9678.1986867722
2026-01-08T17:00:00+00:00,9677.8247362792
2026-01-08T18:00:00+00:00,9677.9847362792
2026-01-08T19:00:00+00:00,9676.8247362792
2026-01-08T20:00:00+00:00,9676.3714547222
2026-01-08T21:00:00+00:00,9676.5781282812
2026-01-08T22:00:00+00:00,9677.7581282812
2026-01-09T14:00:00+00:00,9679.2881282812
2026-01-09T15:00:00+00:00,9678.6481282812
2026-01-09T16:00:00+00:00,9678.3032148602
2026-01-09T17:00:00+00:00,9679.8080042622
2026-01-09T18:00:00+00:00,9679.8880042622
2026-01-09T19:00:00+00:00,9680.4980042622
2026-01-09T20:00:00+00:00,9680.8180042622
2026-01-09T21:00:00+00:00,9679.9330042622
2026-01-09T22:00:00+00:00,9679.6115789672
2026-01-12T14:00:00+00:00,9679.6115789672
2026-01-12T15:00:00+00:00,9679.6115789672
2026-01-12T16:00:00+00:00,9679.4303362832
2026-01-12T17:00:00+00:00,9680.0753362832
2026-01-12T18:00:00+00:00,9680.1653362832
2026-01-12T19:00:00+00:00,9680.7353362832
2026-01-12T20:00:00+00:00,9681.4653362832
2026-01-12T21:00:00+00:00,9680.7003362832
2026-01-12T22:00:00+00:00,9680.2482810407
2026-01-13T14:00:00+00:00,9680.2482810407
2026-01-13T15:00:00+00:00,9678.2607422487
2026-01-13T16:00:00+00:00,9677.7342809567
2026-01-13T17:00:00+00:00,9677.7342809567
2026-01-13T18:00:00+00:00,9675.4223242132
2026-01-13T19:00:00+00:00,9674.9416128587
2026-01-13T20:00:00+00:00,9674.9416128587
2026-01-13T21:00:00+00:00,9675.3958742167
2026-01-13T22:00:00+00:00,9675.1858742167
2026-01-14T14:00:00+00:00,9672.5458742167
2026-01-14T15:00:00+00:00,9672.0514407557
2026-01-14T16:00:00+00:00,9672.0514407557
2026-01-14T17:00:00+00:00,9672.0514407557
2026-01-14T18:00:00+00:00,9672.0514407557
2026-01-14T19:00:00+00:00,9673.1944644272
2026-01-14T20:00:00+00:00,9673.1244644272
2026-01-14T21:00:00+00:00,9675.6894644272
2026-01-14T22:00:00+00:00,9673.4794644272
2026-01-15T14:00:00+00:00,9678.7694644272
2026-01-15T15:00:00+00:00,9678.7294644272
2026-01-15T16:00:00+00:00,9678.1983721044
2026-01-15T17:00:00+00:00,9678.3916793829
2026-01-15T18:00:00+00:00,9677.3266793829
2026-01-15T19:00:00+00:00,9676.8453680784
2026-01-15T20:00:00+00:00,9674.5285193439
2026-01-15T21:00:00+00:00,9673.9729639764
2026-01-15T22:00:00+00:00,9673.9729639764
2026-01-16T14:00:00+00:00,9673.9729639764
2026-01-16T15:00:00+00:00,9673.9729639764
2026-01-16T16:00:00+00:00,9673.9729639764
2026-01-16T17:00:00+00:00,9673.9729639764
2026-01-16T18:00:00+00:00,9672.8523543452
2026-01-16T19:00:00+00:00,9672.4572249422
2026-01-16T20:00:00+00:00,9672.0866093104
2026-01-16T21:00:00+00:00,9670.9866093104
2026-01-20T14:00:00+00:00,9660.4366093104
2026-01-20T15:00:00+00:00,9659.9980433604
2026-01-20T16:00:00+00:00,9661.3988092604
2026-01-20T17:00:00+00:00,9661.3088092604
2026-01-20T18:00:00+00:00,9660.8086654419
2026-01-20T19:00:00+00:00,9660.8086654419
2026-01-20T20:00:00+00:00,9660.8086654419
2026-01-20T21:00:00+00:00,9660.8086654419
2026-01-20T22:00:00+00:00,9660.8086654419
2026-01-21T14:00:00+00:00,9660.8086654419
2026-01-21T15:00:00+00:00,9666.1776056064
2026-01-21T16:00:00+00:00,9668.4626056064
2026-01-21T17:00:00+00:00,9663.7426056064
2026-01-21T18:00:00+00:00,9663.3146216079
2026-01-21T19:00:00+00:00,9663.3162455794
2026-01-21T20:00:00+00:00,9670.7662455794
2026-01-21T21:00:00+00:00,9667.6762455794
2026-01-22T14:00:00+00:00,9672.1562455794
2026-01-22T15:00:00+00:00,9670.2512455794
2026-01-22T16:00:00+00:00,9669.6436479654
2026-01-22T17:00:00+00:00,9670.3554535354
2026-01-22T18:00:00+00:00,9671.6004535354
2026-01-22T19:00:00+00:00,9670.6404535354
2026-01-22T20:00:00+00:00,9670.2514670372
2026-01-22T21:00:00+00:00,9670.2514670372
2026-01-22T22:00:00+00:00,9669.3279365792
2026-01-23T14:00:00+00:00,9668.1379365792
2026-01-23T15:00:00+00:00,9667.9553569637
2026-01-23T16:00:00+00:00,9669.1069675175
2026-01-23T17:00:00+00:00,9668.3969675175
2026-01-23T18:00:00+00:00,9667.9031820025
2026-01-23T19:00:00+00:00,9667.9031820025
2026-01-23T20:00:00+00:00,9668.0997895560
2026-01-23T21:00:00+00:00,9667.7597895560
2026-01-23T22:00:00+00:00,9666.9065679940
2026-01-26T14:00:00+00:00,9666.9065679940
2026-01-26T15:00:00+00:00,9666.9065679940
2026-01-26T16:00:00+00:00,9667.2462013830
2026-01-26T17:00:00+00:00,9667.3612013830
2026-01-26T18:00:00+00:00,9667.5062013830
2026-01-26T19:00:00+00:00,9667.8562013830
2026-01-26T20:00:00+00:00,9667.8712013830
2026-01-26T21:00:00+00:00,9667.0262013830
2026-01-26T22:00:00+00:00,9666.5256340165
2026-01-27T14:00:00+00:00,9666.5256340165
2026-01-27T15:00:00+00:00,9666.5256340165
2026-01-27T16:00:00+00:00,9666.9384972580
2026-01-27T17:00:00+00:00,9666.9984972580
2026-01-27T18:00:00+00:00,9666.3684972580
2026-01-27T19:00:00+00:00,9665.9612680300
2026-01-27T20:00:00+00:00,9665.6386272295
2026-01-27T21:00:00+00:00,9665.0636272295
2026-01-27T22:00:00+00:00,9664.6063680040
2026-01-28T14:00:00+00:00,9664.6063680040
2026-01-28T15:00:00+00:00,9664.6083251700
2026-01-28T16:00:00+00:00,9663.1183251700
2026-01-28T17:00:00+00:00,9662.6810059495
2026-01-28T18:00:00+00:00,9662.6810059495
2026-01-28T19:00:00+00:00,9662.5940672075
2026-01-28T20:00:00+00:00,9662.3140672075
2026-01-28T21:00:00+00:00,9661.9071619525
2026-01-28T22:00:00+00:00,9664.5210572800
2026-01-29T14:00:00+00:00,9664.7910572800
2026-01-29T15:00:00+00:00,9659.5360572800
2026-01-29T16:00:00+00:00,9659.1611708568
2026-01-29T17:00:00+00:00,9659.1611708568
2026-01-29T18:00:00+00:00,9658.7028744183
2026-01-29T19:00:00+00:00,9658.5944908698
2026-01-29T20:00:00+00:00,9658.7401203418
2026-01-29T21:00:00+00:00,9661.5851203418
2026-01-29T22:00:00+00:00,9661.7901203418
2026-01-30T14:00:00+00:00,9658.4801203418
2026-01-30T15:00:00+00:00,9658.4953809063
2026-01-30T16:00:00+00:00,9658.5003023193
2026-01-30T17:00:00+00:00,9656.9503023193
2026-01-30T18:00:00+00:00,9656.6059288533
2026-01-30T19:00:00+00:00,9656.6059288533
2026-01-30T20:00:00+00:00,9655.3760782853
2026-01-30T21:00:00+00:00,9655.0817138185
2026-01-30T22:00:00+00:00,9654.5467432405
2026-02-02T14:00:00+00:00,9652.6867432405
2026-02-02T15:00:00+00:00,9655.7967432405
2026-02-02T16:00:00+00:00,9657.8267432405
2026-02-02T17:00:00+00:00,9658.8567432405
2026-02-02T18:00:00+00:00,9659.4967432405
2026-02-02T19:00:00+00:00,9659.6217432405
2026-02-02T20:00:00+00:00,9658.6267432405
2026-02-02T21:00:00+00:00,9658.2094660165
2026-02-02T22:00:00+00:00,9658.2094660165
2026-02-03T14:00:00+00:00,9658.2094660165
2026-02-03T15:00:00+00:00,9658.2094660165
2026-02-03T16:00:00+00:00,9658.2094660165
2026-02-03T17:00:00+00:00,9658.2094660165
2026-02-03T18:00:00+00:00,9658.2094660165
2026-02-03T19:00:00+00:00,9658.2094660165
2026-02-03T20:00:00+00:00,9658.2094660165
2026-02-03T21:00:00+00:00,9660.4823816790
2026-02-03T22:00:00+00:00,9660.2473816790
2026-02-04T14:00:00+00:00,9661.3073816790
2026-02-04T15:00:00+00:00,9659.1473816790
2026-02-04T16:00:00+00:00,9658.6046340775
2026-02-04T17:00:00+00:00,9656.2514816510
2026-02-04T18:00:00+00:00,9655.7596099765
2026-02-04T19:00:00+00:00,9655.7596099765
2026-02-04T20:00:00+00:00,9658.9337977450
2026-02-04T21:00:00+00:00,9656.8187977450
2026-02-04T22:00:00+00:00,9655.5676760080
2026-02-05T14:00:00+00:00,9655.5676760080
2026-02-05T15:00:00+00:00,9655.5676760080
2026-02-05T16:00:00+00:00,9655.5676760080
2026-02-05T17:00:00+00:00,9655.5676760080
2026-02-05T18:00:00+00:00,9654.4038919455
2026-02-05T19:00:00+00:00,9653.9106799660
2026-02-05T20:00:00+00:00,9653.9106799660
2026-02-05T21:00:00+00:00,9651.8631980120
2026-02-05T22:00:00+00:00,9650.8371398530
2026-02-06T14:00:00+00:00,9650.8371398530
2026-02-06T15:00:00+00:00,9653.6231097700
2026-02-06T16:00:00+00:00,9654.5681097700
2026-02-06T17:00:00+00:00,9656.2381097700
2026-02-06T18:00:00+00:00,9657.7081097700
2026-02-06T19:00:00+00:00,9657.7981097700
2026-02-06T20:00:00+00:00,9658.1131097700
2026-02-06T21:00:00+00:00,9659.4881097700
2026-02-06T22:00:00+00:00,9658.9181097700
2026-02-09T14:00:00+00:00,9658.4981097700
2026-02-09T15:00:00+00:00,9657.5746122310
2026-02-09T16:00:00+00:00,9661.0653767142
2026-02-09T17:00:00+00:00,9662.2203767142
2026-02-09T18:00:00+00:00,9661.3953767142
2026-02-09T19:00:00+00:00,9660.9886634432
2026-02-09T20:00:00+00:00,9661.3118207092
2026-02-09T21:00:00+00:00,9659.8918207092
2026-02-09T22:00:00+00:00,9659.6453534177
2026-02-10T14:00:00+00:00,9659.6453534177
2026-02-10T15:00:00+00:00,9660.5086306937
2026-02-10T16:00:00+00:00,9660.1486306937
2026-02-10T17:00:00+00:00,9659.7114374627
2026-02-10T18:00:00+00:00,9659.7114374627
2026-02-10T19:00:00+00:00,9657.6091896949
2026-02-10T20:00:00+00:00,9657.2329983804
2026-02-10T21:00:00+00:00,9655.2267436954
2026-02-11T14:00:00+00:00,9659.4867436954
2026-02-11T15:00:00+00:00,9657.2217436954
2026-02-11T16:00:00+00:00,9656.8502884029
2026-02-11T17:00:00+00:00,9656.8502884029
2026-02-11T18:00:00+00:00,9656.8502884029
2026-02-11T19:00:00+00:00,9656.4046037654
2026-02-11T20:00:00+00:00,9656.0089944024
2026-02-11T21:00:00+00:00,9654.5382407592
2026-02-12T14:00:00+00:00,9657.5282407592
2026-02-12T15:00:00+00:00,9655.3882407592
2026-02-12T16:00:00+00:00,9655.0826133977
2026-02-12T17:00:00+00:00,9655.0826133977
2026-02-12T18:00:00+00:00,9655.0826133977
2026-02-12T19:00:00+00:00,9655.0826133977
2026-02-12T20:00:00+00:00,9654.9366661549
2026-02-12T21:00:00+00:00,9651.0066661549
2026-02-12T22:00:00+00:00,9650.3481362019
2026-02-13T14:00:00+00:00,9650.3481362019
2026-02-13T15:00:00+00:00,9648.1991781249
2026-02-13T16:00:00+00:00,9647.8762811191
2026-02-13T17:00:00+00:00,9649.7467289926
2026-02-13T18:00:00+00:00,9650.0467289926
2026-02-13T19:00:00+00:00,9649.5867289926
2026-02-13T20:00:00+00:00,9649.2509282288
2026-02-13T21:00:00+00:00,9649.2509282288
2026-02-17T14:00:00+00:00,9649.2509282288
2026-02-17T15:00:00+00:00,9646.0632542588
2026-02-17T16:00:00+00:00,9645.4574360798
2026-02-17T17:00:00+00:00,9648.9202421498
2026-02-17T18:00:00+00:00,9647.4802421498
2026-02-17T19:00:00+00:00,9647.0616642008
2026-02-17T20:00:00+00:00,9646.1311939978
2026-02-17T21:00:00+00:00,9645.7510861763
2026-02-17T22:00:00+00:00,9645.7510861763
2026-02-18T14:00:00+00:00,9645.7510861763
2026-02-18T15:00:00+00:00,9645.7510861763
2026-02-18T16:00:00+00:00,9647.6493288661
2026-02-18T17:00:00+00:00,9646.6843288661
2026-02-18T18:00:00+00:00,9646.2818272441
2026-02-18T19:00:00+00:00,9644.3136808181
2026-02-18T20:00:00+00:00,9643.8565631641
2026-02-18T21:00:00+00:00,9643.8565631641
2026-02-19T14:00:00+00:00,9643.8565631641
2026-02-19T15:00:00+00:00,9643.8565631641
2026-02-19T16:00:00+00:00,9643.8955889191
2026-02-19T17:00:00+00:00,9642.2255889191
2026-02-19T18:00:00+00:00,9641.6854930966
2026-02-19T19:00:00+00:00,9641.6854930966
2026-02-19T20:00:00+00:00,9640.1152209101
2026-02-19T21:00:00+00:00,9639.6907220379
2026-02-20T14:00:00+00:00,9639.6907220379
2026-02-20T15:00:00+00:00,9639.6907220379
2026-02-20T16:00:00+00:00,9643.2097537934
2026-02-20T17:00:00+00:00,9642.9597537934
2026-02-20T18:00:00+00:00,9642.5866222239
2026-02-20T19:00:00+00:00,9642.5866222239
2026-02-20T20:00:00+00:00,9640.9730257604
2026-02-20T21:00:00+00:00,9640.5302361624
2026-02-20T22:00:00+00:00,9639.9665376904
2026-02-23T14:00:00+00:00,9637.7365376904
2026-02-23T15:00:00+00:00,9637.1965376904
2026-02-23T16:00:00+00:00,9636.7346900139
2026-02-23T17:00:00+00:00,9636.7346900139
2026-02-23T18:00:00+00:00,9636.7346900139
2026-02-23T19:00:00+00:00,9636.7346900139
2026-02-23T20:00:00+00:00,9635.3054139104
2026-02-23T21:00:00+00:00,9634.8468479604
2026-02-23T22:00:00+00:00,9634.3471578224
2026-02-24T14:00:00+00:00,9635.2571578224
2026-02-24T15:00:00+00:00,9634.8871578224
2026-02-24T16:00:00+00:00,9637.0671578224
2026-02-24T17:00:00+00:00,9638.1471578224
2026-02-24T18:00:00+00:00,9639.0771578224
2026-02-24T19:00:00+00:00,9639.1271578224
2026-02-24T20:00:00+00:00,9638.8171578224
2026-02-24T21:00:00+00:00,9638.3649321774
2026-02-24T22:00:00+00:00,9637.5324278049
2026-02-25T14:00:00+00:00,9640.4924278049
2026-02-25T15:00:00+00:00,9641.8924278049
2026-02-25T16:00:00+00:00,9641.3324278049
2026-02-25T17:00:00+00:00,9640.9179643464
2026-02-25T18:00:00+00:00,9641.0327177454
2026-02-25T19:00:00+00:00,9640.9927177454
2026-02-25T20:00:00+00:00,9640.6571983749
2026-02-25T21:00:00+00:00,9640.2613157209
2026-02-25T22:00:00+00:00,9641.6513157209
2026-02-26T14:00:00+00:00,9640.9913157209
2026-02-26T15:00:00+00:00,9637.8413157209
2026-02-26T16:00:00+00:00,9637.4469302559
2026-02-26T17:00:00+00:00,9637.4469302559
2026-02-26T18:00:00+00:00,9637.4469302559
2026-02-26T19:00:00+00:00,9637.4469302559
2026-02-26T20:00:00+00:00,9638.7545098904
2026-02-26T21:00:00+00:00,9639.0445098904
2026-02-26T22:00:00+00:00,9638.5845098904
2026-02-27T14:00:00+00:00,9633.4845098904
2026-02-27T15:00:00+00:00,9632.8344320664
2026-02-27T16:00:00+00:00,9632.8344320664
2026-02-27T17:00:00+00:00,9632.0232538044
2026-02-27T18:00:00+00:00,9631.6223780469
2026-02-27T19:00:00+00:00,9631.6223780469
2026-02-27T20:00:00+00:00,9631.6223780469
2026-02-27T21:00:00+00:00,9631.6223780469
2026-02-27T22:00:00+00:00,9630.4809177614
2026-03-02T14:00:00+00:00,9623.7409177614
2026-03-02T15:00:00+00:00,9623.3040256719
2026-03-02T16:00:00+00:00,9624.2442875299
2026-03-02T17:00:00+00:00,9626.3242875299
2026-03-02T18:00:00+00:00,9627.2742875299
2026-03-02T19:00:00+00:00,9625.3542875299
2026-03-02T20:00:00+00:00,9624.9131597934
2026-03-02T21:00:00+00:00,9622.6702173844
2026-03-02T22:00:00+00:00,9622.1784896979
2026-03-03T14:00:00+00:00,9622.1784896979
2026-03-03T15:00:00+00:00,9622.1784896979
2026-03-03T16:00:00+00:00,9622.1784896979
2026-03-03T17:00:00+00:00,9622.1784896979
2026-03-03T18:00:00+00:00,9621.5719138194
2026-03-03T19:00:00+00:00,9621.2654656929
2026-03-03T20:00:00+00:00,9620.8366696294
2026-03-03T21:00:00+00:00,9620.4979116954
2026-03-04T14:00:00+00:00,9620.4979116954
2026-03-04T15:00:00+00:00,9618.5083235659
2026-03-04T16:00:00+00:00,9618.7293736479
2026-03-04T17:00:00+00:00,9618.2578233549
2026-03-04T18:00:00+00:00,9617.8263896439
2026-03-04T19:00:00+00:00,9617.7596383341
2026-03-04T20:00:00+00:00,9618.0196383341
2026-03-04T21:00:00+00:00,9616.3496383341
2026-03-04T22:00:00+00:00,9616.2284206051
2026-03-05T14:00:00+00:00,9616.2284206051
2026-03-05T15:00:00+00:00,9616.2284206051
2026-03-05T16:00:00+00:00,9612.7273383511
2026-03-05T17:00:00+00:00,9612.4481004571
2026-03-05T18:00:00+00:00,9612.4481004571
2026-03-05T19:00:00+00:00,9612.4481004571
2026-03-05T20:00:00+00:00,9612.6021606316
2026-03-05T21:00:00+00:00,9616.9371606316
2026-03-05T22:00:00+00:00,9615.9921606316
2026-03-06T14:00:00+00:00,9608.4821606316
2026-03-06T15:00:00+00:00,9608.0884182796
2026-03-06T16:00:00+00:00,9608.0884182796
2026-03-06T17:00:00+00:00,9607.8534325336
2026-03-06T18:00:00+00:00,9605.8734325336
2026-03-06T19:00:00+00:00,9605.3896481851
2026-03-06T20:00:00+00:00,9605.8401184771
2026-03-06T21:00:00+00:00,9603.2651184771
2026-03-06T22:00:00+00:00,9602.3220120721
2026-03-09T13:00:00+00:00,9602.3220120721
2026-03-09T14:00:00+00:00,9602.3220120721
2026-03-09T15:00:00+00:00,9602.3220120721
2026-03-09T16:00:00+00:00,9603.5913106831
2026-03-09T17:00:00+00:00,9605.3913106831
2026-03-09T18:00:00+00:00,9602.9513106831
2026-03-09T19:00:00+00:00,9602.6599921291
2026-03-09T20:00:00+00:00,9610.4178746221
2026-03-09T21:00:00+00:00,9609.7578746221
2026-03-10T13:00:00+00:00,9608.7078746221
2026-03-10T14:00:00+00:00,9609.1314564931
2026-03-10T15:00:00+00:00,9609.1314564931
2026-03-10T16:00:00+00:00,9609.0127624381
2026-03-10T17:00:00+00:00,9609.0927624381
2026-03-10T18:00:00+00:00,9609.6727624381
2026-03-10T19:00:00+00:00,9606.1227624381
2026-03-10T20:00:00+00:00,9605.8955883721
2026-03-10T21:00:00+00:00,9605.8955883721
2026-03-11T13:00:00+00:00,9605.8955883721
2026-03-11T14:00:00+00:00,9605.8955883721
2026-03-11T15:00:00+00:00,9605.6287964756
2026-03-11T16:00:00+00:00,9601.7787964756
2026-03-11T17:00:00+00:00,9601.3742981866
2026-03-11T18:00:00+00:00,9599.7685383761
2026-03-11T19:00:00+00:00,9599.3535721261
2026-03-11T20:00:00+00:00,9599.9183163576
2026-03-11T21:00:00+00:00,9599.1983163576
2026-03-12T13:00:00+00:00,9595.0383163576
2026-03-12T14:00:00+00:00,9595.4050119691
2026-03-12T15:00:00+00:00,9595.4050119691
2026-03-12T16:00:00+00:00,9595.4050119691
2026-03-12T17:00:00+00:00,9594.5433925036
2026-03-12T18:00:00+00:00,9594.1121339446
2026-03-12T19:00:00+00:00,9594.1121339446
2026-03-12T20:00:00+00:00,9594.1121339446
2026-03-12T21:00:00+00:00,9594.1121339446
2026-03-13T13:00:00+00:00,9594.1121339446
2026-03-13T14:00:00+00:00,9594.8904664751
2026-03-13T15:00:00+00:00,9589.4804664751
2026-03-13T16:00:00+00:00,9589.3112657446
2026-03-13T17:00:00+00:00,9589.3112657446
2026-03-13T18:00:00+00:00,9589.3112657446
2026-03-13T19:00:00+00:00,9589.3112657446
2026-03-13T20:00:00+00:00,9587.0427305361
2026-03-13T21:00:00+00:00,9586.0757256226
2026-03-16T13:00:00+00:00,9586.0757256226
2026-03-16T14:00:00+00:00,9588.3247962146
2026-03-16T15:00:00+00:00,9587.3147962146
2026-03-16T16:00:00+00:00,9586.9429317061
2026-03-16T17:00:00+00:00,9586.9429317061
2026-03-16T18:00:00+00:00,9586.8668372843
2026-03-16T19:00:00+00:00,9587.7118372843
2026-03-16T20:00:00+00:00,9587.0768372843
2026-03-16T21:00:00+00:00,9586.1558007068
2026-03-17T13:00:00+00:00,9586.1558007068
2026-03-17T14:00:00+00:00,9588.2229391378
2026-03-17T15:00:00+00:00,9587.3629391378
2026-03-17T16:00:00+00:00,9586.9891607888
2026-03-17T17:00:00+00:00,9586.9891607888
2026-03-17T18:00:00+00:00,9586.9891607888
2026-03-17T19:00:00+00:00,9585.9160712008
2026-03-17T20:00:00+00:00,9585.5134507553
2026-03-18T13:00:00+00:00,9585.5134507553
2026-03-18T14:00:00+00:00,9585.5134507553
2026-03-18T15:00:00+00:00,9582.8717892863
2026-03-18T16:00:00+00:00,9582.4615446428
2026-03-18T17:00:00+00:00,9582.4615446428
2026-03-18T18:00:00+00:00,9582.4615446428
2026-03-18T19:00:00+00:00,9578.7714853073
2026-03-18T20:00:00+00:00,9578.3734664783
2026-03-18T21:00:00+00:00,9578.3734664783
2026-03-19T13:00:00+00:00,9578.3734664783
2026-03-19T14:00:00+00:00,9578.3734664783
2026-03-19T15:00:00+00:00,9577.2782495463
2026-03-19T16:00:00+00:00,9576.7236144353
2026-03-19T17:00:00+00:00,9575.7138835438
2026-03-19T18:00:00+00:00,9575.3245844048
2026-03-19T19:00:00+00:00,9576.1402255443
2026-03-19T20:00:00+00:00,9577.5902255443
2026-03-19T21:00:00+00:00,9578.2202255443
2026-03-20T13:00:00+00:00,9574.0602255443
2026-03-20T14:00:00+00:00,9570.8902255443
2026-03-20T15:00:00+00:00,9570.4184041988
2026-03-20T16:00:00+00:00,9570.4184041988
2026-03-20T17:00:00+00:00,9569.5915955508
2026-03-20T18:00:00+00:00,9569.4899391916
2026-03-20T19:00:00+00:00,9569.4899391916
2026-03-20T20:00:00+00:00,9569.4899391916
2026-03-20T21:00:00+00:00,9569.5004887401
2026-03-23T13:00:00+00:00,9578.6004887401
2026-03-23T14:00:00+00:00,9580.2704887401
2026-03-23T15:00:00+00:00,9581.1204887401
2026-03-23T16:00:00+00:00,9576.1404887401
2026-03-23T17:00:00+00:00,9575.6469395386
2026-03-23T18:00:00+00:00,9575.6469395386
2026-03-23T19:00:00+00:00,9576.1520826366
2026-03-23T20:00:00+00:00,9572.5820826366
2026-03-24T13:00:00+00:00,9570.3820826366
2026-03-24T14:00:00+00:00,9569.0907532501
2026-03-24T15:00:00+00:00,9569.0907532501
2026-03-24T16:00:00+00:00,9569.7783505526
2026-03-24T17:00:00+00:00,9569.8983505526
2026-03-24T18:00:00+00:00,9568.9883505526
2026-03-24T19:00:00+00:00,9568.6058332651
2026-03-24T20:00:00+00:00,9566.5228665206
2026-03-24T21:00:00+00:00,9569.4289993456
2026-03-25T13:00:00+00:00,9569.4289993456
2026-03-25T14:00:00+00:00,9569.4289993456
2026-03-25T15:00:00+00:00,9569.4289993456
2026-03-25T16:00:00+00:00,9567.3137404101
2026-03-25T17:00:00+00:00,9566.9195792596
2026-03-25T18:00:00+00:00,9566.7449023726
2026-03-25T19:00:00+00:00,9565.2699023726
2026-03-25T20:00:00+00:00,9564.8160801938
2026-03-25T21:00:00+00:00,9563.7118233418
2026-03-26T13:00:00+00:00,9558.3818233418
2026-03-26T14:00:00+00:00,9561.8418233418
2026-03-26T15:00:00+00:00,9559.5718233418
2026-03-26T16:00:00+00:00,9559.3004699573
2026-03-26T17:00:00+00:00,9559.3004699573
2026-03-26T18:00:00+00:00,9559.3004699573
2026-03-26T19:00:00+00:00,9559.3004699573
2026-03-26T20:00:00+00:00,9556.5669645845
2026-03-26T21:00:00+00:00,9556.1599428390
2026-03-27T13:00:00+00:00,9556.1599428390
2026-03-27T14:00:00+00:00,9556.1599428390
2026-03-27T15:00:00+00:00,9556.1599428390
2026-03-27T16:00:00+00:00,9555.8157608265
2026-03-27T17:00:00+00:00,9554.2357608265
2026-03-27T18:00:00+00:00,9553.8425727615
2026-03-27T19:00:00+00:00,9553.8425727615
2026-03-27T20:00:00+00:00,9553.8425727615
2026-03-30T13:00:00+00:00,9553.8425727615
2026-03-30T14:00:00+00:00,9548.6686127675
2026-03-30T15:00:00+00:00,9548.2376205195
2026-03-30T16:00:00+00:00,9547.6650886445
2026-03-30T17:00:00+00:00,9547.3876715153
2026-03-30T18:00:00+00:00,9547.3876715153
2026-03-30T19:00:00+00:00,9547.3876715153
2026-03-30T20:00:00+00:00,9547.3876715153
2026-03-31T13:00:00+00:00,9547.3876715153
2026-03-31T14:00:00+00:00,9550.7542935698
2026-03-31T15:00:00+00:00,9546.8142935698
2026-03-31T16:00:00+00:00,9546.3911175038
2026-03-31T17:00:00+00:00,9553.0572655188
2026-03-31T18:00:00+00:00,9552.7472655188
2026-03-31T19:00:00+00:00,9552.3094638383
2026-03-31T20:00:00+00:00,9553.4402714083
2026-03-31T21:00:00+00:00,9553.1702714083
2026-04-01T13:00:00+00:00,9556.0202714083
2026-04-01T14:00:00+00:00,9555.4787740358
2026-04-01T15:00:00+00:00,9557.1561433193
2026-04-01T16:00:00+00:00,9558.5861433193
2026-04-01T17:00:00+00:00,9558.5761433193
2026-04-01T18:00:00+00:00,9558.1614962093
2026-04-01T19:00:00+00:00,9558.1614962093
2026-04-01T20:00:00+00:00,9558.1614962093
2026-04-01T21:00:00+00:00,9557.8682594423
2026-04-02T13:00:00+00:00,9547.8382594423
2026-04-02T14:00:00+00:00,9552.0582594423
2026-04-02T15:00:00+00:00,9557.8132594423
2026-04-02T16:00:00+00:00,9556.5182594423
2026-04-02T17:00:00+00:00,9556.0308951421
2026-04-02T18:00:00+00:00,9556.0308951421
2026-04-02T19:00:00+00:00,9556.0308951421
2026-04-02T20:00:00+00:00,9556.8931594169
2026-04-02T21:00:00+00:00,9557.0631594169
2026-04-06T13:00:00+00:00,9557.1631594169
2026-04-06T14:00:00+00:00,9556.7395922169
2026-04-06T15:00:00+00:00,9555.8297443157
2026-04-06T16:00:00+00:00,9555.4302741909
2026-04-06T17:00:00+00:00,9555.1455132969
2026-04-06T18:00:00+00:00,9553.6655132969
2026-04-06T19:00:00+00:00,9553.1966851187
2026-04-06T20:00:00+00:00,9553.3666602027
2026-04-06T21:00:00+00:00,9553.2716602027
2026-04-07T13:00:00+00:00,9551.1616602027
2026-04-07T14:00:00+00:00,9548.5016602027
2026-04-07T15:00:00+00:00,9548.1092809037
2026-04-07T16:00:00+00:00,9548.1092809037
2026-04-07T17:00:00+00:00,9549.8218872069
2026-04-07T18:00:00+00:00,9550.4918872069
2026-04-07T19:00:00+00:00,9547.7618872069
2026-04-07T20:00:00+00:00,9547.3095679029
2026-04-07T21:00:00+00:00,9547.5240569464
2026-04-08T13:00:00+00:00,9564.2740569464
2026-04-08T14:00:00+00:00,9564.0680767809
2026-04-08T15:00:00+00:00,9564.0680767809
2026-04-08T16:00:00+00:00,9564.0680767809
2026-04-08T17:00:00+00:00,9564.7980880347
2026-04-08T18:00:00+00:00,9564.5280880347
2026-04-08T19:00:00+00:00,9564.1276448245
2026-04-08T20:00:00+00:00,9564.1276448245
2026-04-08T21:00:00+00:00,9563.7019930230
2026-04-09T13:00:00+00:00,9562.1219930230
2026-04-09T14:00:00+00:00,9562.9569930230
2026-04-09T15:00:00+00:00,9562.9669930230
2026-04-09T16:00:00+00:00,9562.5618617868
2026-04-09T17:00:00+00:00,9563.0845238448
2026-04-09T18:00:00+00:00,9563.8345238448
2026-04-09T19:00:00+00:00,9562.4545238448
2026-04-09T20:00:00+00:00,9561.9371397963
2026-04-09T21:00:00+00:00,9561.2392318068
2026-04-10T13:00:00+00:00,9562.8992318068
2026-04-10T14:00:00+00:00,9562.4392318068
2026-04-10T15:00:00+00:00,9561.9109178358
2026-04-10T16:00:00+00:00,9559.5920617673
2026-04-10T17:00:00+00:00,9559.1644317393
2026-04-10T18:00:00+00:00,9559.1644317393
2026-04-10T19:00:00+00:00,9558.6767877718
2026-04-10T20:00:00+00:00,9558.3442147390
2026-04-13T13:00:00+00:00,9558.3442147390
2026-04-13T14:00:00+00:00,9561.0282329100
2026-04-13T15:00:00+00:00,9561.8782329100
2026-04-13T16:00:00+00:00,9560.7882329100
2026-04-13T17:00:00+00:00,9560.4705548860
2026-04-13T18:00:00+00:00,9559.7810687650
2026-04-13T19:00:00+00:00,9559.3868098728
2026-04-13T20:00:00+00:00,9561.6918047086
2026-04-13T21:00:00+00:00,9561.6818047086
2026-04-14T13:00:00+00:00,9563.5818047086
2026-04-14T14:00:00+00:00,9562.9692250931
2026-04-14T15:00:00+00:00,9564.6255026191
2026-04-14T16:00:00+00:00,9565.9355026191
2026-04-14T17:00:00+00:00,9566.0255026191
2026-04-14T18:00:00+00:00,9566.7905026191
2026-04-14T19:00:00+00:00,9565.8405026191
2026-04-14T20:00:00+00:00,9565.3948962559
2026-04-14T21:00:00+00:00,9564.9183235444
2026-04-15T13:00:00+00:00,9565.7183235444
2026-04-15T14:00:00+00:00,9566.3683235444
2026-04-15T15:00:00+00:00,9567.4883235444
2026-04-15T16:00:00+00:00,9567.7483235444
2026-04-15T17:00:00+00:00,9567.2983235444
2026-04-15T18:00:00+00:00,9566.9004163729
2026-04-15T19:00:00+00:00,9568.6418874984
2026-04-15T20:00:00+00:00,9568.7418874984
2026-04-15T21:00:00+00:00,9568.3918874984
2026-04-16T13:00:00+00:00,9569.8218874984
2026-04-16T14:00:00+00:00,9568.4768874984
2026-04-16T15:00:00+00:00,9568.0722224734
2026-04-16T16:00:00+00:00,9569.8922054749
2026-04-16T17:00:00+00:00,9568.4922054749
2026-04-16T18:00:00+00:00,9568.0717545154
2026-04-16T19:00:00+00:00,9568.0717545154
2026-04-16T20:00:00+00:00,9568.4712934799
2026-04-17T13:00:00+00:00,9574.2212934799
2026-04-17T14:00:00+00:00,9575.2862934799
2026-04-17T15:00:00+00:00,9577.3962934799
2026-04-17T16:00:00+00:00,9577.6762934799
2026-04-17T17:00:00+00:00,9578.8562934799
2026-04-17T18:00:00+00:00,9577.2912934799
2026-04-17T19:00:00+00:00,9576.8501279967
2026-04-17T20:00:00+00:00,9576.8501279967
2026-04-17T21:00:00+00:00,9576.4840504932
2026-04-20T13:00:00+00:00,9574.0240504932
2026-04-20T14:00:00+00:00,9576.0540504932
2026-04-20T15:00:00+00:00,9573.4540504932
2026-04-20T16:00:00+00:00,9573.2197118577
2026-04-20T17:00:00+00:00,9572.8351284787
2026-04-20T18:00:00+00:00,9572.9351284787
2026-04-20T19:00:00+00:00,9573.4701284787
2026-04-20T20:00:00+00:00,9574.0051284787
2026-04-20T21:00:00+00:00,9573.7651284787
2026-04-21T13:00:00+00:00,9575.6651284787
2026-04-21T14:00:00+00:00,9574.9790499882
2026-04-21T15:00:00+00:00,9571.4225884527
2026-04-21T16:00:00+00:00,9571.1080098372
2026-04-21T17:00:00+00:00,9571.1080098372
2026-04-21T18:00:00+00:00,9571.1080098372
2026-04-21T19:00:00+00:00,9571.2094975474
2026-04-21T20:00:00+00:00,9568.7994975474
2026-04-21T21:00:00+00:00,9570.8756868679
2026-04-22T13:00:00+00:00,9570.8756868679
2026-04-22T14:00:00+00:00,9570.8756868679
2026-04-22T15:00:00+00:00,9571.0699933964
2026-04-22T16:00:00+00:00,9570.6199933964
2026-04-22T17:00:00+00:00,9570.2542328794
2026-04-22T18:00:00+00:00,9570.2542328794
2026-04-22T19:00:00+00:00,9569.5482333824
2026-04-22T20:00:00+00:00,9569.1224728654
2026-04-22T21:00:00+00:00,9567.9157173054
2026-04-23T13:00:00+00:00,9566.8157173054
2026-04-23T14:00:00+00:00,9566.4401307739
2026-04-23T15:00:00+00:00,9567.5789842647
2026-04-23T16:00:00+00:00,9566.8889842647
2026-04-23T17:00:00+00:00,9566.5073568199
2026-04-23T18:00:00+00:00,9566.5073568199
2026-04-23T19:00:00+00:00,9566.5073568199
2026-04-23T20:00:00+00:00,9567.3330254619
2026-04-24T13:00:00+00:00,9569.5630254619
2026-04-24T14:00:00+00:00,9569.8262630284
2026-04-24T15:00:00+00:00,9569.8262630284
2026-04-24T16:00:00+00:00,9571.7193454549
2026-04-24T17:00:00+00:00,9571.5343454549
2026-04-24T18:00:00+00:00,9571.1112151354
2026-04-24T19:00:00+00:00,9570.5379624506
2026-04-24T20:00:00+00:00,9570.1498441301
2026-04-24T21:00:00+00:00,9569.6113664266
2026-04-27T13:00:00+00:00,9569.3613664266
2026-04-27T14:00:00+00:00,9568.4034940856
2026-04-27T15:00:00+00:00,9567.5450223826
2026-04-27T16:00:00+00:00,9567.1468620656
2026-04-27T17:00:00+00:00,9567.1468620656
2026-04-27T18:00:00+00:00,9567.4283183566
2026-04-27T19:00:00+00:00,9567.4133183566
2026-04-27T20:00:00+00:00,9567.7033183566
2026-04-27T21:00:00+00:00,9567.3383183566
2026-04-28T13:00:00+00:00,9563.5983183566
2026-04-28T14:00:00+00:00,9564.1283183566
2026-04-28T15:00:00+00:00,9563.0483183566
2026-04-28T16:00:00+00:00,9562.6420358831
2026-04-28T17:00:00+00:00,9562.6420358831
2026-04-28T18:00:00+00:00,9563.1159223766
2026-04-28T19:00:00+00:00,9563.6109223766
2026-04-28T20:00:00+00:00,9563.7659223766
2026-04-28T21:00:00+00:00,9563.7059223766
2026-04-29T13:00:00+00:00,9563.3259223766
2026-04-29T14:00:00+00:00,9563.3189619596
2026-04-29T15:00:00+00:00,9563.3189619596
2026-04-29T16:00:00+00:00,9561.5270503866
2026-04-29T17:00:00+00:00,9561.0160798871
2026-04-29T18:00:00+00:00,9561.0160798871
2026-04-29T19:00:00+00:00,9560.5896783566
2026-04-29T20:00:00+00:00,9561.5696783566
2026-04-29T21:00:00+00:00,9561.2096783566
2026-04-30T13:00:00+00:00,9565.0896783566
2026-04-30T14:00:00+00:00,9561.1896783566
2026-04-30T15:00:00+00:00,9560.8179549198
2026-04-30T16:00:00+00:00,9560.8594412133
2026-04-30T17:00:00+00:00,9560.5994412133
2026-04-30T18:00:00+00:00,9560.1708729303
2026-04-30T19:00:00+00:00,9561.0205830758
2026-04-30T20:00:00+00:00,9561.0605830758
2026-05-01T13:00:00+00:00,9563.3605830758
2026-05-01T14:00:00+00:00,9566.7155830758
2026-05-01T15:00:00+00:00,9565.4305830758
2026-05-01T16:00:00+00:00,9564.8770232088
2026-05-01T17:00:00+00:00,9562.8628990348
2026-05-01T18:00:00+00:00,9562.4098071288
2026-05-01T19:00:00+00:00,9560.3560969893
2026-05-01T20:00:00+00:00,9559.9234310478
2026-05-01T21:00:00+00:00,9559.9234310478
2026-05-04T13:00:00+00:00,9559.9234310478
2026-05-04T14:00:00+00:00,9560.2014370513
2026-05-04T15:00:00+00:00,9560.5314370513
2026-05-04T16:00:00+00:00,9557.1414370513
2026-05-04T17:00:00+00:00,9556.6709489283
2026-05-04T18:00:00+00:00,9556.6709489283
2026-05-04T19:00:00+00:00,9555.2748730083
2026-05-04T20:00:00+00:00,9554.9393908848
2026-05-04T21:00:00+00:00,9554.4786569933
2026-05-05T13:00:00+00:00,9558.1486569933
2026-05-05T14:00:00+00:00,9559.1886569933
2026-05-05T15:00:00+00:00,9559.8186569933
2026-05-05T16:00:00+00:00,9559.7186569933
2026-05-05T17:00:00+00:00,9559.3848091503
2026-05-05T18:00:00+00:00,9559.5307029778
2026-05-05T19:00:00+00:00,9559.8207029778
2026-05-05T20:00:00+00:00,9559.2507029778
2026-05-05T21:00:00+00:00,9558.7765131633
2026-05-06T13:00:00+00:00,9558.7765131633
2026-05-06T14:00:00+00:00,9558.7765131633
2026-05-06T15:00:00+00:00,9560.8136686793
2026-05-06T16:00:00+00:00,9560.3736686793
2026-05-06T17:00:00+00:00,9559.8797092623
2026-05-06T18:00:00+00:00,9559.8797092623
2026-05-06T19:00:00+00:00,9560.2503826548
2026-05-06T20:00:00+00:00,9561.0603826548
2026-05-06T21:00:00+00:00,9561.5103826548
2026-05-07T13:00:00+00:00,9562.4103826548
2026-05-07T14:00:00+00:00,9561.2253826548
2026-05-07T15:00:00+00:00,9560.8100433528
2026-05-07T16:00:00+00:00,9558.2783525483
2026-05-07T17:00:00+00:00,9557.8229982475
2026-05-07T18:00:00+00:00,9557.8229982475
2026-05-07T19:00:00+00:00,9557.8229982475
2026-05-07T20:00:00+00:00,9557.8229982475
2026-05-07T21:00:00+00:00,9557.5041816825
2026-05-08T13:00:00+00:00,9561.5841816825
2026-05-08T14:00:00+00:00,9562.7241816825
2026-05-08T15:00:00+00:00,9563.1941816825
2026-05-08T16:00:00+00:00,9562.8641816825
2026-05-08T17:00:00+00:00,9562.5470755277
2026-05-08T18:00:00+00:00,9562.4449286852
2026-05-08T19:00:00+00:00,9561.6449286852
2026-05-08T20:00:00+00:00,9561.1831435037
2026-05-08T21:00:00+00:00,9560.8506486322
2026-05-11T13:00:00+00:00,9559.4706486322
2026-05-11T14:00:00+00:00,9559.3887734582
2026-05-11T15:00:00+00:00,9559.9305435254
2026-05-11T16:00:00+00:00,9560.5105435254
2026-05-11T17:00:00+00:00,9559.6205435254
2026-05-11T18:00:00+00:00,9559.3468805004
2026-05-11T19:00:00+00:00,9557.2527294909
2026-05-11T20:00:00+00:00,9556.8596124204
2026-05-11T21:00:00+00:00,9555.4560254579
2026-05-12T13:00:00+00:00,9554.4860254579
2026-05-12T14:00:00+00:00,9552.2710254579
2026-05-12T15:00:00+00:00,9551.9299392181
2026-05-12T16:00:00+00:00,9551.9299392181
2026-05-12T17:00:00+00:00,9551.9299392181
2026-05-12T18:00:00+00:00,9551.9299392181
2026-05-12T19:00:00+00:00,9552.4588904671
2026-05-12T20:00:00+00:00,9554.6588904671
2026-05-12T21:00:00+00:00,9554.0488904671
2026-05-13T13:00:00+00:00,9554.0788904671
2026-05-13T14:00:00+00:00,9553.8962053606
2026-05-13T15:00:00+00:00,9553.8962053606
2026-05-13T16:00:00+00:00,9554.3328464171
2026-05-13T17:00:00+00:00,9556.6078464171
2026-05-13T18:00:00+00:00,9556.7028464171
2026-05-13T19:00:00+00:00,9556.2426205223
2026-05-13T20:00:00+00:00,9555.4269813888
2026-05-13T21:00:00+00:00,9555.0815785088
2026-05-14T13:00:00+00:00,9555.0815785088
2026-05-14T14:00:00+00:00,9555.0815785088
2026-05-14T15:00:00+00:00,9557.4349072893
2026-05-14T16:00:00+00:00,9559.5049072893
2026-05-14T17:00:00+00:00,9557.9949072893
2026-05-14T18:00:00+00:00,9557.6162526803
2026-05-14T19:00:00+00:00,9557.6162526803
2026-05-14T20:00:00+00:00,9557.0172652678
2026-05-14T21:00:00+00:00,9556.5784366733
2026-05-15T13:00:00+00:00,9556.5784366733
2026-05-15T14:00:00+00:00,9556.5784366733
2026-05-15T15:00:00+00:00,9556.5784366733
2026-05-15T16:00:00+00:00,9555.4338056238
2026-05-15T17:00:00+00:00,9555.1295846453
2026-05-15T18:00:00+00:00,9556.8750916073
2026-05-15T19:00:00+00:00,9555.5450916073
2026-05-15T20:00:00+00:00,9555.1201446893
2026-05-15T21:00:00+00:00,9555.1201446893
2026-05-18T13:00:00+00:00,9555.1201446893
2026-05-18T14:00:00+00:00,9555.3262096978
2026-05-18T15:00:00+00:00,9553.2162096978
2026-05-18T16:00:00+00:00,9552.7732246163
2026-05-18T17:00:00+00:00,9552.7732246163
2026-05-18T18:00:00+00:00,9553.0013297948
2026-05-18T19:00:00+00:00,9549.5313297948
2026-05-18T20:00:00+00:00,9549.1861314810
2026-05-18T21:00:00+00:00,9548.7431145660
2026-05-19T13:00:00+00:00,9546.6331145660
2026-05-19T14:00:00+00:00,9545.6931145660
2026-05-19T15:00:00+00:00,9543.6131145660
2026-05-19T16:00:00+00:00,9543.1682522242
2026-05-19T17:00:00+00:00,9543.1682522242
2026-05-19T18:00:00+00:00,9543.3665494187
2026-05-19T19:00:00+00:00,9541.0865494187
2026-05-19T20:00:00+00:00,9540.6159221407
2026-05-19T21:00:00+00:00,9540.6159221407
2026-05-20T13:00:00+00:00,9540.6159221407
2026-05-20T14:00:00+00:00,9540.6345343615
2026-05-20T15:00:00+00:00,9543.8195343615
2026-05-20T16:00:00+00:00,9544.8495343615
2026-05-20T17:00:00+00:00,9543.9745343615
2026-05-20T18:00:00+00:00,9543.5359373310
2026-05-20T19:00:00+00:00,9543.3419843380
2026-05-20T20:00:00+00:00,9544.5419843380
2026-05-20T21:00:00+00:00,9544.0919843380
2026-05-21T13:00:00+00:00,9541.4019843380
2026-05-21T14:00:00+00:00,9541.2289572600
2026-05-21T15:00:00+00:00,9539.9950642720
2026-05-21T16:00:00+00:00,9539.6866382272
2026-05-21T17:00:00+00:00,9538.8330152617
2026-05-21T18:00:00+00:00,9538.4696642107
2026-05-21T19:00:00+00:00,9535.3734370282
2026-05-21T20:00:00+00:00,9534.9888380812
2026-05-21T21:00:00+00:00,9534.4830189327
2026-05-22T13:00:00+00:00,9537.7530189327
2026-05-22T14:00:00+00:00,9539.0830189327
2026-05-22T15:00:00+00:00,9538.0380189327
2026-05-22T16:00:00+00:00,9537.6851202607
2026-05-22T17:00:00+00:00,9536.8765228807
2026-05-22T18:00:00+00:00,9536.4931772459
2026-05-22T19:00:00+00:00,9535.7446878749
2026-05-22T20:00:00+00:00,9535.2764652299
2026-05-22T21:00:00+00:00,9535.2764652299
2026-05-26T13:00:00+00:00,9535.2764652299
2026-05-26T14:00:00+00:00,9535.4113437229
2026-05-26T15:00:00+00:00,9536.0463437229
2026-05-26T16:00:00+00:00,9533.5763437229
2026-05-26T17:00:00+00:00,9533.1870111704
2026-05-26T18:00:00+00:00,9532.7975857214
2026-05-26T19:00:00+00:00,9532.8475857214
2026-05-26T20:00:00+00:00,9534.2175857214
2026-05-27T13:00:00+00:00,9536.4575857214
2026-05-27T14:00:00+00:00,9534.2675857214
2026-05-27T15:00:00+00:00,9533.8173172469
2026-05-27T16:00:00+00:00,9533.8173172469
2026-05-27T17:00:00+00:00,9533.8173172469
2026-05-27T18:00:00+00:00,9533.2874117579
2026-05-27T19:00:00+00:00,9532.8376292429
2026-05-27T20:00:00+00:00,9532.1671057024
2026-05-27T21:00:00+00:00,9531.5568852239
2026-05-28T13:00:00+00:00,9531.5568852239
2026-05-28T14:00:00+00:00,9530.9065957029
2026-05-28T15:00:00+00:00,9530.4115282117
2026-05-28T16:00:00+00:00,9531.2097745687
2026-05-28T17:00:00+00:00,9531.8297745687
2026-05-28T18:00:00+00:00,9531.7997745687
2026-05-28T19:00:00+00:00,9531.3469923037
2026-05-28T20:00:00+00:00,9531.3469923037
2026-05-28T21:00:00+00:00,9531.0038045412
2026-05-29T13:00:00+00:00,9531.5238045412
2026-05-29T14:00:00+00:00,9531.0553233344
2026-05-29T15:00:00+00:00,9528.8506054444
2026-05-29T16:00:00+00:00,9528.4170012479
2026-05-29T17:00:00+00:00,9528.3381084267
2026-05-29T18:00:00+00:00,9526.8281084267
2026-05-29T19:00:00+00:00,9526.3849661917
2026-05-29T20:00:00+00:00,9526.7766314169
2026-05-29T21:00:00+00:00,9526.3866314169
2026-06-01T13:00:00+00:00,9528.6266314169
2026-06-01T14:00:00+00:00,9527.7520073054
2026-06-01T15:00:00+00:00,9527.7520073054
2026-06-01T16:00:00+00:00,9528.3085435199
2026-06-01T17:00:00+00:00,9529.5385435199
2026-06-01T18:00:00+00:00,9531.1785435199
2026-06-01T19:00:00+00:00,9531.1185435199
2026-06-01T20:00:00+00:00,9530.0285435199
2026-06-01T21:00:00+00:00,9529.6334814449
2026-06-02T13:00:00+00:00,9529.6334814449
2026-06-02T14:00:00+00:00,9529.5391175844
2026-06-02T15:00:00+00:00,9531.6941175844
2026-06-02T16:00:00+00:00,9531.6691175844
2026-06-02T17:00:00+00:00,9531.2533115714
2026-06-02T18:00:00+00:00,9529.8023545782
2026-06-02T19:00:00+00:00,9529.3220855204
2026-06-02T20:00:00+00:00,9529.2766115674
2026-06-02T21:00:00+00:00,9529.8066115674
2026-06-03T13:00:00+00:00,9528.0566115674
2026-06-03T14:00:00+00:00,9527.5517294774
2026-06-03T15:00:00+00:00,9527.5517294774
2026-06-03T16:00:00+00:00,9526.1329866686
2026-06-03T17:00:00+00:00,9525.6798984291
2026-06-03T18:00:00+00:00,9525.6798984291
2026-06-03T19:00:00+00:00,9525.2465186506
2026-06-03T20:00:00+00:00,9523.8365186506
2026-06-03T21:00:00+00:00,9522.6544863231
2026-06-04T13:00:00+00:00,9522.6544863231
2026-06-04T14:00:00+00:00,9523.1430807091
2026-06-04T15:00:00+00:00,9524.0730807091
2026-06-04T16:00:00+00:00,9525.2330807091
2026-06-04T17:00:00+00:00,9526.7180807091
2026-06-04T18:00:00+00:00,9527.6080807091
2026-06-04T19:00:00+00:00,9527.5430807091
2026-06-04T20:00:00+00:00,9527.1085345911
2026-06-04T21:00:00+00:00,9527.1085345911
2026-06-05T13:00:00+00:00,9527.1085345911
2026-06-05T14:00:00+00:00,9522.8670029666
2026-06-05T15:00:00+00:00,9522.4777844046
2026-06-05T16:00:00+00:00,9518.7578189106
2026-06-05T17:00:00+00:00,9518.2499262381
2026-06-05T18:00:00+00:00,9518.2499262381
2026-06-05T19:00:00+00:00,9512.3130810041
2026-06-05T20:00:00+00:00,9511.7896519596
2026-06-05T21:00:00+00:00,9511.7896519596
2026-06-08T13:00:00+00:00,9511.7896519596
2026-06-08T14:00:00+00:00,9508.3983407701
2026-06-08T15:00:00+00:00,9507.9088978101
2026-06-08T16:00:00+00:00,9505.1818605601
2026-06-08T17:00:00+00:00,9504.7162776951
2026-06-08T18:00:00+00:00,9504.7162776951
2026-06-08T19:00:00+00:00,9504.7162776951
2026-06-08T20:00:00+00:00,9504.7162776951
2026-06-09T13:00:00+00:00,9504.7162776951
2026-06-09T14:00:00+00:00,9505.3002545296
2026-06-09T15:00:00+00:00,9498.6902545296
2026-06-09T16:00:00+00:00,9498.3276054201
2026-06-09T17:00:00+00:00,9498.3276054201
2026-06-09T18:00:00+00:00,9498.3276054201
2026-06-09T19:00:00+00:00,9502.0079907886
2026-06-09T20:00:00+00:00,9502.3279907886
2026-06-09T21:00:00+00:00,9501.6779907886
2026-06-10T13:00:00+00:00,9498.9679907886
2026-06-10T14:00:00+00:00,9500.7879907886
2026-06-10T15:00:00+00:00,9498.1179907886
2026-06-10T16:00:00+00:00,9497.7382754346
2026-06-10T17:00:00+00:00,9497.7382754346
2026-06-10T18:00:00+00:00,9497.7382754346
2026-06-10T19:00:00+00:00,9493.9748038984
2026-06-10T20:00:00+00:00,9493.5883702709
2026-06-10T21:00:00+00:00,9493.5883702709
2026-06-11T13:00:00+00:00,9493.5883702709
2026-06-11T14:00:00+00:00,9493.5883702709
2026-06-11T15:00:00+00:00,9489.0354777829
2026-06-11T16:00:00+00:00,9488.5251720614
2026-06-11T17:00:00+00:00,9486.6033206602
2026-06-11T18:00:00+00:00,9486.1474449862
2026-06-11T19:00:00+00:00,9486.5264442392
2026-06-11T20:00:00+00:00,9488.4364442392
2026-06-11T21:00:00+00:00,9488.9164442392
2026-06-12T13:00:00+00:00,9490.7464442392
2026-06-12T14:00:00+00:00,9489.1331951797
2026-06-12T15:00:00+00:00,9489.1331951797
2026-06-12T16:00:00+00:00,9485.1376820567
2026-06-12T17:00:00+00:00,9484.6743850012
2026-06-12T18:00:00+00:00,9483.9693999222
2026-06-12T19:00:00+00:00,9483.4746749857
2026-06-12T20:00:00+00:00,9483.4746749857
2026-06-15T13:00:00+00:00,9483.4746749857
2026-06-15T14:00:00+00:00,9483.4746749857
2026-06-15T15:00:00+00:00,9483.8626453197
2026-06-15T16:00:00+00:00,9485.8426453197
2026-06-15T17:00:00+00:00,9485.5726453197
2026-06-15T18:00:00+00:00,9485.0891791117
2026-06-15T19:00:00+00:00,9485.0891791117
2026-06-15T20:00:00+00:00,9485.0891791117
2026-06-15T21:00:00+00:00,9485.0891791117
2026-06-16T14:00:00+00:00,9485.0891791117
2026-06-16T15:00:00+00:00,9485.0891791117
2026-06-16T16:00:00+00:00,9485.0891791117
2026-06-16T17:00:00+00:00,9485.0891791117
2026-06-16T18:00:00+00:00,9484.0175034752
2026-06-16T19:00:00+00:00,9483.5562810802
2026-06-16T20:00:00+00:00,9483.5562810802
2026-06-17T13:00:00+00:00,9483.5562810802
2026-06-17T14:00:00+00:00,9481.5053495057
2026-06-17T15:00:00+00:00,9481.0604500005
2026-06-17T16:00:00+00:00,9481.0604500005
2026-06-17T17:00:00+00:00,9479.9950344690
2026-06-17T18:00:00+00:00,9479.5000899675
2026-06-17T19:00:00+00:00,9474.1995604265
2026-06-17T20:00:00+00:00,9473.8319677290
2026-06-17T21:00:00+00:00,9473.8319677290
2026-06-18T13:00:00+00:00,9473.8319677290
2026-06-18T14:00:00+00:00,9471.3538563895
2026-06-18T15:00:00+00:00,9470.8920466267
2026-06-18T16:00:00+00:00,9469.7838512802
2026-06-18T17:00:00+00:00,9469.4360665987
2026-06-18T18:00:00+00:00,9469.3380092637
2026-06-18T19:00:00+00:00,9468.7080092637
2026-06-18T20:00:00+00:00,9468.2402065837
2026-06-18T21:00:00+00:00,9468.5515491987
2026-06-22T14:00:00+00:00,9469.9315491987
2026-06-22T15:00:00+00:00,9464.7615491987
2026-06-22T16:00:00+00:00,9464.2448264287
2026-06-22T17:00:00+00:00,9464.1080051967
2026-06-22T18:00:00+00:00,9463.8580051967
2026-06-22T19:00:00+00:00,9463.4212164322
2026-06-22T20:00:00+00:00,9463.4212164322
2026-06-23T13:00:00+00:00,9463.4212164322
2026-06-23T14:00:00+00:00,9463.4212164322
2026-06-23T15:00:00+00:00,9462.8639045760
2026-06-23T16:00:00+00:00,9462.4117414260
2026-06-23T17:00:00+00:00,9462.4117414260
2026-06-23T18:00:00+00:00,9460.3842495548
2026-06-23T19:00:00+00:00,9459.9227943458
2026-06-23T20:00:00+00:00,9459.9227943458
2026-06-24T13:00:00+00:00,9459.9227943458
2026-06-24T14:00:00+00:00,9460.7219376108
2026-06-24T15:00:00+00:00,9464.3819376108
2026-06-24T16:00:00+00:00,9463.1219376108
2026-06-24T17:00:00+00:00,9462.4591025168
2026-06-24T18:00:00+00:00,9462.4591025168
2026-06-24T19:00:00+00:00,9462.4591025168
2026-06-24T20:00:00+00:00,9463.3398659168
2026-06-24T21:00:00+00:00,9468.0398659168
2026-06-25T13:00:00+00:00,9469.1298659168
2026-06-25T14:00:00+00:00,9459.8998659168
2026-06-25T15:00:00+00:00,9459.4619744108
2026-06-25T16:00:00+00:00,9457.8207336438
2026-06-25T17:00:00+00:00,9457.4002743518
2026-06-25T18:00:00+00:00,9457.4002743518
2026-06-25T19:00:00+00:00,9457.3001556783
2026-06-25T20:00:00+00:00,9456.8201556783
2026-06-25T21:00:00+00:00,9456.3702003443
2026-06-26T13:00:00+00:00,9456.3702003443
2026-06-26T14:00:00+00:00,9456.3702003443
2026-06-26T15:00:00+00:00,9457.5516538018
2026-06-26T16:00:00+00:00,9460.5516538018
2026-06-26T17:00:00+00:00,9459.5416538018
2026-06-26T18:00:00+00:00,9459.1160055256
2026-06-26T19:00:00+00:00,9459.1160055256
2026-06-26T20:00:00+00:00,9459.1160055256
2026-06-26T21:00:00+00:00,9459.1160055256
2026-06-29T14:00:00+00:00,9459.1160055256
2026-06-29T15:00:00+00:00,9459.5237986781
2026-06-29T16:00:00+00:00,9460.2287986781
2026-06-29T17:00:00+00:00,9460.4037986781
2026-06-29T18:00:00+00:00,9462.1437986781
2026-06-29T19:00:00+00:00,9462.3937986781
2026-06-29T20:00:00+00:00,9462.5837986781
2026-06-29T21:00:00+00:00,9462.6137986781
2026-06-30T13:00:00+00:00,9463.3337986781
2026-06-30T14:00:00+00:00,9462.5790557431
2026-06-30T15:00:00+00:00,9461.6127085506
2026-06-30T16:00:00+00:00,9461.1567537166
2026-06-30T17:00:00+00:00,9461.6942424271
2026-06-30T18:00:00+00:00,9461.3992424271
2026-06-30T19:00:00+00:00,9460.9314037501
2026-06-30T20:00:00+00:00,9460.0130943941
2026-07-01T13:00:00+00:00,9457.6230943941
2026-07-01T14:00:00+00:00,9457.8811526423
2026-07-01T15:00:00+00:00,9458.9738633713
2026-07-01T16:00:00+00:00,9460.8238633713
2026-07-01T17:00:00+00:00,9459.4838633713
2026-07-01T18:00:00+00:00,9459.0753947468
2026-07-01T19:00:00+00:00,9459.0753947468
2026-07-01T20:00:00+00:00,9459.0753947468
2026-07-02T13:00:00+00:00,9459.0753947468
2026-07-02T14:00:00+00:00,9461.9819083760
2026-07-02T15:00:00+00:00,9458.8319083760
2026-07-02T16:00:00+00:00,9458.4783167618
2026-07-02T17:00:00+00:00,9458.4783167618
2026-07-02T18:00:00+00:00,9458.4783167618
2026-07-02T19:00:00+00:00,9458.4783167618
2026-07-02T20:00:00+00:00,9459.9124916128
2026-07-02T21:00:00+00:00,9459.1224916128
2026-07-06T14:00:00+00:00,9463.4724916128
2026-07-06T15:00:00+00:00,9465.3224916128
2026-07-06T16:00:00+00:00,9465.8724916128
2026-07-06T17:00:00+00:00,9465.4724916128
2026-07-06T18:00:00+00:00,9465.0272741340
2026-07-06T19:00:00+00:00,9465.0272741340
2026-07-06T20:00:00+00:00,9463.9010695368
2026-07-06T21:00:00+00:00,9463.4903211023
2026-07-07T14:00:00+00:00,9463.4903211023
2026-07-07T15:00:00+00:00,9463.4903211023
2026-07-07T16:00:00+00:00,9463.4903211023
2026-07-07T17:00:00+00:00,9464.6318617338
2026-07-07T18:00:00+00:00,9464.8018617338
2026-07-07T19:00:00+00:00,9463.1818617338
2026-07-07T20:00:00+00:00,9462.7233991088
2026-07-07T21:00:00+00:00,9462.2648617338
2026-07-08T13:00:00+00:00,9458.5148617338
2026-07-08T14:00:00+00:00,9458.8648617338
2026-07-08T15:00:00+00:00,9456.6248617338
2026-07-08T16:00:00+00:00,9456.2897228318
2026-07-08T17:00:00+00:00,9456.2897228318
2026-07-08T18:00:00+00:00,9455.6929616048
2026-07-08T19:00:00+00:00,9455.2213798230
2026-07-08T20:00:00+00:00,9454.6941265550
2026-07-08T21:00:00+00:00,9454.1670438150
2026-07-09T13:00:00+00:00,9454.1670438150
2026-07-09T14:00:00+00:00,9454.1670438150
2026-07-09T15:00:00+00:00,9453.7127653782
2026-07-09T16:00:00+00:00,9453.2635648147
2026-07-09T17:00:00+00:00,9453.3335813192
2026-07-09T18:00:00+00:00,9454.5135813192
2026-07-09T19:00:00+00:00,9453.9535813192
2026-07-09T20:00:00+00:00,9453.5029888717
2026-07-10T13:00:00+00:00,9453.5029888717
2026-07-10T14:00:00+00:00,9453.5029888717
2026-07-10T15:00:00+00:00,9451.3611992257
2026-07-10T16:00:00+00:00,9450.9304867882
2026-07-10T17:00:00+00:00,9451.6137211442
2026-07-10T18:00:00+00:00,9451.5887211442
2026-07-10T19:00:00+00:00,9452.0787211442
2026-07-10T20:00:00+00:00,9452.5387211442
2026-07-10T21:00:00+00:00,9452.6987211442
2026-07-13T13:00:00+00:00,9449.4087211442
2026-07-13T14:00:00+00:00,9449.7671867752
2026-07-13T15:00:00+00:00,9448.3749410912
2026-07-13T16:00:00+00:00,9447.9733047307
2026-07-13T17:00:00+00:00,9447.9733047307
2026-07-13T18:00:00+00:00,9447.9733047307
2026-07-13T19:00:00+00:00,9447.9733047307
2026-07-13T20:00:00+00:00,9447.1435612552
2026-07-14T13:00:00+00:00,9449.9235612552
2026-07-14T14:00:00+00:00,9449.3835612552
2026-07-14T15:00:00+00:00,9449.6935612552
2026-07-14T16:00:00+00:00,9449.0235612552
2026-07-14T17:00:00+00:00,9448.6029748072
2026-07-14T18:00:00+00:00,9448.5618152137
2026-07-14T19:00:00+00:00,9448.4518152137
2026-07-14T20:00:00+00:00,9447.9905568217
2026-07-14T21:00:00+00:00,9447.9905568217
2026-07-15T13:00:00+00:00,9447.9905568217
2026-07-15T14:00:00+00:00,9447.7229841105
2026-07-15T15:00:00+00:00,9446.8029841105
2026-07-15T16:00:00+00:00,9446.3809097865
2026-07-15T17:00:00+00:00,9446.3809097865
2026-07-15T18:00:00+00:00,9446.3809097865
2026-07-15T19:00:00+00:00,9444.9083640775
2026-07-15T20:00:00+00:00,9444.4065357330
2026-07-16T13:00:00+00:00,9444.4065357330
2026-07-16T14:00:00+00:00,9444.4065357330
2026-07-16T15:00:00+00:00,9444.4065357330
2026-07-16T16:00:00+00:00,9443.2989630218
2026-07-16T17:00:00+00:00,9442.8618497010
2026-07-16T18:00:00+00:00,9442.8618497010
2026-07-16T19:00:00+00:00,9442.8618497010
2026-07-16T20:00:00+00:00,9442.8618497010
2026-07-17T13:00:00+00:00,9442.8618497010
2026-07-17T14:00:00+00:00,9442.8618497010
2026-07-17T15:00:00+00:00,9442.6849324610
2026-07-17T16:00:00+00:00,9444.4649324610
2026-07-17T17:00:00+00:00,9443.9349324610
2026-07-17T18:00:00+00:00,9443.4971717775
2026-07-17T19:00:00+00:00,9443.4971717775
2026-07-17T20:00:00+00:00,9443.4971717775
2026-07-20T13:00:00+00:00,9443.4971717775
2026-07-20T14:00:00+00:00,9441.7339104255
2026-07-20T15:00:00+00:00,9441.1715817060
2026-07-20T16:00:00+00:00,9441.1715817060
2026-07-20T17:00:00+00:00,9439.7339444060
2026-07-20T18:00:00+00:00,9439.2669876555
2026-07-20T19:00:00+00:00,9439.2669876555
2026-07-20T20:00:00+00:00,9439.2669876555
2026-07-20T21:00:00+00:00,9439.2669876555
2026-07-21T14:00:00+00:00,9439.2669876555
2026-07-21T15:00:00+00:00,9439.2669876555
2026-07-21T16:00:00+00:00,9439.4688343125
2026-07-21T17:00:00+00:00,9440.6688343125
2026-07-21T18:00:00+00:00,9440.5388343125
2026-07-21T19:00:00+00:00,9440.0497477395
2026-07-21T20:00:00+00:00,9440.0497477395
2026-07-21T21:00:00+00:00,9440.0497477395
2026-07-22T13:00:00+00:00,9440.0497477395
2026-07-22T14:00:00+00:00,9441.2864803870
2026-07-22T15:00:00+00:00,9440.5164803870
2026-07-22T16:00:00+00:00,9440.0877267862
2026-07-22T17:00:00+00:00,9439.6878152967
2026-07-22T18:00:00+00:00,9438.3628152967
2026-07-22T19:00:00+00:00,9437.9137437225
2026-07-22T20:00:00+00:00,9437.9137437225
2026-07-22T21:00:00+00:00,9437.9137437225
2026-07-23T13:00:00+00:00,9437.9137437225
2026-07-23T14:00:00+00:00,9437.9137437225
2026-07-23T15:00:00+00:00,9437.9137437225
2026-07-23T16:00:00+00:00,9437.9137437225
2026-07-23T17:00:00+00:00,9437.9137437225
2026-07-23T18:00:00+00:00,9436.2256428005
2026-07-23T19:00:00+00:00,9435.6384496530
2026-07-23T20:00:00+00:00,9435.6384496530
2026-07-23T21:00:00+00:00,9435.1950067025
2026-07-24T13:00:00+00:00,9436.8450067025
2026-07-24T14:00:00+00:00,9433.8100067025
2026-07-24T15:00:00+00:00,9433.3324895820
2026-07-24T16:00:00+00:00,9435.2880925520
2026-07-24T17:00:00+00:00,9433.7580925520
2026-07-24T18:00:00+00:00,9433.2582806228
2026-07-24T19:00:00+00:00,9433.2582806228
2026-07-24T20:00:00+00:00,9433.2582806228
2026-07-24T21:00:00+00:00,9432.6051436978
2026-07-27T13:00:00+00:00,9439.2151436978
2026-07-27T14:00:00+00:00,9435.9351436978
2026-07-27T15:00:00+00:00,9435.4852117786
2026-07-27T16:00:00+00:00,9435.4852117786
2026-07-27T17:00:00+00:00,9435.4852117786
2026-07-27T18:00:00+00:00,9435.4852117786
2026-07-27T19:00:00+00:00,9436.1574108816
2026-07-27T20:00:00+00:00,9435.9524108816
2026-07-28T13:00:00+00:00,9437.0224108816
2026-07-28T14:00:00+00:00,9433.6024108816
2026-07-28T15:00:00+00:00,9433.1505537061
2026-07-28T16:00:00+00:00,9436.2473387746
2026-07-28T17:00:00+00:00,9436.6673387746
2026-07-28T18:00:00+00:00,9435.2673387746
2026-07-28T19:00:00+00:00,9434.8426498351
2026-07-28T20:00:00+00:00,9433.7377397623
2026-07-28T21:00:00+00:00,9433.1683747958
2026-07-29T13:00:00+00:00,9433.1683747958
2026-07-29T14:00:00+00:00,9429.6440257698
2026-07-29T15:00:00+00:00,9429.1916046413
2026-07-29T16:00:00+00:00,9429.1916046413
2026-07-29T17:00:00+00:00,9429.1916046413
2026-07-29T18:00:00+00:00,9430.2106338968
2026-07-29T19:00:00+00:00,9435.6056338968
2026-07-29T20:00:00+00:00,9423.4306338968
2026-07-29T21:00:00+00:00,9423.4426583978
2026-07-30T13:00:00+00:00,9423.4426583978
2026-07-30T14:00:00+00:00,9425.5760065966
2026-07-30T15:00:00+00:00,9423.2010065966
2026-07-30T16:00:00+00:00,9422.7842934091
2026-07-30T17:00:00+00:00,9424.2319965541
2026-07-30T18:00:00+00:00,9425.0319965541
2026-07-30T19:00:00+00:00,9426.0219965541
2026-07-30T20:00:00+00:00,9426.8719965541
2026-07-30T21:00:00+00:00,9427.8319965541
2026-07-31T13:00:00+00:00,9428.9219965541
2026-07-31T14:00:00+00:00,9429.4802227883
2026-07-31T15:00:00+00:00,9429.4802227883
2026-07-31T16:00:00+00:00,9429.5596286585
2026-07-31T17:00:00+00:00,9431.0746286585
2026-07-31T18:00:00+00:00,9431.8996286585
2026-07-31T19:00:00+00:00,9432.6096286585
2026-07-31T20:00:00+00:00,9433.2296286585
2026-08-03T13:00:00+00:00,9437.3196286585
2026-08-03T14:00:00+00:00,9440.0496286585
2026-08-03T15:00:00+00:00,9441.8196286585
2026-08-03T16:00:00+00:00,9442.3996286585
2026-08-03T17:00:00+00:00,9442.6396286585
2026-08-03T18:00:00+00:00,9444.0996286585
2026-08-03T19:00:00+00:00,9444.3896286585
2026-08-03T20:00:00+00:00,9444.1596286585
2026-08-03T21:00:00+00:00,9443.5551245370
2026-08-04T13:00:00+00:00,9443.5551245370
2026-08-04T14:00:00+00:00,9443.5551245370
2026-08-04T15:00:00+00:00,9446.0370583680
2026-08-04T16:00:00+00:00,9448.1370583680
2026-08-04T17:00:00+00:00,9449.9820583680
2026-08-04T18:00:00+00:00,9451.2870583680
2026-08-04T19:00:00+00:00,9451.8070583680
2026-08-04T20:00:00+00:00,9450.8270583680
2026-08-04T21:00:00+00:00,9450.9540769530
2026-08-05T13:00:00+00:00,9450.9540769530
2026-08-05T14:00:00+00:00,9450.9540769530
2026-08-05T15:00:00+00:00,9447.6032191348
2026-08-05T16:00:00+00:00,9447.1741488106
2026-08-05T17:00:00+00:00,9447.1741488106
2026-08-05T18:00:00+00:00,9446.2959372128
2026-08-05T19:00:00+00:00,9445.9829617973
2026-08-05T20:00:00+00:00,9445.9829617973
2026-08-05T21:00:00+00:00,9445.9829617973
2026-08-06T13:00:00+00:00,9445.9829617973
2026-08-06T14:00:00+00:00,9446.3859052958
2026-08-06T15:00:00+00:00,9446.4759052958
2026-08-06T16:00:00+00:00,9446.0183498453
2026-08-06T17:00:00+00:00,9446.0183498453
2026-08-06T18:00:00+00:00,9445.1669173958
2026-08-06T19:00:00+00:00,9444.7857478298
2026-08-06T20:00:00+00:00,9443.9943273813
2026-08-06T21:00:00+00:00,9443.8929658313
2026-08-07T13:00:00+00:00,9443.8929658313
2026-08-07T14:00:00+00:00,9443.2901532668
2026-08-07T15:00:00+00:00,9442.7725348216
2026-08-07T16:00:00+00:00,9442.5237771784
2026-08-07T17:00:00+00:00,9441.4087771784
2026-08-07T18:00:00+00:00,9440.9856127786
2026-08-07T19:00:00+00:00,9440.0672961721
2026-08-07T20:00:00+00:00,9439.6692907591
2026-08-07T21:00:00+00:00,9439.2053561011
2026-08-10T14:00:00+00:00,9439.5153561011
2026-08-10T15:00:00+00:00,9439.5553561011
2026-08-10T16:00:00+00:00,9439.1512527796
2026-08-10T17:00:00+00:00,9437.1966340646
2026-08-10T18:00:00+00:00,9436.8579117114
2026-08-10T19:00:00+00:00,9436.8579117114
2026-08-10T20:00:00+00:00,9436.2039470509
2026-08-10T21:00:00+00:00,9435.5402936919
2026-08-11T13:00:00+00:00,9435.5402936919
2026-08-11T14:00:00+00:00,9435.5402936919
2026-08-11T15:00:00+00:00,9435.5402936919
2026-08-11T16:00:00+00:00,9433.4310620091
2026-08-11T17:00:00+00:00,9433.0678346146
2026-08-11T18:00:00+00:00,9433.0678346146
2026-08-11T19:00:00+00:00,9431.5050820551
2026-08-11T20:00:00+00:00,9431.0430665596
2026-08-11T21:00:00+00:00,9430.5006380271
2026-08-12T13:00:00+00:00,9432.9806380271
2026-08-12T14:00:00+00:00,9432.5806380271
2026-08-12T15:00:00+00:00,9432.0871046581
2026-08-12T16:00:00+00:00,9432.0871046581
2026-08-12T17:00:00+00:00,9432.0871046581
2026-08-12T18:00:00+00:00,9431.5583260131
2026-08-12T19:00:00+00:00,9431.0996606551
2026-08-12T20:00:00+00:00,9430.1408010033
2026-08-12T21:00:00+00:00,9429.6973036313
2026-08-13T13:00:00+00:00,9429.6973036313
2026-08-13T14:00:00+00:00,9429.6973036313
2026-08-13T15:00:00+00:00,9429.3806987508
2026-08-13T16:00:00+00:00,9427.1106987508
2026-08-13T17:00:00+00:00,9426.6304525246
2026-08-13T18:00:00+00:00,9426.1893816886
2026-08-13T19:00:00+00:00,9427.2043816886
2026-08-13T20:00:00+00:00,9427.2843816886
2026-08-13T21:00:00+00:00,9427.3043816886
2026-08-14T13:00:00+00:00,9428.2343816886
2026-08-14T14:00:00+00:00,9427.8743816886
2026-08-14T15:00:00+00:00,9427.2524556024
2026-08-14T16:00:00+00:00,9427.2524556024
2026-08-14T17:00:00+00:00,9427.2524556024
2026-08-14T18:00:00+00:00,9427.2524556024
2026-08-14T19:00:00+00:00,9427.1069128104
2026-08-14T20:00:00+00:00,9427.2469128104
2026-08-14T21:00:00+00:00,9426.9769128104
2026-08-17T13:00:00+00:00,9427.1469128104
2026-08-17T14:00:00+00:00,9426.7411956234
2026-08-17T15:00:00+00:00,9426.7411956234
2026-08-17T16:00:00+00:00,9426.7411956234
2026-08-17T17:00:00+00:00,9425.6910038606
2026-08-17T18:00:00+00:00,9425.2362345946
2026-08-17T19:00:00+00:00,9425.2362345946
2026-08-17T20:00:00+00:00,9425.2362345946
2026-08-17T21:00:00+00:00,9425.2362345946
2026-08-18T13:00:00+00:00,9425.2362345946
2026-08-18T14:00:00+00:00,9425.2362345946
2026-08-18T15:00:00+00:00,9425.2362345946
2026-08-18T16:00:00+00:00,9425.2362345946
2026-08-18T17:00:00+00:00,9425.0501831768
2026-08-18T18:00:00+00:00,9424.0501831768
2026-08-18T19:00:00+00:00,9423.5696555573
2026-08-18T20:00:00+00:00,9422.7239671698
2026-08-18T21:00:00+00:00,9422.1986255348
2026-08-19T13:00:00+00:00,9422.1986255348
2026-08-19T14:00:00+00:00,9421.4213710168
2026-08-19T15:00:00+00:00,9421.0843075253
2026-08-19T16:00:00+00:00,9419.0459519155
2026-08-19T17:00:00+00:00,9418.5636304455
2026-08-19T18:00:00+00:00,9418.5636304455
2026-08-19T19:00:00+00:00,9418.5636304455
2026-08-19T20:00:00+00:00,9417.6568709687
2026-08-19T21:00:00+00:00,9417.2354314252
2026-08-20T13:00:00+00:00,9417.2354314252
2026-08-20T14:00:00+00:00,9417.2354314252
2026-08-20T15:00:00+00:00,9417.4854991007
2026-08-20T16:00:00+00:00,9416.0954991007
2026-08-20T17:00:00+00:00,9415.6860213937
2026-08-20T18:00:00+00:00,9413.3811520745
2026-08-20T19:00:00+00:00,9412.8824902995
2026-08-20T20:00:00+00:00,9412.8824902995
2026-08-20T21:00:00+00:00,9412.8824902995
2026-08-21T13:00:00+00:00,9412.8824902995
2026-08-21T14:00:00+00:00,9411.0028580000
2026-08-21T15:00:00+00:00,9410.5391572282
2026-08-21T16:00:00+00:00,9411.4846419384
2026-08-21T17:00:00+00:00,9410.5846419384
2026-08-21T18:00:00+00:00,9410.2398312592
2026-08-21T19:00:00+00:00,9410.2398312592
2026-08-21T20:00:00+00:00,9409.2000609482
2026-08-21T21:00:00+00:00,9408.7107332287
2026-08-24T13:00:00+00:00,9408.7107332287
2026-08-24T14:00:00+00:00,9408.7107332287
2026-08-24T15:00:00+00:00,9408.7107332287
2026-08-24T16:00:00+00:00,9409.0924810442
2026-08-24T17:00:00+00:00,9408.7524810442
2026-08-24T18:00:00+00:00,9408.2890082534
2026-08-24T19:00:00+00:00,9408.2890082534
2026-08-24T20:00:00+00:00,9407.3905940554
2026-08-24T21:00:00+00:00,9406.8725562284
2026-08-25T13:00:00+00:00,9406.8725562284
2026-08-25T14:00:00+00:00,9406.8725562284
2026-08-25T15:00:00+00:00,9406.8725562284
2026-08-25T16:00:00+00:00,9406.8725562284
2026-08-25T17:00:00+00:00,9406.7232479559
2026-08-25T18:00:00+00:00,9406.0182479559
2026-08-25T19:00:00+00:00,9405.5292712071
2026-08-25T20:00:00+00:00,9405.1998369241
2026-08-25T21:00:00+00:00,9405.2598369241
2026-08-26T13:00:00+00:00,9404.2598369241
2026-08-26T14:00:00+00:00,9403.6810371606
2026-08-26T15:00:00+00:00,9402.4710268296
2026-08-26T16:00:00+00:00,9402.0015491226
2026-08-26T17:00:00+00:00,9402.0015491226
2026-08-26T18:00:00+00:00,9402.0015491226
2026-08-26T19:00:00+00:00,9402.3821148396
2026-08-26T20:00:00+00:00,9401.8221148396
2026-08-26T21:00:00+00:00,9402.0821571726
2026-08-27T13:00:00+00:00,9402.0821571726
2026-08-27T14:00:00+00:00,9402.0821571726
2026-08-27T15:00:00+00:00,9402.0821571726
2026-08-27T16:00:00+00:00,9401.9098786526
2026-08-27T17:00:00+00:00,9403.1898786526
2026-08-27T18:00:00+00:00,9402.4498786526
2026-08-27T19:00:00+00:00,9401.9971732146
2026-08-27T20:00:00+00:00,9401.9971732146
2026-08-27T21:00:00+00:00,9401.5346366731
2026-08-28T13:00:00+00:00,9402.3746366731
2026-08-28T14:00:00+00:00,9402.3746366731
2026-08-28T15:00:00+00:00,9401.9716372596
2026-08-28T16:00:00+00:00,9397.6366285121
2026-08-28T17:00:00+00:00,9397.1790160663
2026-08-28T18:00:00+00:00,9397.1790160663
2026-08-28T19:00:00+00:00,9397.1790160663
2026-08-28T20:00:00+00:00,9397.1790160663
2026-08-31T13:00:00+00:00,9397.1790160663
2026-08-31T14:00:00+00:00,9397.1790160663
2026-08-31T15:00:00+00:00,9397.1790160663
2026-08-31T16:00:00+00:00,9397.1790160663
2026-08-31T17:00:00+00:00,9397.1790160663
2026-08-31T18:00:00+00:00,9397.4695217783
2026-08-31T19:00:00+00:00,9396.6395217783
2026-08-31T20:00:00+00:00,9396.2101340638
2026-09-01T13:00:00+00:00,9396.2101340638
2026-09-01T14:00:00+00:00,9396.2101340638
2026-09-01T15:00:00+00:00,9397.1278419593
2026-09-01T16:00:00+00:00,9397.9378419593
2026-09-01T17:00:00+00:00,9395.9828419593
2026-09-01T18:00:00+00:00,9395.4505330715
2026-09-01T19:00:00+00:00,9395.4505330715
2026-09-01T20:00:00+00:00,9395.4505330715
2026-09-01T21:00:00+00:00,9395.2433549765
2026-09-02T13:00:00+00:00,9395.0833549765
2026-09-02T14:00:00+00:00,9395.0259590960
2026-09-02T15:00:00+00:00,9396.8581029445
2026-09-02T16:00:00+00:00,9397.4381029445
2026-09-02T17:00:00+00:00,9396.4581029445
2026-09-02T18:00:00+00:00,9396.0791411945
2026-09-02T19:00:00+00:00,9395.2199889350
2026-09-02T20:00:00+00:00,9394.7611531745
2026-09-02T21:00:00+00:00,9394.3019949145
2026-09-03T13:00:00+00:00,9395.5619949145
2026-09-03T14:00:00+00:00,9396.5362963093
2026-09-03T15:00:00+00:00,9395.8095398328
2026-09-03T16:00:00+00:00,9395.3380252956
2026-09-03T17:00:00+00:00,9394.5040366331
2026-09-03T18:00:00+00:00,9394.1202992811
2026-09-03T19:00:00+00:00,9394.0262806161
2026-09-03T20:00:00+00:00,9393.5762806161
2026-09-03T21:00:00+00:00,9393.0074502719
2026-09-04T13:00:00+00:00,9393.0074502719
2026-09-04T14:00:00+00:00,9393.0074502719
2026-09-04T15:00:00+00:00,9389.6640316569
2026-09-04T16:00:00+00:00,9389.2423941299
2026-09-04T17:00:00+00:00,9389.7203826321
2026-09-04T18:00:00+00:00,9388.2953826321
2026-09-04T19:00:00+00:00,9387.9636611121
2026-09-04T20:00:00+00:00,9387.4815026021
2026-09-08T13:00:00+00:00,9386.0315026021
2026-09-08T14:00:00+00:00,9384.7415026021
2026-09-08T15:00:00+00:00,9384.2910709746
2026-09-08T16:00:00+00:00,9383.5554305911
2026-09-08T17:00:00+00:00,9383.0350679579
2026-09-08T18:00:00+00:00,9383.0350679579
2026-09-08T19:00:00+00:00,9381.8845415839
2026-09-08T20:00:00+00:00,9381.4544879249
2026-09-08T21:00:00+00:00,9381.4544879249
2026-09-09T13:00:00+00:00,9381.4544879249
2026-09-09T14:00:00+00:00,9381.4544879249
2026-09-09T15:00:00+00:00,9380.6509747187
2026-09-09T16:00:00+00:00,9380.2177299089
2026-09-09T17:00:00+00:00,9380.2177299089
2026-09-09T18:00:00+00:00,9380.2351617814
2026-09-09T19:00:00+00:00,9380.1301617814
2026-09-09T20:00:00+00:00,9379.6724479274
2026-09-09T21:00:00+00:00,9379.6724479274
2026-09-10T13:00:00+00:00,9379.6724479274
2026-09-10T14:00:00+00:00,9379.6724479274
2026-09-10T15:00:00+00:00,9379.6724479274
2026-09-10T16:00:00+00:00,9378.3967819584
2026-09-10T17:00:00+00:00,9377.8917138839
2026-09-10T18:00:00+00:00,9376.5811799259
2026-09-10T19:00:00+00:00,9376.1262348411
2026-09-10T20:00:00+00:00,9376.1262348411
2026-09-11T13:00:00+00:00,9376.1262348411
2026-09-11T14:00:00+00:00,9377.0472625966
2026-09-11T15:00:00+00:00,9374.7422625966
2026-09-11T16:00:00+00:00,9374.2839217948
2026-09-11T17:00:00+00:00,9373.7494515088
2026-09-11T18:00:00+00:00,9373.4649977998
2026-09-11T19:00:00+00:00,9373.4649977998
2026-09-11T20:00:00+00:00,9373.4649977998
2026-09-11T21:00:00+00:00,9373.4649977998