timestamp,equity
2025-01-02T15:00:00+00:00,10000.0000000000
2025-01-02T16:00:00+00:00,10000.0000000000
2025-01-02T17:00:00+00:00,10000.0000000000
2025-01-02T18:00:00+00:00,10000.0000000000
2025-01-02T19:00:00+00:00,10000.0000000000
2025-01-02T20:00:00+00:00,10000.0000000000
2025-01-02T21:00:00+00:00,10000.0000000000
2025-01-03T15:00:00+00:00,10000.0000000000
2025-01-03T16:00:00+00:00,10000.4371594340
2025-01-03T17:00:00+00:00,10001.5771594340
2025-01-03T18:00:00+00:00,9998.0571594340
2025-01-03T19:00:00+00:00,9997.5551839360
2025-01-03T20:00:00+00:00,9999.5326793980
2025-01-03T21:00:00+00:00,9999.8526793980
2025-01-06T15:00:00+00:00,10003.6126793980
2025-01-06T16:00:00+00:00,10011.5726793980
2025-01-06T17:00:00+00:00,10011.4126793980
2025-01-06T18:00:00+00:00,10010.5417766440
2025-01-06T19:00:00+00:00,10010.5417766440
2025-01-06T20:00:00+00:00,10010.5417766440
2025-01-06T21:00:00+00:00,10010.5417766440
2025-01-07T15:00:00+00:00,10010.5417766440
2025-01-07T16:00:00+00:00,10009.7344117010
2025-01-07T17:00:00+00:00,10009.2272286370
2025-01-07T18:00:00+00:00,10009.2272286370
2025-01-07T19:00:00+00:00,10009.2272286370
2025-01-07T20:00:00+00:00,10008.0055161650
2025-01-07T21:00:00+00:00,10007.5042366090
2025-01-07T22:00:00+00:00,10006.9227401550
2025-01-08T15:00:00+00:00,10001.6027401550
2025-01-08T16:00:00+00:00,10001.0045443420
2025-01-08T17:00:00+00:00,9999.6401916500
2025-01-08T18:00:00+00:00,9998.9564642980
2025-01-08T19:00:00+00:00,9998.9564642980
2025-01-08T20:00:00+00:00,9998.9564642980
2025-01-08T21:00:00+00:00,10001.1757839120
2025-01-10T14:00:00+00:00,9995.6157839120
2025-01-10T15:00:00+00:00,9994.3172881240
2025-01-10T16:00:00+00:00,9994.3172881240
2025-01-10T17:00:00+00:00,9994.3172881240
2025-01-10T18:00:00+00:00,9994.3172881240
2025-01-10T19:00:00+00:00,10000.7515369820
2025-01-10T20:00:00+00:00,9995.9715369820
2025-01-10T21:00:00+00:00,9995.5444642420
2025-01-10T22:00:00+00:00,9994.9753768220
2025-01-13T15:00:00+00:00,9967.6953768220
2025-01-13T16:00:00+00:00,9967.3226428870
2025-01-13T17:00:00+00:00,9964.7677406490
2025-01-13T18:00:00+00:00,9964.2141307870
2025-01-13T19:00:00+00:00,9966.5745001550
2025-01-13T20:00:00+00:00,9966.5745001550
2025-01-13T21:00:00+00:00,9968.6545001550
2025-01-14T15:00:00+00:00,9970.7345001550
2025-01-14T16:00:00+00:00,9970.1345001550
2025-01-14T17:00:00+00:00,9969.5310991090
2025-01-14T18:00:00+00:00,9969.5310991090
2025-01-14T19:00:00+00:00,9969.5310991090
2025-01-14T20:00:00+00:00,9962.9277961710
2025-01-14T21:00:00+00:00,9962.2482828010
2025-01-15T15:00:00+00:00,9962.2482828010
2025-01-15T16:00:00+00:00,9963.7583313090
2025-01-15T17:00:00+00:00,9958.9183313090
2025-01-15T18:00:00+00:00,9958.2302026570
2025-01-15T19:00:00+00:00,9958.6207312050
2025-01-15T20:00:00+00:00,9959.9007312050
2025-01-15T21:00:00+00:00,9959.6807312050
2025-01-16T15:00:00+00:00,9948.1407312050
2025-01-16T16:00:00+00:00,9946.8974741470
2025-01-16T17:00:00+00:00,9946.8974741470
2025-01-16T18:00:00+00:00,9946.8974741470
2025-01-16T19:00:00+00:00,9946.8974741470
2025-01-16T20:00:00+00:00,9946.8974741470
2025-01-16T21:00:00+00:00,9940.0258601830
2025-01-17T15:00:00+00:00,9950.2258601830
2025-01-17T16:00:00+00:00,9949.7119863430
2025-01-17T17:00:00+00:00,9942.6968440850
2025-01-17T18:00:00+00:00,9941.7658980010
2025-01-17T19:00:00+00:00,9937.7134679690
2025-01-17T20:00:00+00:00,9937.1432418250
2025-01-17T21:00:00+00:00,9937.1432418250
2025-01-21T15:00:00+00:00,9937.1432418250
2025-01-21T16:00:00+00:00,9937.1432418250
2025-01-21T17:00:00+00:00,9937.1432418250
2025-01-21T18:00:00+00:00,9937.1432418250
2025-01-21T19:00:00+00:00,9940.4346337780
2025-01-21T20:00:00+00:00,9940.0746337780
2025-01-21T21:00:00+00:00,9939.5440379980
2025-01-22T14:00:00+00:00,9939.5440379980
2025-01-22T15:00:00+00:00,9939.5440379980
2025-01-22T16:00:00+00:00,9938.7888174000
2025-01-22T17:00:00+00:00,9938.2338299860
2025-01-22T18:00:00+00:00,9938.2338299860
2025-01-22T19:00:00+00:00,9936.6593054460
2025-01-22T20:00:00+00:00,9936.0055659280
2025-01-22T21:00:00+00:00,9937.1894092520
2025-01-23T15:00:00+00:00,9942.4494092520
2025-01-23T16:00:00+00:00,9943.4294092520
2025-01-23T17:00:00+00:00,9938.1094092520
2025-01-23T18:00:00+00:00,9937.7716380700
2025-01-23T19:00:00+00:00,9937.7716380700
2025-01-23T20:00:00+00:00,9937.7716380700
2025-01-23T21:00:00+00:00,9937.7716380700
2025-01-24T14:00:00+00:00,9937.7716380700
2025-01-24T15:00:00+00:00,9937.7716380700
2025-01-24T16:00:00+00:00,9937.7716380700
2025-01-24T17:00:00+00:00,9937.7716380700
2025-01-24T18:00:00+00:00,9937.7716380700
2025-01-24T19:00:00+00:00,9937.7716380700
2025-01-24T20:00:00+00:00,9937.7716380700
2025-01-24T21:00:00+00:00,9938.4774975620
2025-01-27T14:00:00+00:00,9939.4374975620
2025-01-27T15:00:00+00:00,9949.7774975620
2025-01-27T16:00:00+00:00,9958.3574975620
2025-01-27T17:00:00+00:00,9960.6774975620
2025-01-27T18:00:00+00:00,9967.6774975620
2025-01-27T19:00:00+00:00,9973.0774975620
2025-01-27T20:00:00+00:00,9973.4174975620
2025-01-27T21:00:00+00:00,9966.9974975620
2025-01-28T15:00:00+00:00,9986.1174975620
2025-01-28T16:00:00+00:00,10002.2774975620
2025-01-28T17:00:00+00:00,10005.9174975620
2025-01-28T18:00:00+00:00,10001.9174975620
2025-01-28T19:00:00+00:00,10001.6644493200
2025-01-28T20:00:00+00:00,10002.4912455570
2025-01-28T21:00:00+00:00,9998.7512455570
2025-01-29T15:00:00+00:00,9988.9112455570
2025-01-29T16:00:00+00:00,9996.9512455570
2025-01-29T17:00:00+00:00,9991.9912455570
2025-01-29T18:00:00+00:00,9991.6034888740
2025-01-29T19:00:00+00:00,9991.6034888740
2025-01-29T20:00:00+00:00,9995.4347854860
2025-01-29T21:00:00+00:00,10000.5347854860
2025-01-30T15:00:00+00:00,10001.1147854860
2025-01-30T16:00:00+00:00,9995.6347854860
2025-01-30T17:00:00+00:00,9995.0034531010
2025-01-30T18:00:00+00:00,9993.0504413540
2025-01-30T19:00:00+00:00,9992.6182690390
2025-01-30T20:00:00+00:00,9992.8031211140
2025-01-30T21:00:00+00:00,9983.6631211140
2025-01-30T22:00:00+00:00,9996.9647693140
2025-01-31T15:00:00+00:00,9996.9647693140
2025-01-31T16:00:00+00:00,9996.9647693140
2025-01-31T17:00:00+00:00,9996.9647693140
2025-01-31T18:00:00+00:00,9996.9647693140
2025-01-31T19:00:00+00:00,9996.9647693140
2025-01-31T20:00:00+00:00,9996.9647693140
2025-01-31T21:00:00+00:00,9996.9647693140
2025-02-03T15:00:00+00:00,9996.9647693140
2025-02-03T16:00:00+00:00,9996.9647693140
2025-02-03T17:00:00+00:00,9996.9647693140
2025-02-03T18:00:00+00:00,9996.9647693140
2025-02-03T19:00:00+00:00,10002.1403799520
2025-02-03T20:00:00+00:00,10004.5803799520
2025-02-03T21:00:00+00:00,10000.8603799520
2025-02-04T15:00:00+00:00,10004.7803799520
2025-02-04T16:00:00+00:00,10011.3003799520
2025-02-04T17:00:00+00:00,10017.8603799520
2025-02-04T18:00:00+00:00,10018.1803799520
2025-02-04T19:00:00+00:00,10015.2003799520
2025-02-04T20:00:00+00:00,10014.5648622490
2025-02-04T21:00:00+00:00,10015.1267437430
2025-02-05T15:00:00+00:00,10004.4867437430
2025-02-05T16:00:00+00:00,10002.0067437430
2025-02-05T17:00:00+00:00,10001.4559176490
2025-02-05T18:00:00+00:00,9998.2821555060
2025-02-05T19:00:00+00:00,9997.9099495270
2025-02-05T20:00:00+00:00,10000.3566314210
2025-02-05T21:00:00+00:00,10005.0366314210
2025-02-06T15:00:00+00:00,10009.3166314210
2025-02-06T16:00:00+00:00,9999.0366314210
2025-02-06T17:00:00+00:00,9998.2825176010
2025-02-06T18:00:00+00:00,10000.9280954030
2025-02-06T19:00:00+00:00,10003.4080954030
2025-02-06T20:00:00+00:00,10002.4880954030
2025-02-06T21:00:00+00:00,10001.8509578350
2025-02-07T15:00:00+00:00,10001.8509578350
2025-02-07T16:00:00+00:00,9992.1324913000
2025-02-07T17:00:00+00:00,9992.3191694140
2025-02-07T18:00:00+00:00,9992.3191694140
2025-02-07T19:00:00+00:00,9992.3191694140
2025-02-07T20:00:00+00:00,9992.3191694140
2025-02-07T21:00:00+00:00,9989.3712517580
2025-02-10T15:00:00+00:00,9995.3112517580
2025-02-10T16:00:00+00:00,9994.8212655940
2025-02-10T17:00:00+00:00,9994.8212655940
2025-02-10T18:00:00+00:00,9992.0911157520
2025-02-10T19:00:00+00:00,9991.5223774840
2025-02-10T20:00:00+00:00,9991.5223774840
2025-02-10T21:00:00+00:00,9991.5223774840
2025-02-11T15:00:00+00:00,9991.5223774840
2025-02-11T16:00:00+00:00,10006.8895874220
2025-02-11T17:00:00+00:00,10008.6095874220
2025-02-11T18:00:00+00:00,10006.5295874220
2025-02-11T19:00:00+00:00,10006.0475062660
2025-02-11T20:00:00+00:00,10006.0475062660
2025-02-11T21:00:00+00:00,10006.0475062660
2025-02-12T15:00:00+00:00,10006.0475062660
2025-02-12T16:00:00+00:00,10013.8893037530
2025-02-12T17:00:00+00:00,10016.5893037530
2025-02-12T18:00:00+00:00,10017.9493037530
2025-02-12T19:00:00+00:00,10017.7893037530
2025-02-12T20:00:00+00:00,10017.3037668850
2025-02-12T21:00:00+00:00,10018.2162155930
2025-02-13T14:00:00+00:00,10018.2162155930
2025-02-13T15:00:00+00:00,10016.0762155930
2025-02-13T16:00:00+00:00,10015.6490708590
2025-02-13T17:00:00+00:00,10019.2946189920
2025-02-13T18:00:00+00:00,10020.4946189920
2025-02-13T19:00:00+00:00,10024.0746189920
2025-02-13T20:00:00+00:00,10026.6546189920
2025-02-13T21:00:00+00:00,10023.6946189920
2025-02-14T14:00:00+00:00,10021.3746189920
2025-02-14T15:00:00+00:00,10020.3567471520
2025-02-14T16:00:00+00:00,10019.9305823090
2025-02-14T17:00:00+00:00,10020.4305823090
2025-02-14T18:00:00+00:00,10018.4305823090
2025-02-14T19:00:00+00:00,10018.1051630980
2025-02-14T20:00:00+00:00,10018.1192022720
2025-02-14T21:00:00+00:00,10019.3992022720
2025-02-18T15:00:00+00:00,10020.5192022720
2025-02-18T16:00:00+00:00,10018.3592022720
2025-02-18T17:00:00+00:00,10017.6928831360
2025-02-18T18:00:00+00:00,10013.4050741560
2025-02-18T19:00:00+00:00,10012.6996549450
2025-02-18T20:00:00+00:00,10012.6996549450
2025-02-18T21:00:00+00:00,10015.0546902020
2025-02-19T14:00:00+00:00,10013.2546902020
2025-02-19T15:00:00+00:00,10013.8284430600
2025-02-19T16:00:00+00:00,10006.5602020440
2025-02-19T17:00:00+00:00,10005.9161027230
2025-02-19T18:00:00+00:00,10005.1486057690
2025-02-19T19:00:00+00:00,10004.5813027150
2025-02-19T20:00:00+00:00,10004.4739257710
2025-02-19T21:00:00+00:00,10004.7139257710
2025-02-20T15:00:00+00:00,10004.6339257710
2025-02-20T16:00:00+00:00,10004.5059867700
2025-02-20T17:00:00+00:00,10004.5376497460
2025-02-20T18:00:00+00:00,10004.8376497460
2025-02-20T19:00:00+00:00,10004.8776497460
2025-02-20T20:00:00+00:00,10005.0776497460
2025-02-20T21:00:00+00:00,10006.7976497460
2025-02-21T15:00:00+00:00,10006.2576497460
2025-02-21T16:00:00+00:00,10004.7285708400
2025-02-21T17:00:00+00:00,10008.5983616600
2025-02-21T18:00:00+00:00,10014.1583616600
2025-02-21T19:00:00+00:00,10011.4783616600
2025-02-21T20:00:00+00:00,10010.8838472070
2025-02-21T21:00:00+00:00,10010.8838472070
2025-02-24T14:00:00+00:00,10010.8838472070
2025-02-24T15:00:00+00:00,10028.4793505030
2025-02-24T16:00:00+00:00,10025.1393505030
2025-02-24T17:00:00+00:00,10024.3661559400
2025-02-24T18:00:00+00:00,10021.0509063400
2025-02-24T19:00:00+00:00,10020.2175317920
2025-02-24T20:00:00+00:00,10019.3022821920
2025-02-24T21:00:00+00:00,10018.9871557900
2025-02-24T22:00:00+00:00,10018.9871557900
2025-02-25T14:00:00+00:00,10018.9871557900
2025-02-25T15:00:00+00:00,10018.9871557900
2025-02-25T16:00:00+00:00,10018.9871557900
2025-02-25T17:00:00+00:00,10018.9871557900
2025-02-25T18:00:00+00:00,10013.0281858800
2025-02-25T19:00:00+00:00,10012.4125435210
2025-02-25T20:00:00+00:00,10012.4125435210
2025-02-25T21:00:00+00:00,10006.7362858370
2025-02-26T14:00:00+00:00,10000.6162858370
2025-02-26T15:00:00+00:00,10000.2667029730
2025-02-26T16:00:00+00:00,10000.2667029730
2025-02-26T17:00:00+00:00,10000.2667029730
2025-02-26T18:00:00+00:00,9992.9229023270
2025-02-26T19:00:00+00:00,9992.3832306370
2025-02-26T20:00:00+00:00,9992.3832306370
2025-02-26T21:00:00+00:00,9994.5879387000
2025-02-27T14:00:00+00:00,9989.0279387000
2025-02-27T15:00:00+00:00,9989.2939065400
2025-02-27T16:00:00+00:00,9991.9568984600
2025-02-27T17:00:00+00:00,9988.5968984600
2025-02-27T18:00:00+00:00,9988.1399865400
2025-02-27T19:00:00+00:00,9990.9820183800
2025-02-27T20:00:00+00:00,9983.0620183800
2025-02-27T21:00:00+00:00,9982.3869063100
2025-02-28T14:00:00+00:00,9982.3869063100
2025-02-28T15:00:00+00:00,9982.3869063100
2025-02-28T16:00:00+00:00,9982.3869063100
2025-02-28T17:00:00+00:00,9980.1568468090
2025-02-28T18:00:00+00:00,9979.5878782270
2025-02-28T19:00:00+00:00,9977.0977827230
2025-02-28T20:00:00+00:00,9976.4889581290
2025-02-28T21:00:00+00:00,9985.9156223550
2025-03-03T14:00:00+00:00,9986.6756223550
2025-03-03T15:00:00+00:00,9983.8756223550
2025-03-03T16:00:00+00:00,9980.4593103850
2025-03-03T17:00:00+00:00,9981.8801901290
2025-03-03T18:00:00+00:00,9984.0801901290
2025-03-03T19:00:00+00:00,9980.0001901290
2025-03-03T20:00:00+00:00,9979.4210943910
2025-03-03T21:00:00+00:00,9979.4210943910
2025-03-04T14:00:00+00:00,9979.4210943910
2025-03-04T15:00:00+00:00,9974.4106148550
2025-03-04T16:00:00+00:00,9973.4031581470
2025-03-04T17:00:00+00:00,9972.9093663350
2025-03-04T18:00:00+00:00,9962.9093663350
2025-03-04T19:00:00+00:00,9962.1017656390
2025-03-04T20:00:00+00:00,9963.3307820610
2025-03-04T21:00:00+00:00,9954.0907820610
2025-03-05T14:00:00+00:00,9956.0507820610
2025-03-05T15:00:00+00:00,9955.2033493510
2025-03-05T16:00:00+00:00,9955.2033493510
2025-03-05T17:00:00+00:00,9953.5452188440
2025-03-05T18:00:00+00:00,9952.5281172730
2025-03-05T19:00:00+00:00,9955.6643462960
2025-03-05T20:00:00+00:00,9954.3043462960
2025-03-05T21:00:00+00:00,9953.8591933960
2025-03-06T14:00:00+00:00,9953.8591933960
2025-03-06T15:00:00+00:00,9953.8591933960
2025-03-06T16:00:00+00:00,9960.3946783570
2025-03-06T17:00:00+00:00,9952.1146783570
2025-03-06T18:00:00+00:00,9951.3510853270
2025-03-06T19:00:00+00:00,9947.8269663210
2025-03-06T20:00:00+00:00,9947.3846451850
2025-03-06T21:00:00+00:00,9950.4819542980
2025-03-07T14:00:00+00:00,9949.0419542980
2025-03-07T15:00:00+00:00,9962.3619542980
2025-03-07T16:00:00+00:00,9964.5819542980
2025-03-07T17:00:00+00:00,9965.8419542980
2025-03-07T18:00:00+00:00,9969.9019542980
2025-03-07T19:00:00+00:00,9966.7819542980
2025-03-07T20:00:00+00:00,9966.2873341870
2025-03-07T21:00:00+00:00,9966.2873341870
2025-03-11T13:00:00+00:00,9966.2873341870
2025-03-11T14:00:00+00:00,9966.2873341870
2025-03-11T15:00:00+00:00,9966.2873341870
2025-03-11T16:00:00+00:00,9966.2873341870
2025-03-11T17:00:00+00:00,9957.3166739690
2025-03-11T18:00:00+00:00,9956.4513697480
2025-03-11T19:00:00+00:00,9956.4513697480
2025-03-11T20:00:00+00:00,9950.8780933120
2025-03-12T13:00:00+00:00,9953.9180933120
2025-03-12T14:00:00+00:00,9952.6380933120
2025-03-12T15:00:00+00:00,9951.4472695510
2025-03-12T16:00:00+00:00,9951.4472695510
2025-03-12T17:00:00+00:00,9948.6845539950
2025-03-12T18:00:00+00:00,9948.6629694640
2025-03-12T19:00:00+00:00,9948.6629694640
2025-03-12T20:00:00+00:00,9950.2435181800
2025-03-13T14:00:00+00:00,9943.5835181800
2025-03-13T15:00:00+00:00,9943.0469012350
2025-03-13T16:00:00+00:00,9943.0469012350
2025-03-13T17:00:00+00:00,9943.0469012350
2025-03-13T18:00:00+00:00,9943.0469012350
2025-03-13T19:00:00+00:00,9943.0469012350
2025-03-13T20:00:00+00:00,9934.1385628770
2025-03-14T14:00:00+00:00,9944.7385628770
2025-03-14T15:00:00+00:00,9942.4585628770
2025-03-14T16:00:00+00:00,9941.8903932280
2025-03-14T17:00:00+00:00,9939.8785985820
2025-03-14T18:00:00+00:00,9939.8674891780
2025-03-14T19:00:00+00:00,9939.8674891780
2025-03-14T20:00:00+00:00,9942.4372306600
2025-03-17T13:00:00+00:00,9944.3572306600
2025-03-17T14:00:00+00:00,9943.8772306600
2025-03-17T15:00:00+00:00,9943.5242494120
2025-03-17T16:00:00+00:00,9943.5242494120
2025-03-17T17:00:00+00:00,9943.5242494120
2025-03-17T18:00:00+00:00,9951.1764390980
2025-03-17T19:00:00+00:00,9954.9364390980
2025-03-17T20:00:00+00:00,9953.4164390980
2025-03-18T14:00:00+00:00,9954.4564390980
2025-03-18T15:00:00+00:00,9951.5964390980
2025-03-18T16:00:00+00:00,9951.1235418430
2025-03-18T17:00:00+00:00,9951.1235418430
2025-03-18T18:00:00+00:00,9951.1235418430
2025-03-18T19:00:00+00:00,9951.1235418430
2025-03-18T20:00:00+00:00,9952.9542074020
2025-03-19T14:00:00+00:00,9970.2142074020
2025-03-19T15:00:00+00:00,9963.9542074020
2025-03-19T16:00:00+00:00,9963.2170864990
2025-03-19T17:00:00+00:00,9957.5580672510
2025-03-19T18:00:00+00:00,9957.1021822450
2025-03-19T19:00:00+00:00,9957.1021822450
2025-03-19T20:00:00+00:00,9955.5847711310
2025-03-20T14:00:00+00:00,9955.8247711310
2025-03-20T15:00:00+00:00,9959.2647711310
2025-03-20T16:00:00+00:00,9956.7847711310
2025-03-20T17:00:00+00:00,9956.0674462450
2025-03-20T18:00:00+00:00,9956.0674462450
2025-03-20T19:00:00+00:00,9956.0674462450
2025-03-20T20:00:00+00:00,9956.0674462450
2025-03-21T14:00:00+00:00,9956.0674462450
2025-03-21T15:00:00+00:00,9957.1135874270
2025-03-21T16:00:00+00:00,9952.2735874270
2025-03-21T17:00:00+00:00,9951.6818300770
2025-03-21T18:00:00+00:00,9946.7248750010
2025-03-21T19:00:00+00:00,9946.4905018690
2025-03-21T20:00:00+00:00,9958.1740508350
2025-03-21T21:00:00+00:00,9957.6540508350
2025-03-24T14:00:00+00:00,9966.1340508350
2025-03-24T15:00:00+00:00,9965.7055308820
2025-03-24T16:00:00+00:00,9965.7055308820
2025-03-24T17:00:00+00:00,9963.2780509290
2025-03-24T18:00:00+00:00,9962.7118227850
2025-03-24T19:00:00+00:00,9964.3647988700
2025-03-24T20:00:00+00:00,9965.2447988700
2025-03-25T14:00:00+00:00,9974.0847988700
2025-03-25T15:00:00+00:00,9978.4847988700
2025-03-25T16:00:00+00:00,9978.0447988700
2025-03-25T17:00:00+00:00,9977.4683715760
2025-03-25T18:00:00+00:00,9977.4683715760
2025-03-25T19:00:00+00:00,9977.4683715760
2025-03-25T20:00:00+00:00,9977.4683715760
2025-03-26T14:00:00+00:00,9977.4683715760
2025-03-26T15:00:00+00:00,9974.6299947150
2025-03-26T16:00:00+00:00,9973.9731594550
2025-03-26T17:00:00+00:00,9973.9731594550
2025-03-26T18:00:00+00:00,9968.8782748850
2025-03-26T19:00:00+00:00,9968.2262872210
2025-03-26T20:00:00+00:00,9968.2262872210
2025-03-27T13:00:00+00:00,9968.2262872210
2025-03-27T14:00:00+00:00,9968.2262872210
2025-03-27T15:00:00+00:00,9968.2262872210
2025-03-27T16:00:00+00:00,9969.7922667230
2025-03-27T17:00:00+00:00,9969.4122667230
2025-03-27T18:00:00+00:00,9968.9972313130
2025-03-27T19:00:00+00:00,9971.5812186490
2025-03-27T20:00:00+00:00,9970.1412186490
2025-03-28T14:00:00+00:00,9968.7412186490
2025-03-28T15:00:00+00:00,9957.4812186490
2025-03-28T16:00:00+00:00,9956.9718707650
2025-03-28T17:00:00+00:00,9956.9718707650
2025-03-28T18:00:00+00:00,9956.9718707650
2025-03-28T19:00:00+00:00,9955.6268630180
2025-03-28T20:00:00+00:00,9954.9425307160
2025-03-31T13:00:00+00:00,9954.9425307160
2025-03-31T14:00:00+00:00,9954.9425307160
2025-03-31T15:00:00+00:00,9954.9425307160
2025-03-31T16:00:00+00:00,9958.3760828490
2025-03-31T17:00:00+00:00,9957.8760828490
2025-03-31T18:00:00+00:00,9956.7080308570
2025-03-31T19:00:00+00:00,9956.7080308570
2025-03-31T20:00:00+00:00,9962.2386667470
2025-03-31T21:00:00+00:00,9962.8186667470
2025-04-01T14:00:00+00:00,9966.4986667470
2025-04-01T15:00:00+00:00,9964.1786667470
2025-04-01T16:00:00+00:00,9963.9444112720
2025-04-01T17:00:00+00:00,9963.9444112720
2025-04-01T18:00:00+00:00,9961.2898147260
2025-04-01T19:00:00+00:00,9960.8365311700
2025-04-01T20:00:00+00:00,9960.8365311700
2025-04-02T14:00:00+00:00,9960.8365311700
2025-04-02T15:00:00+00:00,9966.6018386160
2025-04-02T16:00:00+00:00,9963.9818386160
2025-04-02T17:00:00+00:00,9963.4450273540
2025-04-02T18:00:00+00:00,9960.9657024140
2025-04-02T19:00:00+00:00,9960.4476192580
2025-04-02T20:00:00+00:00,9960.4476192580
2025-04-02T21:00:00+00:00,9956.7650477140
2025-04-03T14:00:00+00:00,9906.1650477140
2025-04-03T15:00:00+00:00,9904.7553685240
2025-04-03T16:00:00+00:00,9909.2248636520
2025-04-03T17:00:00+00:00,9906.2048636520
2025-04-03T18:00:00+00:00,9905.7132766210
2025-04-03T19:00:00+00:00,9905.7132766210
2025-04-03T20:00:00+00:00,9905.7132766210
2025-04-04T13:00:00+00:00,9905.7132766210
2025-04-04T14:00:00+00:00,9905.7132766210
2025-04-04T15:00:00+00:00,9881.7948927590
2025-04-04T16:00:00+00:00,9881.2506994450
2025-04-04T17:00:00+00:00,9874.5180808975
2025-04-04T18:00:00+00:00,9873.8892791350
2025-04-04T19:00:00+00:00,9873.8892791350
2025-04-04T20:00:00+00:00,9873.8892791350
2025-04-07T13:00:00+00:00,9873.8892791350
2025-04-07T14:00:00+00:00,9873.8892791350
2025-04-07T15:00:00+00:00,9890.3228690212
2025-04-07T16:00:00+00:00,9865.1478690212
2025-04-07T17:00:00+00:00,9864.0867836987
2025-04-07T18:00:00+00:00,9864.0867836987
2025-04-07T19:00:00+00:00,9850.1139080462
2025-04-07T20:00:00+00:00,9849.7490730362
2025-04-07T21:00:00+00:00,9849.2045276612
2025-04-08T13:00:00+00:00,9868.2045276612
2025-04-08T14:00:00+00:00,9881.7795276612
2025-04-08T15:00:00+00:00,9872.7045276612
2025-04-08T16:00:00+00:00,9872.1709592124
2025-04-08T17:00:00+00:00,9872.1709592124
2025-04-08T18:00:00+00:00,9872.1709592124
2025-04-08T19:00:00+00:00,9872.1709592124
2025-04-08T20:00:00+00:00,9872.1709592124
2025-04-09T13:00:00+00:00,9872.1709592124
2025-04-09T14:00:00+00:00,9891.7008958774
2025-04-09T15:00:00+00:00,9893.5758958774
2025-04-09T16:00:00+00:00,9898.6758958774
2025-04-09T17:00:00+00:00,9910.3508958774
2025-04-09T18:00:00+00:00,9970.1008958774
2025-04-09T19:00:00+00:00,9929.3508958774
2025-04-09T20:00:00+00:00,9928.8962421024
2025-04-09T21:00:00+00:00,9928.8510525074
2025-04-10T13:00:00+00:00,9888.6010525074
2025-04-10T14:00:00+00:00,9890.8281002574
2025-04-10T15:00:00+00:00,9873.4231819349
2025-04-10T16:00:00+00:00,9872.9533944211
2025-04-10T17:00:00+00:00,9872.9533944211
2025-04-10T18:00:00+00:00,9887.1659675561
2025-04-10T19:00:00+00:00,9889.0909675561
2025-04-10T20:00:00+00:00,9888.2409675561
2025-04-11T14:00:00+00:00,9892.6409675561
2025-04-11T15:00:00+00:00,9896.6409675561
2025-04-11T16:00:00+00:00,9912.3909675561
2025-04-11T17:00:00+00:00,9927.3909675561
2025-04-11T18:00:00+00:00,9926.6409675561
2025-04-11T19:00:00+00:00,9926.1959971411
2025-04-11T20:00:00+00:00,9926.1959971411
2025-04-14T13:00:00+00:00,9926.1959971411
2025-04-14T14:00:00+00:00,9926.1959971411
2025-04-14T15:00:00+00:00,9926.1959971411
2025-04-14T16:00:00+00:00,9926.1959971411
2025-04-14T17:00:00+00:00,9926.1959971411
2025-04-14T18:00:00+00:00,9926.1959971411
2025-04-14T19:00:00+00:00,9930.5247242051
2025-04-14T20:00:00+00:00,9917.4247242051
2025-04-15T14:00:00+00:00,9918.7247242051
2025-04-15T15:00:00+00:00,9914.2047242051
2025-04-15T16:00:00+00:00,9913.7803965691
2025-04-15T17:00:00+00:00,9907.7934799961
2025-04-15T18:00:00+00:00,9907.2499802911
2025-04-15T19:00:00+00:00,9907.1242038131
2025-04-15T20:00:00+00:00,9905.7642038131
2025-04-16T13:00:00+00:00,9895.2042038131
2025-04-16T14:00:00+00:00,9883.4242038131
2025-04-16T15:00:00+00:00,9883.8119951671
2025-04-16T16:00:00+00:00,9879.5174636261
2025-04-16T17:00:00+00:00,9878.7854589631
2025-04-16T18:00:00+00:00,9862.3689596756
2025-04-16T19:00:00+00:00,9861.7620681706
2025-04-16T20:00:00+00:00,9861.7620681706
2025-04-17T14:00:00+00:00,9861.7620681706
2025-04-17T15:00:00+00:00,9861.7620681706
2025-04-17T16:00:00+00:00,9861.7620681706
2025-04-17T17:00:00+00:00,9870.9736591406
2025-04-17T18:00:00+00:00,9869.4736591406
2025-04-17T19:00:00+00:00,9868.5305785681
2025-04-17T20:00:00+00:00,9868.5305785681
2025-04-21T14:00:00+00:00,9868.5305785681
2025-04-21T15:00:00+00:00,9868.5305785681
2025-04-21T16:00:00+00:00,9868.5305785681
2025-04-21T17:00:00+00:00,9868.5305785681
2025-04-21T18:00:00+00:00,9866.7332508781
2025-04-21T19:00:00+00:00,9866.1367685056
2025-04-21T20:00:00+00:00,9866.1367685056
2025-04-22T14:00:00+00:00,9866.1367685056
2025-04-22T15:00:00+00:00,9871.1418409316
2025-04-22T16:00:00+00:00,9871.7018409316
2025-04-22T17:00:00+00:00,9876.7018409316
2025-04-22T18:00:00+00:00,9867.3018409316
2025-04-22T19:00:00+00:00,9866.7060805816
2025-04-22T20:00:00+00:00,9863.7055845436
2025-04-23T14:00:00+00:00,9894.5455845436
2025-04-23T15:00:00+00:00,9893.0655845436
2025-04-23T16:00:00+00:00,9892.7089819306
2025-04-23T17:00:00+00:00,9892.7089819306
2025-04-23T18:00:00+00:00,9894.6975409806
2025-04-23T19:00:00+00:00,9892.1775409806
2025-04-23T20:00:00+00:00,9891.5662779226
2025-04-24T14:00:00+00:00,9891.5662779226
2025-04-24T15:00:00+00:00,9892.3526767926
2025-04-24T16:00:00+00:00,9892.8726767926
2025-04-24T17:00:00+00:00,9894.6326767926
2025-04-24T18:00:00+00:00,9898.2926767926
2025-04-24T19:00:00+00:00,9900.0726767926
2025-04-24T20:00:00+00:00,9901.2726767926
2025-04-25T13:00:00+00:00,9891.9926767926
2025-04-25T14:00:00+00:00,9890.3792779126
2025-04-25T15:00:00+00:00,9885.7592442466
2025-04-25T16:00:00+00:00,9885.4216697146
2025-04-25T17:00:00+00:00,9889.8236282146
2025-04-25T18:00:00+00:00,9887.4436282146
2025-04-25T19:00:00+00:00,9886.6443378256
2025-04-25T20:00:00+00:00,9889.3441841496
2025-04-28T14:00:00+00:00,9890.2241841496
2025-04-28T15:00:00+00:00,9889.6617020266
2025-04-28T16:00:00+00:00,9889.6617020266
2025-04-28T17:00:00+00:00,9889.6617020266
2025-04-28T18:00:00+00:00,9894.1613083306
2025-04-28T19:00:00+00:00,9894.8213083306
2025-04-28T20:00:00+00:00,9895.5613083306
2025-04-29T13:00:00+00:00,9896.4813083306
2025-04-29T14:00:00+00:00,9898.1813083306
2025-04-29T15:00:00+00:00,9901.7013083306
2025-04-29T16:00:00+00:00,9897.6813083306
2025-04-29T17:00:00+00:00,9897.1958744536
2025-04-29T18:00:00+00:00,9897.1958744536
2025-04-29T19:00:00+00:00,9895.5881241446
2025-04-29T20:00:00+00:00,9895.0811183986
2025-04-29T21:00:00+00:00,9895.0811183986
2025-04-30T13:00:00+00:00,9895.0811183986
2025-04-30T14:00:00+00:00,9895.0811183986
2025-04-30T15:00:00+00:00,9895.0811183986
2025-04-30T16:00:00+00:00,9900.2780484796
2025-04-30T17:00:00+00:00,9899.8380484796
2025-04-30T18:00:00+00:00,9899.3518946626
2025-04-30T19:00:00+00:00,9896.7450804316
2025-04-30T20:00:00+00:00,9896.3595385636
2025-05-01T13:00:00+00:00,9896.3595385636
2025-05-01T14:00:00+00:00,9896.3595385636
2025-05-01T15:00:00+00:00,9902.7927243326
2025-05-01T16:00:00+00:00,9897.4727243326
2025-05-01T17:00:00+00:00,9897.0849506506
2025-05-01T18:00:00+00:00,9898.2957482206
2025-05-01T19:00:00+00:00,9898.1357482206
2025-05-01T20:00:00+00:00,9897.7456227346
2025-05-01T21:00:00+00:00,9896.1246049866
2025-05-02T13:00:00+00:00,9887.2446049866
2025-05-02T14:00:00+00:00,9877.4446049866
2025-05-02T15:00:00+00:00,9877.2753577606
2025-05-02T16:00:00+00:00,9877.9028127186
2025-05-02T17:00:00+00:00,9875.7028127186
2025-05-02T18:00:00+00:00,9875.1710217046
2025-05-02T19:00:00+00:00,9869.6980086236
2025-05-02T20:00:00+00:00,9869.2480414576
2025-05-05T14:00:00+00:00,9869.2480414576
2025-05-05T15:00:00+00:00,9869.2480414576
2025-05-05T16:00:00+00:00,9869.2480414576
2025-05-05T17:00:00+00:00,9871.1497296016
2025-05-05T18:00:00+00:00,9873.0897296016
2025-05-05T19:00:00+00:00,9873.7297296016
2025-05-05T20:00:00+00:00,9867.0897296016
2025-05-06T13:00:00+00:00,9863.2497296016
2025-05-06T14:00:00+00:00,9862.8097296016
2025-05-06T15:00:00+00:00,9864.8497296016
2025-05-06T16:00:00+00:00,9866.8097296016
2025-05-06T17:00:00+00:00,9869.6697296016
2025-05-06T18:00:00+00:00,9867.8097296016
2025-05-06T19:00:00+00:00,9867.4120254136
2025-05-06T20:00:00+00:00,9861.4724414516
2025-05-07T14:00:00+00:00,9858.7324414516
2025-05-07T15:00:00+00:00,9858.6176410216
2025-05-07T16:00:00+00:00,9858.6176410216
2025-05-07T17:00:00+00:00,9858.6176410216
2025-05-07T18:00:00+00:00,9852.9307321166
2025-05-07T19:00:00+00:00,9852.6967707841
2025-05-07T20:00:00+00:00,9856.2354469279
2025-05-08T14:00:00+00:00,9855.7354469279
2025-05-08T15:00:00+00:00,9854.4974359329
2025-05-08T16:00:00+00:00,9867.9828418041
2025-05-08T17:00:00+00:00,9869.6828418041
2025-05-08T18:00:00+00:00,9862.9078418041
2025-05-08T19:00:00+00:00,9862.3879013866
2025-05-08T20:00:00+00:00,9857.1111016566
2025-05-09T14:00:00+00:00,9866.2111016566
2025-05-09T15:00:00+00:00,9860.7511016566
2025-05-09T16:00:00+00:00,9860.6748373486
2025-05-09T17:00:00+00:00,9857.3379656126
2025-05-09T18:00:00+00:00,9857.0028052126
2025-05-09T19:00:00+00:00,9857.2657654626
2025-05-09T20:00:00+00:00,9855.4857654626
2025-05-12T14:00:00+00:00,9895.1257654626
2025-05-12T15:00:00+00:00,9895.1053591666
2025-05-12T16:00:00+00:00,9891.7634293426
2025-05-12T17:00:00+00:00,9891.0833950156
2025-05-12T18:00:00+00:00,9896.5012491736
2025-05-12T19:00:00+00:00,9896.0612491736
2025-05-12T20:00:00+00:00,9895.6758272956
2025-05-13T14:00:00+00:00,9895.6758272956
2025-05-13T15:00:00+00:00,9895.6758272956
2025-05-13T16:00:00+00:00,9892.8081849956
2025-05-13T17:00:00+00:00,9892.1821151716
2025-05-13T18:00:00+00:00,9895.7744848726
2025-05-13T19:00:00+00:00,9895.8144848726
2025-05-13T20:00:00+00:00,9895.3444313806
2025-05-14T14:00:00+00:00,9895.3444313806
2025-05-14T15:00:00+00:00,9894.2928287506
2025-05-14T16:00:00+00:00,9893.6017433446
2025-05-14T17:00:00+00:00,9893.6017433446
2025-05-14T18:00:00+00:00,9893.6017433446
2025-05-14T19:00:00+00:00,9893.6017433446
2025-05-14T20:00:00+00:00,9893.6017433446
2025-05-15T14:00:00+00:00,9893.6017433446
2025-05-15T15:00:00+00:00,9893.6017433446
2025-05-15T16:00:00+00:00,9893.1730689586
2025-05-15T17:00:00+00:00,9893.4530689586
2025-05-15T18:00:00+00:00,9889.9730689586
2025-05-15T19:00:00+00:00,9889.6662311986
2025-05-15T20:00:00+00:00,9889.6662311986
2025-05-16T14:00:00+00:00,9889.6662311986
2025-05-16T15:00:00+00:00,9889.6662311986
2025-05-16T16:00:00+00:00,9889.6662311986
2025-05-16T17:00:00+00:00,9890.3206530706
2025-05-16T18:00:00+00:00,9890.4806530706
2025-05-16T19:00:00+00:00,9892.7006530706
2025-05-16T20:00:00+00:00,9891.4406530706
2025-05-19T14:00:00+00:00,9869.5206530706
2025-05-19T15:00:00+00:00,9868.9469902126
2025-05-19T16:00:00+00:00,9868.9288287026
2025-05-19T17:00:00+00:00,9872.5288287026
2025-05-19T18:00:00+00:00,9871.8888287026
2025-05-19T19:00:00+00:00,9871.3886863846
2025-05-19T20:00:00+00:00,9871.1678126486
2025-05-20T14:00:00+00:00,9866.1278126486
2025-05-20T15:00:00+00:00,9865.5499261426
2025-05-20T16:00:00+00:00,9866.3317646326
2025-05-20T17:00:00+00:00,9865.2517646326
2025-05-20T18:00:00+00:00,9864.6736141486
2025-05-20T19:00:00+00:00,9864.6736141486
2025-05-20T20:00:00+00:00,9864.6736141486
2025-05-21T14:00:00+00:00,9864.6736141486
2025-05-21T15:00:00+00:00,9866.9403850496
2025-05-21T16:00:00+00:00,9866.3003850496
2025-05-21T17:00:00+00:00,9865.6860382486
2025-05-21T18:00:00+00:00,9865.6860382486
2025-05-21T19:00:00+00:00,9865.6860382486
2025-05-21T20:00:00+00:00,9865.6860382486
2025-05-22T14:00:00+00:00,9865.6860382486
2025-05-22T15:00:00+00:00,9863.9230940066
2025-05-22T16:00:00+00:00,9863.3010821776
2025-05-22T17:00:00+00:00,9862.2167938236
2025-05-22T18:00:00+00:00,9862.0527541636
2025-05-22T19:00:00+00:00,9862.5881897866
2025-05-22T20:00:00+00:00,9859.5081897866
2025-05-23T13:00:00+00:00,9835.5881897866
2025-05-23T14:00:00+00:00,9839.1481897866
2025-05-23T15:00:00+00:00,9837.7881897866
2025-05-23T16:00:00+00:00,9837.3179729746
2025-05-23T17:00:00+00:00,9836.3293839296
2025-05-23T18:00:00+00:00,9835.7411329546
2025-05-23T19:00:00+00:00,9835.7411329546
2025-05-23T20:00:00+00:00,9835.7411329546
2025-05-27T14:00:00+00:00,9835.7411329546
2025-05-27T15:00:00+00:00,9835.7411329546
2025-05-27T16:00:00+00:00,9842.9254733196
2025-05-27T17:00:00+00:00,9842.7054733196
2025-05-27T18:00:00+00:00,9842.3253693316
2025-05-27T19:00:00+00:00,9841.4440092216
2025-05-27T20:00:00+00:00,9840.9829573126
2025-05-28T14:00:00+00:00,9840.9829573126
2025-05-28T15:00:00+00:00,9840.9829573126
2025-05-28T16:00:00+00:00,9841.0010451566
2025-05-28T17:00:00+00:00,9841.7010451566
2025-05-28T18:00:00+00:00,9840.8010451566
2025-05-28T19:00:00+00:00,9840.4189733326
2025-05-28T20:00:00+00:00,9838.5369651686
2025-05-29T13:00:00+00:00,9851.3769651686
2025-05-29T14:00:00+00:00,9841.8569651686
2025-05-29T15:00:00+00:00,9841.4538374326
2025-05-29T16:00:00+00:00,9830.4902931406
2025-05-29T17:00:00+00:00,9830.0930689126
2025-05-29T18:00:00+00:00,9825.7326208786
2025-05-29T19:00:00+00:00,9825.3345327226
2025-05-29T20:00:00+00:00,9825.3345327226
2025-05-30T14:00:00+00:00,9825.3345327226
2025-05-30T15:00:00+00:00,9825.3345327226
2025-05-30T16:00:00+00:00,9824.4168089156
2025-05-30T17:00:00+00:00,9823.7795246926
2025-05-30T18:00:00+00:00,9823.7795246926
2025-05-30T19:00:00+00:00,9827.5036370386
2025-05-30T20:00:00+00:00,9832.7836370386
2025-06-02T14:00:00+00:00,9834.7836370386
2025-06-02T15:00:00+00:00,9835.9436370386
2025-06-02T16:00:00+00:00,9834.3436370386
2025-06-02T17:00:00+00:00,9833.8612052446
2025-06-02T18:00:00+00:00,9833.8612052446
2025-06-02T19:00:00+00:00,9833.8612052446
2025-06-02T20:00:00+00:00,9835.0381169906
2025-06-03T14:00:00+00:00,9838.5781169906
2025-06-03T15:00:00+00:00,9836.5181169906
2025-06-03T16:00:00+00:00,9836.0532134026
2025-06-03T17:00:00+00:00,9836.4661408166
2025-06-03T18:00:00+00:00,9836.7861408166
2025-06-03T19:00:00+00:00,9837.4061408166
2025-06-03T20:00:00+00:00,9837.1661408166
2025-06-04T14:00:00+00:00,9844.0261408166
2025-06-04T15:00:00+00:00,9840.9661408166
2025-06-04T16:00:00+00:00,9840.4958976736
2025-06-04T17:00:00+00:00,9840.4958976736
2025-06-04T18:00:00+00:00,9840.4958976736
2025-06-04T19:00:00+00:00,9838.5879370136
2025-06-04T20:00:00+00:00,9838.0609336006
2025-06-05T14:00:00+00:00,9838.0609336006
2025-06-05T15:00:00+00:00,9838.0609336006
2025-06-05T16:00:00+00:00,9841.6332369626
2025-06-05T17:00:00+00:00,9832.1532369626
2025-06-05T18:00:00+00:00,9831.6688733296
2025-06-05T19:00:00+00:00,9831.0831568566
2025-06-05T20:00:00+00:00,9830.5975813246
2025-06-06T14:00:00+00:00,9830.5975813246
2025-06-06T15:00:00+00:00,9824.5866204146
2025-06-06T16:00:00+00:00,9823.9791250426
2025-06-06T17:00:00+00:00,9823.9791250426
2025-06-06T18:00:00+00:00,9823.9791250426
2025-06-06T19:00:00+00:00,9828.3093402306
2025-06-06T20:00:00+00:00,9823.0893402306
2025-06-09T14:00:00+00:00,9826.6493402306
2025-06-09T15:00:00+00:00,9826.1093402306
2025-06-09T16:00:00+00:00,9825.7180051786
2025-06-09T17:00:00+00:00,9825.7180051786
2025-06-09T18:00:00+00:00,9816.1866122326
2025-06-09T19:00:00+00:00,9815.8206527326
2025-06-09T20:00:00+00:00,9815.8206527326
2025-06-10T14:00:00+00:00,9815.8206527326
2025-06-10T15:00:00+00:00,9823.3352362846
2025-06-10T16:00:00+00:00,9818.0552362846
2025-06-10T17:00:00+00:00,9817.8081248806
2025-06-10T18:00:00+00:00,9817.8081248806
2025-06-10T19:00:00+00:00,9817.8081248806
2025-06-10T20:00:00+00:00,9817.3616763466
2025-06-11T14:00:00+00:00,9817.8416763466
2025-06-11T15:00:00+00:00,9817.3150209046
2025-06-11T16:00:00+00:00,9817.3150209046
2025-06-11T17:00:00+00:00,9817.3150209046
2025-06-11T18:00:00+00:00,9817.3150209046
2025-06-11T19:00:00+00:00,9817.3150209046
2025-06-11T20:00:00+00:00,9817.3150209046
2025-06-12T14:00:00+00:00,9817.3150209046
2025-06-12T15:00:00+00:00,9817.3150209046
2025-06-12T16:00:00+00:00,9816.7590612446
2025-06-12T17:00:00+00:00,9816.3431929036
2025-06-12T18:00:00+00:00,9817.5865851896
2025-06-12T19:00:00+00:00,9817.5265851896
2025-06-12T20:00:00+00:00,9817.9665851896
2025-06-13T14:00:00+00:00,9809.1465851896
2025-06-13T15:00:00+00:00,9809.6934766186
2025-06-13T16:00:00+00:00,9809.6934766186
2025-06-13T17:00:00+00:00,9808.9994131166
2025-06-13T18:00:00+00:00,9808.3456685986
2025-06-13T19:00:00+00:00,9803.7116290986
2025-06-13T20:00:00+00:00,9803.0802603826
2025-06-16T13:00:00+00:00,9803.0802603826
2025-06-16T14:00:00+00:00,9803.0802603826
2025-06-16T15:00:00+00:00,9801.9440246996
2025-06-16T16:00:00+00:00,9801.3483363436
2025-06-16T17:00:00+00:00,9801.3483363436
2025-06-16T18:00:00+00:00,9802.2142608406
2025-06-16T19:00:00+00:00,9804.0942608406
2025-06-16T20:00:00+00:00,9804.4942608406
2025-06-17T14:00:00+00:00,9797.9742608406
2025-06-17T15:00:00+00:00,9797.9017642186
2025-06-17T16:00:00+00:00,9799.0880247436
2025-06-17T17:00:00+00:00,9795.0080247436
2025-06-17T18:00:00+00:00,9794.5158280966
2025-06-17T19:00:00+00:00,9794.5158280966
2025-06-17T20:00:00+00:00,9794.5158280966
2025-06-18T14:00:00+00:00,9794.5158280966
2025-06-18T15:00:00+00:00,9797.3644528186
2025-06-18T16:00:00+00:00,9795.4244528186
2025-06-18T17:00:00+00:00,9795.1122321736
2025-06-18T18:00:00+00:00,9795.1122321736
2025-06-18T19:00:00+00:00,9795.1122321736
2025-06-18T20:00:00+00:00,9795.1122321736
2025-06-20T13:00:00+00:00,9795.1122321736
2025-06-20T14:00:00+00:00,9804.1584326936
2025-06-20T15:00:00+00:00,9794.1184326936
2025-06-20T16:00:00+00:00,9793.4851201396
2025-06-20T17:00:00+00:00,9796.0497125256
2025-06-20T18:00:00+00:00,9797.2497125256
2025-06-20T19:00:00+00:00,9799.6497125256
2025-06-20T20:00:00+00:00,9804.8497125256
2025-06-23T14:00:00+00:00,9807.6497125256
2025-06-23T15:00:00+00:00,9802.3697125256
2025-06-23T16:00:00+00:00,9801.7288645996
2025-06-23T17:00:00+00:00,9801.7288645996
2025-06-23T18:00:00+00:00,9801.7288645996
2025-06-23T19:00:00+00:00,9801.9657763456
2025-06-23T20:00:00+00:00,9802.2857763456
2025-06-24T14:00:00+00:00,9797.7657763456
2025-06-24T15:00:00+00:00,9797.1649284196
2025-06-24T16:00:00+00:00,9800.4626082296
2025-06-24T17:00:00+00:00,9802.4826082296
2025-06-24T18:00:00+00:00,9801.7226082296
2025-06-24T19:00:00+00:00,9801.2373446716
2025-06-24T20:00:00+00:00,9801.2373446716
2025-06-25T14:00:00+00:00,9801.2373446716
2025-06-25T15:00:00+00:00,9803.7731163226
2025-06-25T16:00:00+00:00,9801.8131163226
2025-06-25T17:00:00+00:00,9801.2483807206
2025-06-25T18:00:00+00:00,9796.5634443126
2025-06-25T19:00:00+00:00,9795.9811685056
2025-06-25T20:00:00+00:00,9797.2984882856
2025-06-26T14:00:00+00:00,9794.9984882856
2025-06-26T15:00:00+00:00,9794.7160684906
2025-06-26T16:00:00+00:00,9794.7160684906
2025-06-26T17:00:00+00:00,9794.7160684906
2025-06-26T18:00:00+00:00,9794.7160684906
2025-06-26T19:00:00+00:00,9795.5945043636
2025-06-26T20:00:00+00:00,9795.8945043636
2025-06-27T14:00:00+00:00,9802.9745043636
2025-06-27T15:00:00+00:00,9796.5345043636
2025-06-27T16:00:00+00:00,9796.0116646036
2025-06-27T17:00:00+00:00,9798.5072202366
2025-06-27T18:00:00+00:00,9793.6872202366
2025-06-27T19:00:00+00:00,9793.1839725106
2025-06-27T20:00:00+00:00,9793.1839725106
2025-06-30T14:00:00+00:00,9793.1839725106
2025-06-30T15:00:00+00:00,9793.1839725106
2025-06-30T16:00:00+00:00,9793.1839725106
2025-06-30T17:00:00+00:00,9792.7437884986
2025-06-30T18:00:00+00:00,9793.6237884986
2025-06-30T19:00:00+00:00,9800.0237884986
2025-06-30T20:00:00+00:00,9813.1437884986
2025-07-01T14:00:00+00:00,9828.7437884986
2025-07-01T15:00:00+00:00,9828.2637884986
2025-07-01T16:00:00+00:00,9827.7223742866
2025-07-01T17:00:00+00:00,9827.7223742866
2025-07-01T18:00:00+00:00,9827.7223742866
2025-07-01T19:00:00+00:00,9826.6627726566
2025-07-01T20:00:00+00:00,9825.8837582446
2025-07-02T14:00:00+00:00,9825.8837582446
2025-07-02T15:00:00+00:00,9822.4135837336
2025-07-02T16:00:00+00:00,9822.5648741296
2025-07-02T17:00:00+00:00,9822.5648741296
2025-07-02T18:00:00+00:00,9822.5648741296
2025-07-02T19:00:00+00:00,9824.9770878176
2025-07-02T20:00:00+00:00,9825.4170878176
2025-07-03T14:00:00+00:00,9829.0570878176
2025-07-03T15:00:00+00:00,9831.6570878176
2025-07-03T16:00:00+00:00,9833.1570878176
2025-07-03T17:00:00+00:00,9829.8170878176
2025-07-03T18:00:00+00:00,9828.9049704976
2025-07-07T14:00:00+00:00,9828.9049704976
2025-07-07T15:00:00+00:00,9825.1739799186
2025-07-07T16:00:00+00:00,9824.7049823386
2025-07-07T17:00:00+00:00,9824.7049823386
2025-07-07T18:00:00+00:00,9824.7049823386
2025-07-07T19:00:00+00:00,9824.7049823386
2025-07-07T20:00:00+00:00,9824.7049823386
2025-07-08T14:00:00+00:00,9824.7049823386
2025-07-08T15:00:00+00:00,9824.7049823386
2025-07-08T16:00:00+00:00,9823.4391641906
2025-07-08T17:00:00+00:00,9823.1737423126
2025-07-08T18:00:00+00:00,9823.1737423126
2025-07-08T19:00:00+00:00,9823.1737423126
2025-07-08T20:00:00+00:00,9823.1737423126
2025-07-09T14:00:00+00:00,9823.1737423126
2025-07-09T15:00:00+00:00,9813.7699883366
2025-07-09T16:00:00+00:00,9813.1717178626
2025-07-09T17:00:00+00:00,9814.5930763126
2025-07-09T18:00:00+00:00,9818.4730763126
2025-07-09T19:00:00+00:00,9821.3930763126
2025-07-09T20:00:00+00:00,9826.1930763126
2025-07-09T21:00:00+00:00,9826.0730763126
2025-07-10T14:00:00+00:00,9826.7730763126
2025-07-10T15:00:00+00:00,9830.4330763126
2025-07-10T16:00:00+00:00,9831.3130763126
2025-07-10T17:00:00+00:00,9829.7130763126
2025-07-10T18:00:00+00:00,9829.2842467186
2025-07-10T19:00:00+00:00,9830.7943962346
2025-07-10T20:00:00+00:00,9828.5343962346
2025-07-11T14:00:00+00:00,9823.1943962346
2025-07-11T15:00:00+00:00,9823.0343962346
2025-07-11T16:00:00+00:00,9822.5480624326
2025-07-11T17:00:00+00:00,9822.5480624326
2025-07-11T18:00:00+00:00,9822.9016202326
2025-07-11T19:00:00+00:00,9822.6016202326
2025-07-11T20:00:00+00:00,9822.0149744566
2025-07-14T14:00:00+00:00,9822.0149744566
2025-07-14T15:00:00+00:00,9822.0149744566
2025-07-14T16:00:00+00:00,9822.7344487496
2025-07-14T17:00:00+00:00,9822.9744487496
2025-07-14T18:00:00+00:00,9823.9944487496
2025-07-14T19:00:00+00:00,9824.5744487496
2025-07-14T20:00:00+00:00,9821.9744487496
2025-07-15T14:00:00+00:00,9825.9544487496
2025-07-15T15:00:00+00:00,9824.9344487496
2025-07-15T16:00:00+00:00,9824.3320146226
2025-07-15T17:00:00+00:00,9823.0661484706
2025-07-15T18:00:00+00:00,9822.7607025946
2025-07-15T19:00:00+00:00,9819.3336363426
2025-07-15T20:00:00+00:00,9818.6685024406
2025-07-16T14:00:00+00:00,9818.6685024406
2025-07-16T15:00:00+00:00,9816.4019162286
2025-07-16T16:00:00+00:00,9816.6560143906
2025-07-16T17:00:00+00:00,9816.6560143906
2025-07-16T18:00:00+00:00,9815.7710843166
2025-07-16T19:00:00+00:00,9815.2065023686
2025-07-16T20:00:00+00:00,9813.7014762866
2025-07-17T14:00:00+00:00,9814.1014762866
2025-07-17T15:00:00+00:00,9813.8167623496
2025-07-17T16:00:00+00:00,9813.8167623496
2025-07-17T17:00:00+00:00,9814.7311602196
2025-07-17T18:00:00+00:00,9816.6711602196
2025-07-17T19:00:00+00:00,9814.4311602196
2025-07-17T20:00:00+00:00,9813.9649464076
2025-07-18T14:00:00+00:00,9813.9649464076
2025-07-18T15:00:00+00:00,9813.9649464076
2025-07-18T16:00:00+00:00,9815.6597283096
2025-07-18T17:00:00+00:00,9816.8597283096
2025-07-18T18:00:00+00:00,9815.8597283096
2025-07-18T19:00:00+00:00,9815.3531545276
2025-07-18T20:00:00+00:00,9815.3531545276
2025-07-21T14:00:00+00:00,9815.3531545276
2025-07-21T15:00:00+00:00,9812.1993677156
2025-07-21T16:00:00+00:00,9811.5273463876
2025-07-21T17:00:00+00:00,9811.5273463876
2025-07-21T18:00:00+00:00,9808.4948076796
2025-07-21T19:00:00+00:00,9807.9838662616
2025-07-21T20:00:00+00:00,9805.2123956426
2025-07-22T14:00:00+00:00,9809.4123956426
2025-07-22T15:00:00+00:00,9807.8123956426
2025-07-22T16:00:00+00:00,9807.4607102866
2025-07-22T17:00:00+00:00,9807.8489876466
2025-07-22T18:00:00+00:00,9809.4089876466
2025-07-22T19:00:00+00:00,9810.8289876466
2025-07-22T20:00:00+00:00,9811.8689876466
2025-07-23T14:00:00+00:00,9804.4089876466
2025-07-23T15:00:00+00:00,9803.8588981576
2025-07-23T16:00:00+00:00,9805.8883276136
2025-07-23T17:00:00+00:00,9806.8483276136
2025-07-23T18:00:00+00:00,9810.3883276136
2025-07-23T19:00:00+00:00,9810.7083276136
2025-07-23T20:00:00+00:00,9809.3883276136
2025-07-24T14:00:00+00:00,9807.8683276136
2025-07-24T15:00:00+00:00,9807.3551303836
2025-07-24T16:00:00+00:00,9809.2806715156
2025-07-24T17:00:00+00:00,9808.1606715156
2025-07-24T18:00:00+00:00,9807.6055304476
2025-07-24T19:00:00+00:00,9806.2901595036
2025-07-24T20:00:00+00:00,9805.7353784056
2025-07-25T14:00:00+00:00,9805.7353784056
2025-07-25T15:00:00+00:00,9805.7353784056
2025-07-25T16:00:00+00:00,9803.2600074616
2025-07-25T17:00:00+00:00,9802.6659463036
2025-07-25T18:00:00+00:00,9800.5314154296
2025-07-25T19:00:00+00:00,9800.2178222326
2025-07-25T20:00:00+00:00,9800.2178222326
2025-07-28T14:00:00+00:00,9800.2178222326
2025-07-28T15:00:00+00:00,9800.2178222326
2025-07-28T16:00:00+00:00,9799.8431833496
2025-07-28T17:00:00+00:00,9799.3631833496
2025-07-28T18:00:00+00:00,9798.8888102176
2025-07-28T19:00:00+00:00,9798.8888102176
2025-07-28T20:00:00+00:00,9798.8888102176
2025-07-29T14:00:00+00:00,9798.8888102176
2025-07-29T15:00:00+00:00,9798.8888102176
2025-07-29T16:00:00+00:00,9798.0585156966
2025-07-29T17:00:00+00:00,9797.5484982016
2025-07-29T18:00:00+00:00,9797.5484982016
2025-07-29T19:00:00+00:00,9797.5484982016
2025-07-29T20:00:00+00:00,9797.5484982016
2025-07-30T14:00:00+00:00,9797.5484982016
2025-07-30T15:00:00+00:00,9797.5484982016
2025-07-30T16:00:00+00:00,9795.8433521096
2025-07-30T17:00:00+00:00,9795.2190821356
2025-07-30T18:00:00+00:00,9795.2190821356
2025-07-30T19:00:00+00:00,9788.2752321516
2025-07-30T20:00:00+00:00,9787.8352938166
2025-07-31T13:00:00+00:00,9787.8352938166
2025-07-31T14:00:00+00:00,9782.9123079046
2025-07-31T15:00:00+00:00,9782.9717216236
2025-07-31T16:00:00+00:00,9780.8299118096
2025-07-31T17:00:00+00:00,9780.2891935396
2025-07-31T18:00:00+00:00,9777.0075397386
2025-07-31T19:00:00+00:00,9776.6675414086
2025-07-31T20:00:00+00:00,9771.5859116096
2025-07-31T21:00:00+00:00,9786.4378979476
2025-08-01T13:00:00+00:00,9786.4378979476
2025-08-01T14:00:00+00:00,9769.7710957176
2025-08-01T15:00:00+00:00,9769.0142291266
2025-08-01T16:00:00+00:00,9769.0142291266
2025-08-01T17:00:00+00:00,9769.0142291266
2025-08-01T18:00:00+00:00,9769.0142291266
2025-08-01T19:00:00+00:00,9774.8488366806
2025-08-01T20:00:00+00:00,9768.8088366806
2025-08-04T14:00:00+00:00,9784.4888366806
2025-08-04T15:00:00+00:00,9788.3688366806
2025-08-04T16:00:00+00:00,9780.7688366806
2025-08-04T17:00:00+00:00,9780.2162177356
2025-08-04T18:00:00+00:00,9780.2162177356
2025-08-04T19:00:00+00:00,9780.2162177356
2025-08-04T20:00:00+00:00,9780.2162177356
2025-08-05T14:00:00+00:00,9780.2162177356
2025-08-05T15:00:00+00:00,9783.2081130636
2025-08-05T16:00:00+00:00,9781.9281130636
2025-08-05T17:00:00+00:00,9781.5187218496
2025-08-05T18:00:00+00:00,9781.5187218496
2025-08-05T19:00:00+00:00,9779.3690570476
2025-08-05T20:00:00+00:00,9778.9004577676
2025-08-06T14:00:00+00:00,9778.9004577676
2025-08-06T15:00:00+00:00,9784.5375198596
2025-08-06T16:00:00+00:00,9798.8375198596
2025-08-06T17:00:00+00:00,9798.1775198596
2025-08-06T18:00:00+00:00,9797.6627987566
2025-08-06T19:00:00+00:00,9797.6627987566
2025-08-06T20:00:00+00:00,9792.7282438806
2025-08-07T14:00:00+00:00,9818.0282438806
2025-08-07T15:00:00+00:00,9816.0282438806
2025-08-07T16:00:00+00:00,9815.6823397096
2025-08-07T17:00:00+00:00,9813.7352557896
2025-08-07T18:00:00+00:00,9813.2290996396
2025-08-07T19:00:00+00:00,9817.0825917676
2025-08-07T20:00:00+00:00,9815.9425917676
2025-08-08T14:00:00+00:00,9823.9425917676
2025-08-08T15:00:00+00:00,9827.0625917676
2025-08-08T16:00:00+00:00,9839.2625917676
2025-08-08T17:00:00+00:00,9854.5425917676
2025-08-08T18:00:00+00:00,9856.6025917676
2025-08-08T19:00:00+00:00,9851.6825917676
2025-08-08T20:00:00+00:00,9851.3126775976
2025-08-11T14:00:00+00:00,9851.3126775976
2025-08-11T15:00:00+00:00,9851.3126775976
2025-08-11T16:00:00+00:00,9858.9688162796
2025-08-11T17:00:00+00:00,9857.9688162796
2025-08-11T18:00:00+00:00,9857.4007379566
2025-08-11T19:00:00+00:00,9857.4007379566
2025-08-11T20:00:00+00:00,9855.4545244426
2025-08-12T14:00:00+00:00,9858.2545244426
2025-08-12T15:00:00+00:00,9857.5676460196
2025-08-12T16:00:00+00:00,9857.9367521156
2025-08-12T17:00:00+00:00,9860.4967521156
2025-08-12T18:00:00+00:00,9858.7767521156
2025-08-12T19:00:00+00:00,9858.1849181056
2025-08-12T20:00:00+00:00,9858.1849181056
2025-08-13T14:00:00+00:00,9858.1849181056
2025-08-13T15:00:00+00:00,9864.9086717556
2025-08-13T16:00:00+00:00,9861.7486717556
2025-08-13T17:00:00+00:00,9860.6703582856
2025-08-13T18:00:00+00:00,9860.6703582856
2025-08-13T19:00:00+00:00,9860.0508956676
2025-08-13T20:00:00+00:00,9859.5715142866
2025-08-14T14:00:00+00:00,9859.5715142866
2025-08-14T15:00:00+00:00,9859.5715142866
2025-08-14T16:00:00+00:00,9859.5715142866
2025-08-14T17:00:00+00:00,9859.5715142866
2025-08-14T18:00:00+00:00,9859.8533717786
2025-08-14T19:00:00+00:00,9860.8133717786
2025-08-14T20:00:00+00:00,9859.9733717786
2025-08-15T14:00:00+00:00,9856.9333717786
2025-08-15T15:00:00+00:00,9856.4165461846
2025-08-15T16:00:00+00:00,9856.4165461846
2025-08-15T17:00:00+00:00,9855.4220759826
2025-08-15T18:00:00+00:00,9854.8679621626
2025-08-15T19:00:00+00:00,9854.8679621626
2025-08-15T20:00:00+00:00,9854.8679621626
2025-08-18T14:00:00+00:00,9854.8679621626
2025-08-18T15:00:00+00:00,9847.2104077036
2025-08-18T16:00:00+00:00,9846.8970618196
2025-08-18T17:00:00+00:00,9845.2429276456
2025-08-18T18:00:00+00:00,9844.6895457646
2025-08-18T19:00:00+00:00,9846.0151235666
2025-08-18T20:00:00+00:00,9843.7551235666
2025-08-19T14:00:00+00:00,9848.3551235666
2025-08-19T15:00:00+00:00,9843.6951235666
2025-08-19T16:00:00+00:00,9843.2210097466
2025-08-19T17:00:00+00:00,9840.0255914656
2025-08-19T18:00:00+00:00,9838.7322935776
2025-08-19T19:00:00+00:00,9834.3584234256
2025-08-19T20:00:00+00:00,9833.7069973816
2025-08-20T14:00:00+00:00,9833.7069973816
2025-08-20T15:00:00+00:00,9833.7069973816
2025-08-20T16:00:00+00:00,9833.7069973816
2025-08-20T17:00:00+00:00,9833.7069973816
2025-08-20T18:00:00+00:00,9833.7069973816
2025-08-20T19:00:00+00:00,9832.0436641076
2025-08-20T20:00:00+00:00,9831.5010933256
2025-08-21T14:00:00+00:00,9831.5010933256
2025-08-21T15:00:00+00:00,9831.5010933256
2025-08-21T16:00:00+00:00,9830.9203522676
2025-08-21T17:00:00+00:00,9830.2997733196
2025-08-21T18:00:00+00:00,9830.2997733196
2025-08-21T19:00:00+00:00,9830.2997733196
2025-08-21T20:00:00+00:00,9830.2997733196
2025-08-22T14:00:00+00:00,9830.2997733196
2025-08-22T15:00:00+00:00,9830.2997733196
2025-08-22T16:00:00+00:00,9826.4720596806
2025-08-22T17:00:00+00:00,9825.7065371446
2025-08-22T18:00:00+00:00,9825.7065371446
2025-08-22T19:00:00+00:00,9826.3595075626
2025-08-22T20:00:00+00:00,9824.4795075626
2025-08-25T14:00:00+00:00,9827.6795075626
2025-08-25T15:00:00+00:00,9829.2395075626
2025-08-25T16:00:00+00:00,9830.2395075626
2025-08-25T17:00:00+00:00,9827.5595075626
2025-08-25T18:00:00+00:00,9827.0111292646
2025-08-25T19:00:00+00:00,9827.0111292646
2025-08-25T20:00:00+00:00,9827.0111292646
2025-08-26T14:00:00+00:00,9827.0111292646
2025-08-26T15:00:00+00:00,9827.0111292646
2025-08-26T16:00:00+00:00,9826.7471839396
2025-08-26T17:00:00+00:00,9830.8071839396
2025-08-26T18:00:00+00:00,9831.9871839396
2025-08-26T19:00:00+00:00,9831.8671839396
2025-08-26T20:00:00+00:00,9831.1002215236
2025-08-27T14:00:00+00:00,9831.1002215236
2025-08-27T15:00:00+00:00,9832.2487635726
2025-08-27T16:00:00+00:00,9831.2887635726
2025-08-27T17:00:00+00:00,9830.5570615516
2025-08-27T18:00:00+00:00,9830.5570615516
2025-08-27T19:00:00+00:00,9830.7250875576
2025-08-27T20:00:00+00:00,9832.1250875576
2025-08-27T21:00:00+00:00,9835.2450875576
2025-08-28T14:00:00+00:00,9832.0850875576
2025-08-28T15:00:00+00:00,9831.2921016436
2025-08-28T16:00:00+00:00,9831.4567913716
2025-08-28T17:00:00+00:00,9835.0567913716
2025-08-28T18:00:00+00:00,9837.9567913716
2025-08-28T19:00:00+00:00,9836.6967913716
2025-08-28T20:00:00+00:00,9836.0980219396
2025-08-29T14:00:00+00:00,9836.0980219396
2025-08-29T15:00:00+00:00,9836.0980219396
2025-08-29T16:00:00+00:00,9830.9192073756
2025-08-29T17:00:00+00:00,9830.7030537256
2025-08-29T18:00:00+00:00,9828.1242151596
2025-08-29T19:00:00+00:00,9827.5067176216
2025-08-29T20:00:00+00:00,9827.5067176216
2025-09-02T13:00:00+00:00,9827.5067176216
2025-09-02T14:00:00+00:00,9827.5067176216
2025-09-02T15:00:00+00:00,9818.7942155836
2025-09-02T16:00:00+00:00,9817.7669891896
2025-09-02T17:00:00+00:00,9817.7669891896
2025-09-02T18:00:00+00:00,9819.7397915936
2025-09-02T19:00:00+00:00,9819.5797915936
2025-09-02T20:00:00+00:00,9819.4310293276
2025-09-02T21:00:00+00:00,9829.7092145136
2025-09-03T14:00:00+00:00,9825.1492145136
2025-09-03T15:00:00+00:00,9824.4637976356
2025-09-03T16:00:00+00:00,9818.1948542276
2025-09-03T17:00:00+00:00,9817.4495333416
2025-09-03T18:00:00+00:00,9817.0206019346
2025-09-03T19:00:00+00:00,9816.5006019346
2025-09-03T20:00:00+00:00,9815.9319933226
2025-09-04T14:00:00+00:00,9815.9319933226
2025-09-04T15:00:00+00:00,9807.0370494146
2025-09-04T16:00:00+00:00,9806.6870609176
2025-09-04T17:00:00+00:00,9806.6870609176
2025-09-04T18:00:00+00:00,9808.6370134176
2025-09-04T19:00:00+00:00,9810.0170134176
2025-09-04T20:00:00+00:00,9814.9570134176
2025-09-05T14:00:00+00:00,9816.4770134176
2025-09-05T15:00:00+00:00,9812.1170134176
2025-09-05T16:00:00+00:00,9811.5834372196
2025-09-05T17:00:00+00:00,9812.3098134216
2025-09-05T18:00:00+00:00,9810.5298134216
2025-09-05T19:00:00+00:00,9810.0165371986
2025-09-05T20:00:00+00:00,9808.2805852066
2025-09-08T13:00:00+00:00,9809.3605852066
2025-09-08T14:00:00+00:00,9806.9405852066
2025-09-08T15:00:00+00:00,9806.3862170746
2025-09-08T16:00:00+00:00,9806.3862170746
2025-09-08T17:00:00+00:00,9806.3862170746
2025-09-08T18:00:00+00:00,9806.3862170746
2025-09-08T19:00:00+00:00,9802.2155215206
2025-09-08T20:00:00+00:00,9801.6870568966
2025-09-09T14:00:00+00:00,9801.6870568966
2025-09-09T15:00:00+00:00,9801.6870568966
2025-09-09T16:00:00+00:00,9801.6870568966
2025-09-09T17:00:00+00:00,9801.6870568966
2025-09-09T18:00:00+00:00,9800.7791335736
2025-09-09T19:00:00+00:00,9800.1715328776
2025-09-09T20:00:00+00:00,9800.1715328776
2025-09-09T21:00:00+00:00,9799.8920222556
2025-09-10T13:00:00+00:00,9799.6520222556
2025-09-10T14:00:00+00:00,9785.4120222556
2025-09-10T15:00:00+00:00,9784.7611841626
2025-09-10T16:00:00+00:00,9784.7611841626
2025-09-10T17:00:00+00:00,9784.7611841626
2025-09-10T18:00:00+00:00,9781.3553306786
2025-09-10T19:00:00+00:00,9780.5514400066
2025-09-10T20:00:00+00:00,9779.7268826306
2025-09-11T14:00:00+00:00,9788.5868826306
2025-09-11T15:00:00+00:00,9788.6468826306
2025-09-11T16:00:00+00:00,9788.0572564366
2025-09-11T17:00:00+00:00,9788.0572564366
2025-09-11T18:00:00+00:00,9792.7281986856
2025-09-11T19:00:00+00:00,9791.9281986856
2025-09-11T20:00:00+00:00,9791.4365446606
2025-09-12T13:00:00+00:00,9791.4365446606
2025-09-12T14:00:00+00:00,9798.2862508066
2025-09-12T15:00:00+00:00,9809.4462508066
2025-09-12T16:00:00+00:00,9809.8062508066
2025-09-12T17:00:00+00:00,9806.3662508066
2025-09-12T18:00:00+00:00,9805.7467974316
2025-09-12T19:00:00+00:00,9806.5059426976
2025-09-12T20:00:00+00:00,9806.6659426976
2025-09-15T14:00:00+00:00,9811.7059426976
2025-09-15T15:00:00+00:00,9811.3011737656
2025-09-15T16:00:00+00:00,9811.2524223736
2025-09-15T17:00:00+00:00,9807.8124223736
2025-09-15T18:00:00+00:00,9807.2055416176
2025-09-15T19:00:00+00:00,9807.2055416176
2025-09-15T20:00:00+00:00,9808.7785903756
2025-09-16T14:00:00+00:00,9823.2985903756
2025-09-16T15:00:00+00:00,9817.7185903756
2025-09-16T16:00:00+00:00,9817.2250381756
2025-09-16T17:00:00+00:00,9817.2250381756
2025-09-16T18:00:00+00:00,9813.2510423466
2025-09-16T19:00:00+00:00,9812.7391460086
2025-09-16T20:00:00+00:00,9808.4853541966
2025-09-17T14:00:00+00:00,9812.8453541966
2025-09-17T15:00:00+00:00,9814.1253541966
2025-09-17T16:00:00+00:00,9814.3253541966
2025-09-17T17:00:00+00:00,9814.1653541966
2025-09-17T18:00:00+00:00,9813.6304341106
2025-09-17T19:00:00+00:00,9813.6304341106
2025-09-17T20:00:00+00:00,9813.6304341106
2025-09-18T14:00:00+00:00,9813.6304341106
2025-09-18T15:00:00+00:00,9813.6304341106
2025-09-18T16:00:00+00:00,9813.6304341106
2025-09-18T17:00:00+00:00,9813.6304341106
2025-09-18T18:00:00+00:00,9810.6992345146
2025-09-18T19:00:00+00:00,9810.0495939886
2025-09-18T20:00:00+00:00,9810.1990904506
2025-09-19T14:00:00+00:00,9822.2390904506
2025-09-19T15:00:00+00:00,9821.5810746226
2025-09-19T16:00:00+00:00,9822.2779460326
2025-09-19T17:00:00+00:00,9829.9579460326
2025-09-19T18:00:00+00:00,9830.4379460326
2025-09-19T19:00:00+00:00,9831.2779460326
2025-09-19T20:00:00+00:00,9830.4779460326
2025-09-19T21:00:00+00:00,9830.1290831086
2025-09-22T14:00:00+00:00,9830.1290831086
2025-09-22T15:00:00+00:00,9837.1320294406
2025-09-22T16:00:00+00:00,9844.5270294406
2025-09-22T17:00:00+00:00,9838.9620294406
2025-09-22T18:00:00+00:00,9838.4744985714
2025-09-22T19:00:00+00:00,9838.4744985714
2025-09-22T20:00:00+00:00,9840.2948122674
2025-09-23T14:00:00+00:00,9840.4898122674
2025-09-23T15:00:00+00:00,9837.7748122674
2025-09-23T16:00:00+00:00,9837.4052925639
2025-09-23T17:00:00+00:00,9834.3345261699
2025-09-23T18:00:00+00:00,9833.6655284229
2025-09-23T19:00:00+00:00,9833.6655284229
2025-09-23T20:00:00+00:00,9833.6655284229
2025-09-24T14:00:00+00:00,9833.6655284229
2025-09-24T15:00:00+00:00,9833.6655284229
2025-09-24T16:00:00+00:00,9833.6655284229
2025-09-24T17:00:00+00:00,9833.6655284229
2025-09-24T18:00:00+00:00,9833.0927186919
2025-09-24T19:00:00+00:00,9832.6100744154
2025-09-24T20:00:00+00:00,9833.6569406574
2025-09-25T13:00:00+00:00,9833.4169406574
2025-09-25T14:00:00+00:00,9833.8369406574
2025-09-25T15:00:00+00:00,9833.4728205039
2025-09-25T16:00:00+00:00,9830.4961044474
2025-09-25T17:00:00+00:00,9829.9660213742
2025-09-25T18:00:00+00:00,9829.5101333867
2025-09-25T19:00:00+00:00,9837.6701333867
2025-09-25T20:00:00+00:00,9840.4901333867
2025-09-26T14:00:00+00:00,9838.6751333867
2025-09-26T15:00:00+00:00,9834.7301333867
2025-09-26T16:00:00+00:00,9834.3011716367
2025-09-26T17:00:00+00:00,9837.6219713732
2025-09-26T18:00:00+00:00,9836.8719713732
2025-09-26T19:00:00+00:00,9836.4709937912
2025-09-26T20:00:00+00:00,9833.7898133627
2025-09-29T14:00:00+00:00,9828.5248133627
2025-09-29T15:00:00+00:00,9828.3830114327
2025-09-29T16:00:00+00:00,9826.4858273372
2025-09-29T17:00:00+00:00,9826.1645023674
2025-09-29T18:00:00+00:00,9826.1645023674
2025-09-29T19:00:00+00:00,9826.1645023674
2025-09-29T20:00:00+00:00,9826.8622912696
2025-09-30T14:00:00+00:00,9830.3422912696
2025-09-30T15:00:00+00:00,9830.2522912696
2025-09-30T16:00:00+00:00,9828.1972912696
2025-09-30T17:00:00+00:00,9827.3638874731
2025-09-30T18:00:00+00:00,9827.3638874731
2025-09-30T19:00:00+00:00,9827.3638874731
2025-09-30T20:00:00+00:00,9828.0763433476
2025-10-01T14:00:00+00:00,9833.8063433476
2025-10-01T15:00:00+00:00,9831.1363433476
2025-10-01T16:00:00+00:00,9830.5714006794
2025-10-01T17:00:00+00:00,9831.2204002659
2025-10-01T18:00:00+00:00,9831.1604002659
2025-10-01T19:00:00+00:00,9830.6988467319
2025-10-01T20:00:00+00:00,9826.2466402179
2025-10-02T13:00:00+00:00,9828.5266402179
2025-10-02T14:00:00+00:00,9828.0766402179
2025-10-02T15:00:00+00:00,9828.9316402179
2025-10-02T16:00:00+00:00,9833.2666402179
2025-10-02T17:00:00+00:00,9832.5016402179
2025-10-02T18:00:00+00:00,9831.9332148399
2025-10-02T19:00:00+00:00,9831.9332148399
2025-10-02T20:00:00+00:00,9829.9689021504
2025-10-03T13:00:00+00:00,9820.4289021504
2025-10-03T14:00:00+00:00,9832.2639021504
2025-10-03T15:00:00+00:00,9832.1589021504
2025-10-03T16:00:00+00:00,9832.8939021504
2025-10-03T17:00:00+00:00,9834.0639021504
2025-10-03T18:00:00+00:00,9830.0289021504
2025-10-03T19:00:00+00:00,9829.4905757642
2025-10-03T20:00:00+00:00,9828.0054530072
2025-10-06T13:00:00+00:00,9828.5454530072
2025-10-06T14:00:00+00:00,9828.6203717672
2025-10-06T15:00:00+00:00,9828.6203717672
2025-10-06T16:00:00+00:00,9826.2812120904
2025-10-06T17:00:00+00:00,9825.5484166599
2025-10-06T18:00:00+00:00,9819.8351120544
2025-10-06T19:00:00+00:00,9819.4050163989
2025-10-06T20:00:00+00:00,9820.1137099599
2025-10-07T14:00:00+00:00,9821.5987099599
2025-10-07T15:00:00+00:00,9817.9387099599
2025-10-07T16:00:00+00:00,9817.4331103464
2025-10-07T17:00:00+00:00,9816.3717499029
2025-10-07T18:00:00+00:00,9815.8208803119
2025-10-07T19:00:00+00:00,9815.8208803119
2025-10-07T20:00:00+00:00,9816.2897358864
2025-10-08T14:00:00+00:00,9818.4047358864
2025-10-08T15:00:00+00:00,9819.6797358864
2025-10-08T16:00:00+00:00,9820.6997358864
2025-10-08T17:00:00+00:00,9820.2497358864
2025-10-08T18:00:00+00:00,9819.9056625624
2025-10-08T19:00:00+00:00,9819.9056625624
2025-10-08T20:00:00+00:00,9819.9056625624
2025-10-09T14:00:00+00:00,9819.9056625624
2025-10-09T15:00:00+00:00,9819.9056625624
2025-10-09T16:00:00+00:00,9819.9056625624
2025-10-09T17:00:00+00:00,9819.9056625624
2025-10-09T18:00:00+00:00,9819.9056625624
2025-10-09T19:00:00+00:00,9819.9056625624
2025-10-09T20:00:00+00:00,9820.1688024939
2025-10-10T14:00:00+00:00,9824.5338024939
2025-10-10T15:00:00+00:00,9817.2888024939
2025-10-10T16:00:00+00:00,9816.9532424604
2025-10-10T17:00:00+00:00,9816.9532424604
2025-10-10T18:00:00+00:00,9816.9532424604
2025-10-10T19:00:00+00:00,9810.3717152529
2025-10-10T20:00:00+00:00,9809.9139521529
2025-10-13T14:00:00+00:00,9809.9139521529
2025-10-13T15:00:00+00:00,9809.9139521529
2025-10-13T16:00:00+00:00,9815.0344321127
2025-10-13T17:00:00+00:00,9817.1644321127
2025-10-13T18:00:00+00:00,9815.7244321127
2025-10-13T19:00:00+00:00,9815.3361974687
2025-10-13T20:00:00+00:00,9815.3361974687
2025-10-14T14:00:00+00:00,9815.3361974687
2025-10-14T15:00:00+00:00,9815.3361974687
2025-10-14T16:00:00+00:00,9815.1610563767
2025-10-14T17:00:00+00:00,9815.9260563767
2025-10-14T18:00:00+00:00,9815.8210563767
2025-10-14T19:00:00+00:00,9816.8410563767
2025-10-14T20:00:00+00:00,9816.9310563767
2025-10-15T13:00:00+00:00,9819.7210563767
2025-10-15T14:00:00+00:00,9825.1060563767
2025-10-15T15:00:00+00:00,9824.6110563767
2025-10-15T16:00:00+00:00,9824.4899599712
2025-10-15T17:00:00+00:00,9824.4899599712
2025-10-15T18:00:00+00:00,9825.9017406227
2025-10-15T19:00:00+00:00,9826.9217406227
2025-10-15T20:00:00+00:00,9825.2867406227
2025-10-16T14:00:00+00:00,9819.7517406227
2025-10-16T15:00:00+00:00,9819.3061697567
2025-10-16T16:00:00+00:00,9816.8936344652
2025-10-16T17:00:00+00:00,9816.3124336517
2025-10-16T18:00:00+00:00,9816.3124336517
2025-10-16T19:00:00+00:00,9816.3124336517
2025-10-16T20:00:00+00:00,9818.3584806587
2025-10-17T14:00:00+00:00,9821.2684806587
2025-10-17T15:00:00+00:00,9822.7234806587
2025-10-17T16:00:00+00:00,9824.6884806587
2025-10-17T17:00:00+00:00,9829.4884806587
2025-10-17T18:00:00+00:00,9829.9834806587
2025-10-17T19:00:00+00:00,9832.8484806587
2025-10-17T20:00:00+00:00,9833.0284806587
2025-10-17T21:00:00+00:00,9833.7784806587
2025-10-20T13:00:00+00:00,9846.1984806587
2025-10-20T14:00:00+00:00,9852.9334806587
2025-10-20T15:00:00+00:00,9860.7484806587
2025-10-20T16:00:00+00:00,9865.8184806587
2025-10-20T17:00:00+00:00,9866.8684806587
2025-10-20T18:00:00+00:00,9864.7984806587
2025-10-20T19:00:00+00:00,9864.3852101012
2025-10-20T20:00:00+00:00,9860.7462306062
2025-10-21T13:00:00+00:00,9859.7712306062
2025-10-21T14:00:00+00:00,9865.4262306062
2025-10-21T15:00:00+00:00,9863.1612306062
2025-10-21T16:00:00+00:00,9862.7177620652
2025-10-21T17:00:00+00:00,9859.2423244487
2025-10-21T18:00:00+00:00,9858.5888739062
2025-10-21T19:00:00+00:00,9856.9289583332
2025-10-21T20:00:00+00:00,9856.4698238477
2025-10-22T14:00:00+00:00,9856.4698238477
2025-10-22T15:00:00+00:00,9856.4698238477
2025-10-22T16:00:00+00:00,9851.7855067412
2025-10-22T17:00:00+00:00,9851.3637696392
2025-10-22T18:00:00+00:00,9851.3637696392
2025-10-22T19:00:00+00:00,9851.3637696392
2025-10-22T20:00:00+00:00,9855.1311490907
2025-10-23T14:00:00+00:00,9855.0711490907
2025-10-23T15:00:00+00:00,9855.5955098972
2025-10-23T16:00:00+00:00,9856.8681189512
2025-10-23T17:00:00+00:00,9857.0181189512
2025-10-23T18:00:00+00:00,9856.8081189512
2025-10-23T19:00:00+00:00,9856.4897079887
2025-10-23T20:00:00+00:00,9856.4897079887
2025-10-24T14:00:00+00:00,9856.4897079887
2025-10-24T15:00:00+00:00,9856.4897079887
2025-10-24T16:00:00+00:00,9860.4583387112
2025-10-24T17:00:00+00:00,9859.7683387112
2025-10-24T18:00:00+00:00,9859.2947981762
2025-10-24T19:00:00+00:00,9857.6797565927
2025-10-24T20:00:00+00:00,9857.2654421222
2025-10-27T13:00:00+00:00,9857.2654421222
2025-10-27T14:00:00+00:00,9857.2654421222
2025-10-27T15:00:00+00:00,9854.2661701862
2025-10-27T16:00:00+00:00,9853.8184719977
2025-10-27T17:00:00+00:00,9853.8184719977
2025-10-27T18:00:00+00:00,9854.1353521577
2025-10-27T19:00:00+00:00,9855.2303521577
2025-10-27T20:00:00+00:00,9862.7903521577
2025-10-28T14:00:00+00:00,9863.4653521577
2025-10-28T15:00:00+00:00,9863.0412015069
2025-10-28T16:00:00+00:00,9863.0412015069
2025-10-28T17:00:00+00:00,9864.5070871674
2025-10-28T18:00:00+00:00,9862.5270871674
2025-10-28T19:00:00+00:00,9862.0430715054
2025-10-28T20:00:00+00:00,9861.2586331389
2025-10-29T14:00:00+00:00,9866.9736331389
2025-10-29T15:00:00+00:00,9860.7486331389
2025-10-29T16:00:00+00:00,9860.3846894709
2025-10-29T17:00:00+00:00,9860.3846894709
2025-10-29T18:00:00+00:00,9864.9106651389
2025-10-29T19:00:00+00:00,9862.0606651389
2025-10-29T20:00:00+00:00,9861.3955335699
2025-10-30T14:00:00+00:00,9861.3955335699
2025-10-30T15:00:00+00:00,9861.3955335699
2025-10-30T16:00:00+00:00,9861.3955335699
2025-10-30T17:00:00+00:00,9861.2973868944
2025-10-30T18:00:00+00:00,9863.3673868944
2025-10-30T19:00:00+00:00,9861.5073868944
2025-10-30T20:00:00+00:00,9860.9589975969
2025-10-30T21:00:00+00:00,9860.9589975969
2025-10-31T13:00:00+00:00,9860.9589975969
2025-10-31T14:00:00+00:00,9860.9589975969
2025-10-31T15:00:00+00:00,9860.9589975969
2025-10-31T16:00:00+00:00,9862.9618050009
2025-10-31T17:00:00+00:00,9863.4118050009
2025-10-31T18:00:00+00:00,9862.7218050009
2025-10-31T19:00:00+00:00,9862.5031817229
2025-10-31T20:00:00+00:00,9858.1740989694
2025-11-03T14:00:00+00:00,9856.4640989694
2025-11-03T15:00:00+00:00,9848.9940989694
2025-11-03T16:00:00+00:00,9848.2580620592
2025-11-03T17:00:00+00:00,9848.7214769304
2025-11-03T18:00:00+00:00,9847.4914769304
2025-11-03T19:00:00+00:00,9846.9501790419
2025-11-03T20:00:00+00:00,9843.7974868209
2025-11-03T21:00:00+00:00,9843.2265309039
2025-11-03T22:00:00+00:00,9842.7429386079
2025-11-04T14:00:00+00:00,9837.0429386079
2025-11-04T15:00:00+00:00,9841.9929386079
2025-11-04T16:00:00+00:00,9841.5879386079
2025-11-04T17:00:00+00:00,9841.2100568514
2025-11-04T18:00:00+00:00,9841.3079902659
2025-11-04T19:00:00+00:00,9840.4829902659
2025-11-04T20:00:00+00:00,9839.9961488394
2025-11-04T21:00:00+00:00,9839.9961488394
2025-11-04T22:00:00+00:00,9839.9961488394
2025-11-05T15:00:00+00:00,9839.9961488394
2025-11-05T16:00:00+00:00,9840.5318004804
2025-11-05T17:00:00+00:00,9842.3018004804
2025-11-05T18:00:00+00:00,9844.0118004804
2025-11-05T19:00:00+00:00,9842.5268004804
2025-11-05T20:00:00+00:00,9841.9957509879
2025-11-05T21:00:00+00:00,9841.9957509879
2025-11-06T14:00:00+00:00,9841.9957509879
2025-11-06T15:00:00+00:00,9841.9957509879
2025-11-06T16:00:00+00:00,9848.7098725014
2025-11-06T17:00:00+00:00,9843.5498725014
2025-11-06T18:00:00+00:00,9843.0928330914
2025-11-06T19:00:00+00:00,9839.8125892412
2025-11-06T20:00:00+00:00,9839.2191639467
2025-11-06T21:00:00+00:00,9839.2191639467
2025-11-06T22:00:00+00:00,9839.2191639467
2025-11-07T14:00:00+00:00,9839.2191639467
2025-11-07T15:00:00+00:00,9839.2191639467
2025-11-07T16:00:00+00:00,9841.0432494572
2025-11-07T17:00:00+00:00,9835.6432494572
2025-11-07T18:00:00+00:00,9834.7994857742
2025-11-07T19:00:00+00:00,9832.1405514497
2025-11-07T20:00:00+00:00,9831.7329576692
2025-11-07T21:00:00+00:00,9831.7329576692
2025-11-10T14:00:00+00:00,9831.7329576692
2025-11-10T15:00:00+00:00,9831.7329576692
2025-11-10T16:00:00+00:00,9824.1312826997
2025-11-10T17:00:00+00:00,9823.5540093092
2025-11-10T18:00:00+00:00,9823.5540093092
2025-11-10T19:00:00+00:00,9824.4187788767
2025-11-10T20:00:00+00:00,9823.0987788767
2025-11-10T21:00:00+00:00,9822.5236653062
2025-11-11T15:00:00+00:00,9822.5236653062
2025-11-11T16:00:00+00:00,9819.6758742437
2025-11-11T17:00:00+00:00,9819.4094431997
2025-11-11T18:00:00+00:00,9819.4094431997
2025-11-11T19:00:00+00:00,9820.7464721222
2025-11-11T20:00:00+00:00,9824.0014721222
2025-11-11T21:00:00+00:00,9823.5814721222
2025-11-12T15:00:00+00:00,9813.8464721222
2025-11-12T16:00:00+00:00,9813.0867869327
2025-11-12T17:00:00+00:00,9812.8783388155
2025-11-12T18:00:00+00:00,9813.9883388155
2025-11-12T19:00:00+00:00,9816.4483388155
2025-11-12T20:00:00+00:00,9813.2983388155
2025-11-12T21:00:00+00:00,9812.7146039635
2025-11-12T22:00:00+00:00,9812.7146039635
2025-11-13T15:00:00+00:00,9812.7146039635
2025-11-13T16:00:00+00:00,9805.7993286940
2025-11-13T17:00:00+00:00,9804.9182216230
2025-11-13T18:00:00+00:00,9801.0505025665
2025-11-13T19:00:00+00:00,9800.4249714475
2025-11-13T20:00:00+00:00,9798.4627024285
2025-11-13T21:00:00+00:00,9797.9713973740
2025-11-14T14:00:00+00:00,9797.9713973740
2025-11-14T15:00:00+00:00,9801.7725126370
2025-11-14T16:00:00+00:00,9805.4625126370
2025-11-14T17:00:00+00:00,9807.2025126370
2025-11-14T18:00:00+00:00,9808.0875126370
2025-11-14T19:00:00+00:00,9805.2825126370
2025-11-14T20:00:00+00:00,9804.7290657610
2025-11-14T21:00:00+00:00,9804.7290657610
2025-11-14T22:00:00+00:00,9804.7290657610
2025-11-17T15:00:00+00:00,9804.7290657610
2025-11-17T16:00:00+00:00,9798.1530612640
2025-11-17T17:00:00+00:00,9797.7607374610
2025-11-17T18:00:00+00:00,9792.4306060368
2025-11-17T19:00:00+00:00,9792.0683902248
2025-11-17T20:00:00+00:00,9792.0683902248
2025-11-17T21:00:00+00:00,9792.0683902248
2025-11-17T22:00:00+00:00,9791.5859680263
2025-11-18T15:00:00+00:00,9787.8059680263
2025-11-18T16:00:00+00:00,9787.2809210335
2025-11-18T17:00:00+00:00,9787.2809210335
2025-11-18T18:00:00+00:00,9789.3190028770
2025-11-18T19:00:00+00:00,9788.5390028770
2025-11-18T20:00:00+00:00,9787.9361931145
2025-11-18T21:00:00+00:00,9783.4023307960
2025-11-19T15:00:00+00:00,9793.6923307960
2025-11-19T16:00:00+00:00,9792.1623307960
2025-11-19T17:00:00+00:00,9791.3159393320
2025-11-19T18:00:00+00:00,9791.7139447525
2025-11-19T19:00:00+00:00,9791.5939447525
2025-11-19T20:00:00+00:00,9791.4663563883
2025-11-19T21:00:00+00:00,9791.4663563883
2025-11-20T15:00:00+00:00,9791.4663563883
2025-11-20T16:00:00+00:00,9786.6814591503
2025-11-20T17:00:00+00:00,9786.2491821768
2025-11-20T18:00:00+00:00,9786.2491821768
2025-11-20T19:00:00+00:00,9786.2491821768
2025-11-20T20:00:00+00:00,9786.2491821768
2025-11-20T21:00:00+00:00,9781.5220840053
2025-11-21T14:00:00+00:00,9780.6970840053
2025-11-21T15:00:00+00:00,9787.1770840053
2025-11-21T16:00:00+00:00,9795.0070840053
2025-11-21T17:00:00+00:00,9794.7820840053
2025-11-21T18:00:00+00:00,9794.4895406373
2025-11-21T19:00:00+00:00,9797.7062589505
2025-11-21T20:00:00+00:00,9796.8362589505
2025-11-21T21:00:00+00:00,9796.2264297730
2025-11-21T22:00:00+00:00,9796.2264297730
2025-11-24T15:00:00+00:00,9796.2264297730
2025-11-24T16:00:00+00:00,9796.6791337518
2025-11-24T17:00:00+00:00,9800.3691337518
2025-11-24T18:00:00+00:00,9800.8341337518
2025-11-24T19:00:00+00:00,9803.3691337518
2025-11-24T20:00:00+00:00,9803.5791337518
2025-11-24T21:00:00+00:00,9802.8891337518
2025-11-25T15:00:00+00:00,9813.4341337518
2025-11-25T16:00:00+00:00,9811.7691337518
2025-11-25T17:00:00+00:00,9811.1473715688
2025-11-25T18:00:00+00:00,9811.1473715688
2025-11-25T19:00:00+00:00,9811.1473715688
2025-11-25T20:00:00+00:00,9811.1473715688
2025-11-25T21:00:00+00:00,9811.1473715688
2025-11-26T15:00:00+00:00,9811.1473715688
2025-11-26T16:00:00+00:00,9811.1473715688
2025-11-26T17:00:00+00:00,9814.2467318523
2025-11-26T18:00:00+00:00,9812.9867318523
2025-11-26T19:00:00+00:00,9812.4248076828
2025-11-26T20:00:00+00:00,9812.4248076828
2025-11-26T21:00:00+00:00,9809.3285379138
2025-11-28T15:00:00+00:00,9805.4435379138
2025-11-28T16:00:00+00:00,9804.9162573573
2025-11-28T17:00:00+00:00,9805.0186058898
2025-11-28T18:00:00+00:00,9811.3786058898
2025-12-01T15:00:00+00:00,9807.7636058898
2025-12-01T16:00:00+00:00,9807.3839585306
2025-12-01T17:00:00+00:00,9809.2233728186
2025-12-01T18:00:00+00:00,9811.2033728186
2025-12-01T19:00:00+00:00,9815.3133728186
2025-12-01T20:00:00+00:00,9817.1133728186
2025-12-01T21:00:00+00:00,9822.1533728186
2025-12-02T15:00:00+00:00,9822.6933728186
2025-12-02T16:00:00+00:00,9833.5833728186
2025-12-02T17:00:00+00:00,9828.2733728186
2025-12-02T18:00:00+00:00,9827.6700915956
2025-12-02T19:00:00+00:00,9827.6700915956
2025-12-02T20:00:00+00:00,9830.8767428201
2025-12-02T21:00:00+00:00,9829.9167428201
2025-12-03T15:00:00+00:00,9835.1817428201
2025-12-03T16:00:00+00:00,9829.8267428201
2025-12-03T17:00:00+00:00,9829.2219317246
2025-12-03T18:00:00+00:00,9829.2219317246
2025-12-03T19:00:00+00:00,9829.2219317246
2025-12-03T20:00:00+00:00,9829.2219317246
2025-12-03T21:00:00+00:00,9829.2219317246
2025-12-04T15:00:00+00:00,9829.2219317246
2025-12-04T16:00:00+00:00,9829.2219317246
2025-12-04T17:00:00+00:00,9829.2219317246
2025-12-04T18:00:00+00:00,9829.2219317246
2025-12-04T19:00:00+00:00,9826.1823586804
2025-12-04T20:00:00+00:00,9825.4545255866
2025-12-04T21:00:00+00:00,9825.9548625348
2025-12-04T22:00:00+00:00,9825.1148625348
2025-12-05T15:00:00+00:00,9824.4548625348
2025-12-05T16:00:00+00:00,9823.8906165588
2025-12-05T17:00:00+00:00,9823.8906165588
2025-12-05T18:00:00+00:00,9823.8906165588
2025-12-05T19:00:00+00:00,9821.2426546488
2025-12-05T20:00:00+00:00,9820.8759824583
2025-12-05T21:00:00+00:00,9820.0889026218
2025-12-08T15:00:00+00:00,9817.4939026218
2025-12-08T16:00:00+00:00,9817.0086253150
2025-12-08T17:00:00+00:00,9817.0086253150
2025-12-08T18:00:00+00:00,9816.0591016915
2025-12-08T19:00:00+00:00,9815.5149582903
2025-12-08T20:00:00+00:00,9815.5149582903
2025-12-08T21:00:00+00:00,9815.5149582903
2025-12-09T15:00:00+00:00,9815.5149582903
2025-12-09T16:00:00+00:00,9813.2437695281
2025-12-09T17:00:00+00:00,9812.7886992041
2025-12-09T18:00:00+00:00,9813.4283115086
2025-12-09T19:00:00+00:00,9814.3283115086
2025-12-09T20:00:00+00:00,9811.8383115086
2025-12-09T21:00:00+00:00,9811.3082951801
2025-12-10T15:00:00+00:00,9811.3082951801
2025-12-10T16:00:00+00:00,9807.4781595056
2025-12-10T17:00:00+00:00,9806.8451860068
2025-12-10T18:00:00+00:00,9806.4183941943
2025-12-10T19:00:00+00:00,9805.2933941943
2025-12-10T20:00:00+00:00,9804.5824419438
2025-12-10T21:00:00+00:00,9802.0394260293
2025-12-10T22:00:00+00:00,9801.4177898358
2025-12-11T15:00:00+00:00,9801.4177898358
2025-12-11T16:00:00+00:00,9801.4177898358
2025-12-11T17:00:00+00:00,9803.1710564448
2025-12-11T18:00:00+00:00,9805.9610564448
2025-12-11T19:00:00+00:00,9806.2610564448
2025-12-11T20:00:00+00:00,9805.9010564448
2025-12-11T21:00:00+00:00,9805.6412740968
2025-12-12T14:00:00+00:00,9805.6412740968
2025-12-12T15:00:00+00:00,9805.6412740968
2025-12-12T16:00:00+00:00,9801.8691402558
2025-12-12T17:00:00+00:00,9801.2191419258
2025-12-12T18:00:00+00:00,9801.2191419258
2025-12-12T19:00:00+00:00,9799.5022961088
2025-12-12T20:00:00+00:00,9799.1361818718
2025-12-12T21:00:00+00:00,9799.1361818718
2025-12-15T15:00:00+00:00,9799.1361818718
2025-12-15T16:00:00+00:00,9799.1361818718
2025-12-15T17:00:00+00:00,9799.1361818718
2025-12-15T18:00:00+00:00,9798.0712666323
2025-12-15T19:00:00+00:00,9797.4568478373
2025-12-15T20:00:00+00:00,9797.4568478373
2025-12-15T21:00:00+00:00,9797.4568478373
2025-12-16T15:00:00+00:00,9797.4568478373
2025-12-16T16:00:00+00:00,9795.9140027703
2025-12-16T17:00:00+00:00,9795.4218697848
2025-12-16T18:00:00+00:00,9789.9488807058
2025-12-16T19:00:00+00:00,9789.3090515283
2025-12-16T20:00:00+00:00,9790.4515124868
2025-12-16T21:00:00+00:00,9791.6665124868
2025-12-17T15:00:00+00:00,9793.9615124868
2025-12-17T16:00:00+00:00,9791.7265124868
2025-12-17T17:00:00+00:00,9791.3822196813
2025-12-17T18:00:00+00:00,9791.3822196813
2025-12-17T19:00:00+00:00,9789.5399686638
2025-12-17T20:00:00+00:00,9788.9586636093
2025-12-17T21:00:00+00:00,9782.6908275431
2025-12-18T15:00:00+00:00,9773.4658275431
2025-12-18T16:00:00+00:00,9772.9071178556
2025-12-18T17:00:00+00:00,9775.0875130586
2025-12-18T18:00:00+00:00,9773.6325130586
2025-12-18T19:00:00+00:00,9773.1872339186
2025-12-18T20:00:00+00:00,9773.1872339186
2025-12-18T21:00:00+00:00,9773.1872339186
2025-12-19T15:00:00+00:00,9773.1872339186
2025-12-19T16:00:00+00:00,9771.1831421644
2025-12-19T17:00:00+00:00,9770.6950408429
2025-12-19T18:00:00+00:00,9770.6950408429
2025-12-19T19:00:00+00:00,9768.5564801329
2025-12-19T20:00:00+00:00,9768.0689907604
2025-12-19T21:00:00+00:00,9774.7653040399
2025-12-22T14:00:00+00:00,9773.1303040399
2025-12-22T15:00:00+00:00,9771.2591969689
2025-12-22T16:00:00+00:00,9771.2591969689
2025-12-22T17:00:00+00:00,9771.2591969689
2025-12-22T18:00:00+00:00,9771.2591969689
2025-12-22T19:00:00+00:00,9771.2591969689
2025-12-22T20:00:00+00:00,9771.2591969689
2025-12-22T21:00:00+00:00,9770.4414823294
2025-12-23T15:00:00+00:00,9771.8514823294
2025-12-23T16:00:00+00:00,9772.3314823294
2025-12-23T17:00:00+00:00,9774.4014823294
2025-12-23T18:00:00+00:00,9772.8114823294
2025-12-23T19:00:00+00:00,9772.2176880656
2025-12-23T20:00:00+00:00,9772.8535873106
2025-12-23T21:00:00+00:00,9773.3185873106
2025-12-24T15:00:00+00:00,9779.1685873106
2025-12-24T16:00:00+00:00,9780.2485873106
2025-12-24T17:00:00+00:00,9782.1385873106
2025-12-24T18:00:00+00:00,9778.3285873106
2025-12-26T14:00:00+00:00,9778.6585873106
2025-12-26T15:00:00+00:00,9780.5035873106
2025-12-26T16:00:00+00:00,9780.8035873106
2025-12-26T17:00:00+00:00,9780.4585873106
2025-12-26T18:00:00+00:00,9779.8144204946
2025-12-26T19:00:00+00:00,9779.8144204946
2025-12-26T20:00:00+00:00,9778.6749012881
2025-12-26T21:00:00+00:00,9778.1508694609
2025-12-29T15:00:00+00:00,9778.1508694609
2025-12-29T16:00:00+00:00,9775.7528353781
2025-12-29T17:00:00+00:00,9775.2610263656
2025-12-29T18:00:00+00:00,9775.2610263656
2025-12-29T19:00:00+00:00,9776.9293153931
2025-12-29T20:00:00+00:00,9776.9593153931
2025-12-29T21:00:00+00:00,9776.6162824826
2025-12-30T15:00:00+00:00,9776.6162824826
2025-12-30T16:00:00+00:00,9773.7537254396
2025-12-30T17:00:00+00:00,9773.2926543656
2025-12-30T18:00:00+00:00,9773.2926543656
2025-12-30T19:00:00+00:00,9774.2415734456
2025-12-30T20:00:00+00:00,9774.1815734456
2025-12-30T21:00:00+00:00,9773.5515734456
2025-12-31T15:00:00+00:00,9773.6715734456
2025-12-31T16:00:00+00:00,9770.1165734456
2025-12-31T17:00:00+00:00,9769.6721582336
2025-12-31T18:00:00+00:00,9769.1511313181
2025-12-31T19:00:00+00:00,9768.8101142396
2025-12-31T20:00:00+00:00,9766.4281152431
2025-12-31T21:00:00+00:00,9766.0572601511
2026-01-02T14:00:00+00:00,9766.0572601511
2026-01-02T15:00:00+00:00,9766.0572601511
2026-01-02T16:00:00+00:00,9746.6286546041
2026-01-02T17:00:00+00:00,9745.9316151941
2026-01-02T18:00:00+00:00,9745.9316151941
2026-01-02T19:00:00+00:00,9743.2553586761
2026-01-02T20:00:00+00:00,9742.5906050756
2026-01-02T21:00:00+00:00,9744.0839345231
2026-01-05T14:00:00+00:00,9741.9239345231
2026-01-05T15:00:00+00:00,9739.2989345231
2026-01-05T16:00:00+00:00,9739.0688749481
2026-01-05T17:00:00+00:00,9739.0688749481
2026-01-05T18:00:00+00:00,9739.0688749481
2026-01-05T19:00:00+00:00,9739.0688749481
2026-01-05T20:00:00+00:00,9739.0688749481
2026-01-05T21:00:00+00:00,9739.0688749481
2026-01-06T14:00:00+00:00,9739.0688749481
2026-01-06T15:00:00+00:00,9730.6982889026
2026-01-06T16:00:00+00:00,9730.6572555754
2026-01-06T17:00:00+00:00,9730.6572555754
2026-01-06T18:00:00+00:00,9730.6572555754
2026-01-06T19:00:00+00:00,9730.2740501449
2026-01-06T20:00:00+00:00,9729.5390501449
2026-01-06T21:00:00+00:00,9729.0813015439
2026-01-06T22:00:00+00:00,9729.0813015439
2026-01-07T15:00:00+00:00,9729.0813015439
2026-01-07T16:00:00+00:00,9729.0813015439
2026-01-07T17:00:00+00:00,9729.1496622439
2026-01-07T18:00:00+00:00,9729.5696622439
2026-01-07T19:00:00+00:00,9728.7746622439
2026-01-07T20:00:00+00:00,9728.1980655469
2026-01-07T21:00:00+00:00,9728.1980655469
2026-01-08T14:00:00+00:00,9728.1980655469
2026-01-08T15:00:00+00:00,9728.1980655469
2026-01-08T16:00:00+00:00,9728.1980655469
2026-01-08T17:00:00+00:00,9730.7959850434
2026-01-08T18:00:00+00:00,9729.8659850434
2026-01-08T19:00:00+00:00,9729.3127576489
2026-01-08T20:00:00+00:00,9729.3127576489
2026-01-08T21:00:00+00:00,9734.2796330584
2026-01-08T22:00:00+00:00,9736.2296330584
2026-01-09T14:00:00+00:00,9733.1696330584
2026-01-09T15:00:00+00:00,9727.7996330584
2026-01-09T16:00:00+00:00,9727.3821885986
2026-01-09T17:00:00+00:00,9726.3180559241
2026-01-09T18:00:00+00:00,9726.0042705761
2026-01-09T19:00:00+00:00,9727.7584637621
2026-01-09T20:00:00+00:00,9729.1684637621
2026-01-09T21:00:00+00:00,9727.2934637621
2026-01-12T15:00:00+00:00,9724.3834637621
2026-01-12T16:00:00+00:00,9723.6785715063
2026-01-12T17:00:00+00:00,9728.0116666008
2026-01-12T18:00:00+00:00,9727.0216666008
2026-01-12T19:00:00+00:00,9726.6125176998
2026-01-12T20:00:00+00:00,9726.6125176998
2026-01-12T21:00:00+00:00,9723.6524985348
2026-01-12T22:00:00+00:00,9722.7343215528
2026-01-13T15:00:00+00:00,9722.7343215528
2026-01-13T16:00:00+00:00,9722.4464625678
2026-01-13T17:00:00+00:00,9725.2064625678
2026-01-13T18:00:00+00:00,9724.1264625678
2026-01-13T19:00:00+00:00,9723.5076556383
2026-01-13T20:00:00+00:00,9723.5076556383
2026-01-13T21:00:00+00:00,9723.5076556383
2026-01-14T15:00:00+00:00,9723.5076556383
2026-01-14T16:00:00+00:00,9723.5076556383
2026-01-14T17:00:00+00:00,9723.5076556383
2026-01-14T18:00:00+00:00,9723.5076556383
2026-01-14T19:00:00+00:00,9723.5076556383
2026-01-14T20:00:00+00:00,9724.0333789518
2026-01-14T21:00:00+00:00,9729.6133789518
2026-01-15T15:00:00+00:00,9729.6433789518
2026-01-15T16:00:00+00:00,9729.0253099608
2026-01-15T17:00:00+00:00,9729.0253099608
2026-01-15T18:00:00+00:00,9725.4073249653
2026-01-15T19:00:00+00:00,9724.9113258018
2026-01-15T20:00:00+00:00,9719.7346909188
2026-01-15T21:00:00+00:00,9719.0610855558
2026-01-16T15:00:00+00:00,9719.0610855558
2026-01-16T16:00:00+00:00,9719.0610855558
2026-01-16T17:00:00+00:00,9719.0610855558
2026-01-16T18:00:00+00:00,9719.0610855558
2026-01-16T19:00:00+00:00,9719.0610855558
2026-01-16T20:00:00+00:00,9718.7192570733
2026-01-16T21:00:00+00:00,9715.3742570733
2026-01-20T14:00:00+00:00,9705.9992570733
2026-01-20T15:00:00+00:00,9704.4357308703
2026-01-20T16:00:00+00:00,9701.2213010043
2026-01-20T17:00:00+00:00,9700.8285667353
2026-01-20T18:00:00+00:00,9700.8285667353
2026-01-20T19:00:00+00:00,9700.8285667353
2026-01-20T20:00:00+00:00,9700.8285667353
2026-01-20T21:00:00+00:00,9700.8285667353
2026-01-21T15:00:00+00:00,9700.8285667353
2026-01-21T16:00:00+00:00,9700.8285667353
2026-01-21T17:00:00+00:00,9693.2118055083
2026-01-21T18:00:00+00:00,9692.7694203768
2026-01-21T19:00:00+00:00,9692.1761694423
2026-01-21T20:00:00+00:00,9691.5531903603
2026-01-21T21:00:00+00:00,9681.4416947388
2026-01-21T22:00:00+00:00,9682.1353859343
2026-01-22T14:00:00+00:00,9682.1353859343
2026-01-22T15:00:00+00:00,9682.1353859343
2026-01-22T16:00:00+00:00,9679.0904564433
2026-01-22T17:00:00+00:00,9678.6571498053
2026-01-22T18:00:00+00:00,9679.9778683683
2026-01-22T19:00:00+00:00,9680.1278683683
2026-01-22T20:00:00+00:00,9676.0778683683
2026-01-22T21:00:00+00:00,9675.5699756958
2026-01-23T14:00:00+00:00,9675.5699756958
2026-01-23T15:00:00+00:00,9675.5699756958
2026-01-23T16:00:00+00:00,9675.5699756958
2026-01-23T17:00:00+00:00,9672.4815223278
2026-01-23T18:00:00+00:00,9672.0047455623
2026-01-23T19:00:00+00:00,9672.0047455623
2026-01-23T20:00:00+00:00,9672.0047455623
2026-01-23T21:00:00+00:00,9670.9579663338
2026-01-26T14:00:00+00:00,9680.7979663338
2026-01-26T15:00:00+00:00,9680.8853940513
2026-01-26T16:00:00+00:00,9686.4903881373
2026-01-26T17:00:00+00:00,9686.4903881373
2026-01-26T18:00:00+00:00,9686.4215883738
2026-01-26T19:00:00+00:00,9686.4215883738
2026-01-26T20:00:00+00:00,9689.0073701088
2026-01-26T21:00:00+00:00,9686.8323701088
2026-01-26T22:00:00+00:00,9686.3427244158
2026-01-27T14:00:00+00:00,9686.3427244158
2026-01-27T15:00:00+00:00,9686.3427244158
2026-01-27T16:00:00+00:00,9682.5420751983
2026-01-27T17:00:00+00:00,9682.1334662523
2026-01-27T18:00:00+00:00,9681.4089781315
2026-01-27T19:00:00+00:00,9680.9247302387
2026-01-27T20:00:00+00:00,9680.9247302387
2026-01-27T21:00:00+00:00,9680.9247302387
2026-01-27T22:00:00+00:00,9680.9247302387
2026-01-28T14:00:00+00:00,9680.9247302387
2026-01-28T15:00:00+00:00,9680.9247302387
2026-01-28T16:00:00+00:00,9680.9247302387
2026-01-28T17:00:00+00:00,9680.9247302387
2026-01-28T18:00:00+00:00,9680.9247302387
2026-01-28T19:00:00+00:00,9680.9247302387
2026-01-28T20:00:00+00:00,9682.3845038897
2026-01-28T21:00:00+00:00,9682.8345038897
2026-01-28T22:00:00+00:00,9682.8345038897
2026-01-29T14:00:00+00:00,9687.1545038897
2026-01-29T15:00:00+00:00,9683.9445038897
2026-01-29T16:00:00+00:00,9683.2723924022
2026-01-29T17:00:00+00:00,9683.2723924022
2026-01-29T18:00:00+00:00,9683.2723924022
2026-01-29T19:00:00+00:00,9683.9798258582
2026-01-29T20:00:00+00:00,9685.6898258582
2026-01-29T21:00:00+00:00,9686.4548258582
2026-01-29T22:00:00+00:00,9694.1198258582
2026-01-30T14:00:00+00:00,9687.6998258582
2026-01-30T15:00:00+00:00,9680.8148258582
2026-01-30T16:00:00+00:00,9676.5698258582
2026-01-30T17:00:00+00:00,9676.2010260947
2026-01-30T18:00:00+00:00,9671.9000256812
2026-01-30T19:00:00+00:00,9671.5313519072
2026-01-30T20:00:00+00:00,9673.4379032897
2026-01-30T21:00:00+00:00,9675.8979032897
2026-01-30T22:00:00+00:00,9678.4479032897
2026-02-02T14:00:00+00:00,9669.3579032897
2026-02-02T15:00:00+00:00,9688.8579032897
2026-02-02T16:00:00+00:00,9687.0279032897
2026-02-02T17:00:00+00:00,9686.2551366902
2026-02-02T18:00:00+00:00,9685.0291050242
2026-02-02T19:00:00+00:00,9684.9133866707
2026-02-02T20:00:00+00:00,9688.3332866657
2026-02-02T21:00:00+00:00,9694.1832866657
2026-02-02T22:00:00+00:00,9694.1232866657
2026-02-03T14:00:00+00:00,9690.7032866657
2026-02-03T15:00:00+00:00,9695.8032866657
2026-02-03T16:00:00+00:00,9697.5432866657
2026-02-03T17:00:00+00:00,9691.1232866657
2026-02-03T18:00:00+00:00,9690.6992170082
2026-02-03T19:00:00+00:00,9691.8337165532
2026-02-03T20:00:00+00:00,9691.1137165532
2026-02-03T21:00:00+00:00,9690.5078290472
2026-02-03T22:00:00+00:00,9690.5078290472
2026-02-04T14:00:00+00:00,9690.5078290472
2026-02-04T15:00:00+00:00,9690.5078290472
2026-02-04T16:00:00+00:00,9689.1084854387
2026-02-04T17:00:00+00:00,9688.5348099985
2026-02-04T18:00:00+00:00,9688.5348099985
2026-02-04T19:00:00+00:00,9688.5348099985
2026-02-04T20:00:00+00:00,9687.3491026930
2026-02-04T21:00:00+00:00,9686.9438379685
2026-02-05T14:00:00+00:00,9686.9438379685
2026-02-05T15:00:00+00:00,9686.9438379685
2026-02-05T16:00:00+00:00,9686.9438379685
2026-02-05T17:00:00+00:00,9688.6997868010
2026-02-05T18:00:00+00:00,9686.7197868010
2026-02-05T19:00:00+00:00,9686.3755659895
2026-02-05T20:00:00+00:00,9691.0705427410
2026-02-05T21:00:00+00:00,9688.7005427410
2026-02-05T22:00:00+00:00,9691.7118043060
2026-02-06T14:00:00+00:00,9691.7118043060
2026-02-06T15:00:00+00:00,9703.3339008175
2026-02-06T16:00:00+00:00,9697.8739008175
2026-02-06T17:00:00+00:00,9697.4320486420
2026-02-06T18:00:00+00:00,9694.5596807815
2026-02-06T19:00:00+00:00,9694.1037915257
2026-02-06T20:00:00+00:00,9694.1037915257
2026-02-06T21:00:00+00:00,9692.1923057387
2026-02-06T22:00:00+00:00,9690.7323254072
2026-02-09T15:00:00+00:00,9690.7323254072
2026-02-09T16:00:00+00:00,9690.7323254072
2026-02-09T17:00:00+00:00,9690.7323254072
2026-02-09T18:00:00+00:00,9690.7323254072
2026-02-09T19:00:00+00:00,9690.7323254072
2026-02-09T20:00:00+00:00,9690.3310014670
2026-02-09T21:00:00+00:00,9694.9360014670
2026-02-10T15:00:00+00:00,9695.7160014670
2026-02-10T16:00:00+00:00,9694.0360014670
2026-02-10T17:00:00+00:00,9693.4525365925
2026-02-10T18:00:00+00:00,9693.4525365925
2026-02-10T19:00:00+00:00,9692.4341064767
2026-02-10T20:00:00+00:00,9692.1509475767
2026-02-10T21:00:00+00:00,9692.1509475767
2026-02-10T22:00:00+00:00,9692.1509475767
2026-02-11T14:00:00+00:00,9692.1509475767
2026-02-11T15:00:00+00:00,9692.1509475767
2026-02-11T16:00:00+00:00,9701.7934401212
2026-02-11T17:00:00+00:00,9697.6534401212
2026-02-11T18:00:00+00:00,9696.9275508654
2026-02-11T19:00:00+00:00,9695.0296159576
2026-02-11T20:00:00+00:00,9694.3177277851
2026-02-11T21:00:00+00:00,9694.3177277851
2026-02-11T22:00:00+00:00,9694.3177277851
2026-02-12T14:00:00+00:00,9694.3177277851
2026-02-12T15:00:00+00:00,9694.3177277851
2026-02-12T16:00:00+00:00,9694.3177277851
2026-02-12T17:00:00+00:00,9694.3177277851
2026-02-12T18:00:00+00:00,9694.3177277851
2026-02-12T19:00:00+00:00,9694.3177277851
2026-02-12T20:00:00+00:00,9694.3177277851
2026-02-12T21:00:00+00:00,9692.6159804761
2026-02-12T22:00:00+00:00,9691.0656976696
2026-02-13T14:00:00+00:00,9691.0656976696
2026-02-13T15:00:00+00:00,9682.1937883471
2026-02-13T16:00:00+00:00,9681.5770872421
2026-02-13T17:00:00+00:00,9680.0749483171
2026-02-13T18:00:00+00:00,9679.5335531866
2026-02-13T19:00:00+00:00,9679.5335531866
2026-02-13T20:00:00+00:00,9679.5335531866
2026-02-13T21:00:00+00:00,9679.5335531866
2026-02-17T14:00:00+00:00,9679.5335531866
2026-02-17T15:00:00+00:00,9679.5335531866
2026-02-17T16:00:00+00:00,9680.5980523981
2026-02-17T17:00:00+00:00,9687.6480523981
2026-02-17T18:00:00+00:00,9690.2280523981
2026-02-17T19:00:00+00:00,9700.6380523981
2026-02-17T20:00:00+00:00,9698.8830523981
2026-02-17T21:00:00+00:00,9698.4507141796
2026-02-18T14:00:00+00:00,9698.4507141796
2026-02-18T15:00:00+00:00,9698.4507141796
2026-02-18T16:00:00+00:00,9700.6750065406
2026-02-18T17:00:00+00:00,9700.6750065406
2026-02-18T18:00:00+00:00,9700.2877043191
2026-02-18T19:00:00+00:00,9699.2252055309
2026-02-18T20:00:00+00:00,9698.3283892689
2026-02-18T21:00:00+00:00,9698.3283892689
2026-02-19T14:00:00+00:00,9698.3283892689
2026-02-19T15:00:00+00:00,9698.3283892689
2026-02-19T16:00:00+00:00,9698.1236357094
2026-02-19T17:00:00+00:00,9696.0986357094
2026-02-19T18:00:00+00:00,9695.4751041736
2026-02-19T19:00:00+00:00,9695.4751041736
2026-02-19T20:00:00+00:00,9689.3478888256
2026-02-19T21:00:00+00:00,9688.7742078856
2026-02-20T15:00:00+00:00,9688.7742078856
2026-02-20T16:00:00+00:00,9696.8867269321
2026-02-20T17:00:00+00:00,9702.0467269321
2026-02-20T18:00:00+00:00,9698.1767269321
2026-02-20T19:00:00+00:00,9698.3030424091
2026-02-20T20:00:00+00:00,9697.5872807656
2026-02-20T21:00:00+00:00,9696.9918143911
2026-02-20T22:00:00+00:00,9696.5153326876
2026-02-23T15:00:00+00:00,9696.8903326876
2026-02-23T16:00:00+00:00,9702.8753326876
2026-02-23T17:00:00+00:00,9700.6853326876
2026-02-23T18:00:00+00:00,9700.2064285996
2026-02-23T19:00:00+00:00,9699.6037543801
2026-02-23T20:00:00+00:00,9699.0912505921
2026-02-23T21:00:00+00:00,9699.0912505921
2026-02-23T22:00:00+00:00,9699.0912505921
2026-02-24T14:00:00+00:00,9699.0912505921
2026-02-24T15:00:00+00:00,9699.0912505921
2026-02-24T16:00:00+00:00,9697.9377214681
2026-02-24T17:00:00+00:00,9697.4446705591
2026-02-24T18:00:00+00:00,9697.4446705591
2026-02-24T19:00:00+00:00,9697.4446705591
2026-02-24T20:00:00+00:00,9697.4446705591
2026-02-24T21:00:00+00:00,9695.5738596616
2026-02-25T15:00:00+00:00,9700.7638596616
2026-02-25T16:00:00+00:00,9699.6238596616
2026-02-25T17:00:00+00:00,9699.1315286926
2026-02-25T18:00:00+00:00,9699.1315286926
2026-02-25T19:00:00+00:00,9699.7778375551
2026-02-25T20:00:00+00:00,9695.7128375551
2026-02-25T21:00:00+00:00,9695.1310375419
2026-02-26T15:00:00+00:00,9695.1310375419
2026-02-26T16:00:00+00:00,9695.1310375419
2026-02-26T17:00:00+00:00,9695.1310375419
2026-02-26T18:00:00+00:00,9692.4515407539
2026-02-26T19:00:00+00:00,9691.9634394324
2026-02-26T20:00:00+00:00,9694.2036186174
2026-02-26T21:00:00+00:00,9694.1736186174
2026-02-27T15:00:00+00:00,9687.2436186174
2026-02-27T16:00:00+00:00,9686.8463632254
2026-02-27T17:00:00+00:00,9686.8463632254
2026-02-27T18:00:00+00:00,9686.8463632254
2026-02-27T19:00:00+00:00,9686.8463632254
2026-02-27T20:00:00+00:00,9686.8463632254
2026-02-27T21:00:00+00:00,9686.8463632254
2026-03-02T15:00:00+00:00,9686.8463632254
2026-03-02T16:00:00+00:00,9685.0376447522
2026-03-02T17:00:00+00:00,9684.3849141497
2026-03-02T18:00:00+00:00,9684.6413532729
2026-03-02T19:00:00+00:00,9680.2013532729
2026-03-02T20:00:00+00:00,9679.7550769659
2026-03-02T21:00:00+00:00,9675.9615790944
2026-03-03T14:00:00+00:00,9669.2265790944
2026-03-03T15:00:00+00:00,9668.5365790944
2026-03-03T16:00:00+00:00,9668.2444964379
2026-03-03T17:00:00+00:00,9668.4321910824
2026-03-03T18:00:00+00:00,9662.9121910824
2026-03-03T19:00:00+00:00,9662.5328261994
2026-03-03T20:00:00+00:00,9664.6103948334
2026-03-03T21:00:00+00:00,9665.9903948334
2026-03-04T15:00:00+00:00,9662.0003948334
2026-03-04T16:00:00+00:00,9662.2476462324
2026-03-04T17:00:00+00:00,9664.2622986234
2026-03-04T18:00:00+00:00,9663.4522986234
2026-03-04T19:00:00+00:00,9662.9910133172
2026-03-04T20:00:00+00:00,9662.9910133172
2026-03-04T21:00:00+00:00,9662.9910133172
2026-03-05T15:00:00+00:00,9662.9910133172
2026-03-05T16:00:00+00:00,9662.9910133172
2026-03-05T17:00:00+00:00,9661.5761651664
2026-03-05T18:00:00+00:00,9661.2268902759
2026-03-05T19:00:00+00:00,9661.2268902759
2026-03-05T20:00:00+00:00,9661.2268902759
2026-03-05T21:00:00+00:00,9661.2268902759
2026-03-05T22:00:00+00:00,9660.6399853704
2026-03-06T15:00:00+00:00,9650.4549853704
2026-03-06T16:00:00+00:00,9649.7694757494
2026-03-06T17:00:00+00:00,9647.1309011214
2026-03-06T18:00:00+00:00,9646.4138616279
2026-03-06T19:00:00+00:00,9646.4138616279
2026-03-06T20:00:00+00:00,9649.5823391709
2026-03-06T21:00:00+00:00,9649.0723391709
2026-03-09T14:00:00+00:00,9644.1073391709
2026-03-09T15:00:00+00:00,9648.7723391709
2026-03-09T16:00:00+00:00,9649.1923391709
2026-03-09T17:00:00+00:00,9649.9123391709
2026-03-09T18:00:00+00:00,9645.2023391709
2026-03-09T19:00:00+00:00,9644.7413435904
2026-03-09T20:00:00+00:00,9651.8680569864
2026-03-09T21:00:00+00:00,9652.2880569864
2026-03-10T14:00:00+00:00,9646.2730569864
2026-03-10T15:00:00+00:00,9656.0830569864
2026-03-10T16:00:00+00:00,9656.7880569864
2026-03-10T17:00:00+00:00,9655.6630569864
2026-03-10T18:00:00+00:00,9655.0880801544
2026-03-10T19:00:00+00:00,9651.8259908169
2026-03-10T20:00:00+00:00,9651.4755820209
2026-03-11T14:00:00+00:00,9651.4755820209
2026-03-11T15:00:00+00:00,9649.2352388289
2026-03-11T16:00:00+00:00,9649.0058919444
2026-03-11T17:00:00+00:00,9649.0058919444
2026-03-11T18:00:00+00:00,9647.9365568364
2026-03-11T19:00:00+00:00,9647.4676599144
2026-03-11T20:00:00+00:00,9647.4676599144
2026-03-12T14:00:00+00:00,9647.4676599144
2026-03-12T15:00:00+00:00,9647.4676599144
2026-03-12T16:00:00+00:00,9647.4676599144
2026-03-12T17:00:00+00:00,9647.3083606426
2026-03-12T18:00:00+00:00,9647.5633606426
2026-03-12T19:00:00+00:00,9647.0833606426
2026-03-12T20:00:00+00:00,9646.5641289151
2026-03-13T14:00:00+00:00,9646.5641289151
2026-03-13T15:00:00+00:00,9640.0435965406
2026-03-13T16:00:00+00:00,9639.5717856114
2026-03-13T17:00:00+00:00,9639.5717856114
2026-03-13T18:00:00+00:00,9639.5717856114
2026-03-13T19:00:00+00:00,9639.5717856114
2026-03-13T20:00:00+00:00,9639.5717856114
2026-03-13T21:00:00+00:00,9639.5717856114
2026-03-16T13:00:00+00:00,9639.5717856114
2026-03-16T14:00:00+00:00,9639.5717856114
2026-03-16T15:00:00+00:00,9640.6012396524
2026-03-16T16:00:00+00:00,9638.9962396524
2026-03-16T17:00:00+00:00,9638.3009855934
2026-03-16T18:00:00+00:00,9638.3009855934
2026-03-16T19:00:00+00:00,9638.3009855934
2026-03-16T20:00:00+00:00,9638.1460516854
2026-03-17T14:00:00+00:00,9643.8160516854
2026-03-17T15:00:00+00:00,9642.9160516854
2026-03-17T16:00:00+00:00,9642.5630888522
2026-03-17T17:00:00+00:00,9642.5630888522
2026-03-17T18:00:00+00:00,9642.5630888522
2026-03-17T19:00:00+00:00,9640.0948966727
2026-03-17T20:00:00+00:00,9639.5180587457
2026-03-18T14:00:00+00:00,9639.5180587457
2026-03-18T15:00:00+00:00,9636.3469277379
2026-03-18T16:00:00+00:00,9636.0124296159
2026-03-18T17:00:00+00:00,9636.0124296159
2026-03-18T18:00:00+00:00,9636.0124296159
2026-03-18T19:00:00+00:00,9631.1949889157
2026-03-18T20:00:00+00:00,9630.7152603962
2026-03-19T13:00:00+00:00,9630.7152603962
2026-03-19T14:00:00+00:00,9632.6203489067
2026-03-19T15:00:00+00:00,9630.1753489067
2026-03-19T16:00:00+00:00,9629.6056383857
2026-03-19T17:00:00+00:00,9629.6056383857
2026-03-19T18:00:00+00:00,9629.6056383857
2026-03-19T19:00:00+00:00,9629.6056383857
2026-03-19T20:00:00+00:00,9630.4783731167
2026-03-19T21:00:00+00:00,9630.8383731167
2026-03-20T13:00:00+00:00,9626.2783731167
2026-03-20T14:00:00+00:00,9626.3725862687
2026-03-20T15:00:00+00:00,9627.5617611197
2026-03-20T16:00:00+00:00,9629.4667611197
2026-03-20T17:00:00+00:00,9628.2067611197
2026-03-20T18:00:00+00:00,9627.9994983947
2026-03-20T19:00:00+00:00,9627.9994983947
2026-03-20T20:00:00+00:00,9626.5621431182
2026-03-20T21:00:00+00:00,9628.5140164652
2026-03-23T13:00:00+00:00,9628.5140164652
2026-03-23T14:00:00+00:00,9623.4977504462
2026-03-23T15:00:00+00:00,9623.3441162522
2026-03-23T16:00:00+00:00,9621.5102624342
2026-03-23T17:00:00+00:00,9620.8174561712
2026-03-23T18:00:00+00:00,9620.8174561712
2026-03-23T19:00:00+00:00,9621.6239983862
2026-03-23T20:00:00+00:00,9619.0439983862
2026-03-24T14:00:00+00:00,9619.4939983862
2026-03-24T15:00:00+00:00,9620.9789983862
2026-03-24T16:00:00+00:00,9626.3039983862
2026-03-24T17:00:00+00:00,9625.4939983862
2026-03-24T18:00:00+00:00,9625.2624034390
2026-03-24T19:00:00+00:00,9625.2624034390
2026-03-24T20:00:00+00:00,9625.2624034390
2026-03-25T13:00:00+00:00,9625.2624034390
2026-03-25T14:00:00+00:00,9625.2624034390
2026-03-25T15:00:00+00:00,9625.2624034390
2026-03-25T16:00:00+00:00,9625.1361914245
2026-03-25T17:00:00+00:00,9627.2661914245
2026-03-25T18:00:00+00:00,9626.4711914245
2026-03-25T19:00:00+00:00,9625.9690835200
2026-03-25T20:00:00+00:00,9625.9690835200
2026-03-26T13:00:00+00:00,9625.9690835200
2026-03-26T14:00:00+00:00,9625.9690835200
2026-03-26T15:00:00+00:00,9634.2727094920
2026-03-26T16:00:00+00:00,9634.4827094920
2026-03-26T17:00:00+00:00,9633.9910479670
2026-03-26T18:00:00+00:00,9633.9910479670
2026-03-26T19:00:00+00:00,9633.9910479670
2026-03-26T20:00:00+00:00,9629.1231978160
2026-03-26T21:00:00+00:00,9633.3752439820
2026-03-27T14:00:00+00:00,9633.3752439820
2026-03-27T15:00:00+00:00,9628.2364937560
2026-03-27T16:00:00+00:00,9627.6307177405
2026-03-27T17:00:00+00:00,9627.6307177405
2026-03-27T18:00:00+00:00,9627.6307177405
2026-03-27T19:00:00+00:00,9627.6307177405
2026-03-27T20:00:00+00:00,9627.6307177405
2026-03-30T14:00:00+00:00,9627.6307177405
2026-03-30T15:00:00+00:00,9627.6307177405
2026-03-30T16:00:00+00:00,9627.6307177405
2026-03-30T17:00:00+00:00,9628.6563327115
2026-03-30T18:00:00+00:00,9627.5913327115
2026-03-30T19:00:00+00:00,9626.9518957510
2026-03-30T20:00:00+00:00,9626.9518957510
2026-03-31T14:00:00+00:00,9626.9518957510
2026-03-31T15:00:00+00:00,9621.8089734272
2026-03-31T16:00:00+00:00,9621.4239065192
2026-03-31T17:00:00+00:00,9634.9414702360
2026-03-31T18:00:00+00:00,9632.9614702360
2026-03-31T19:00:00+00:00,9632.5069181185
2026-03-31T20:00:00+00:00,9631.9000760515
2026-04-01T13:00:00+00:00,9635.3200760515
2026-04-01T14:00:00+00:00,9634.5700760515
2026-04-01T15:00:00+00:00,9632.8300760515
2026-04-01T16:00:00+00:00,9632.5227521650
2026-04-01T17:00:00+00:00,9631.9293349668
2026-04-01T18:00:00+00:00,9631.3961201546
2026-04-01T19:00:00+00:00,9629.5424419346
2026-04-01T20:00:00+00:00,9629.3395240976
2026-04-02T13:00:00+00:00,9629.3395240976
2026-04-02T14:00:00+00:00,9629.3395240976
2026-04-02T15:00:00+00:00,9629.3395240976
2026-04-02T16:00:00+00:00,9626.5998197921
2026-04-02T17:00:00+00:00,9625.9916499761
2026-04-02T18:00:00+00:00,9625.9916499761
2026-04-02T19:00:00+00:00,9627.2731337696
2026-04-02T20:00:00+00:00,9629.0731337696
2026-04-06T14:00:00+00:00,9641.1331337696
2026-04-06T15:00:00+00:00,9641.1631337696
2026-04-06T16:00:00+00:00,9639.7831337696
2026-04-06T17:00:00+00:00,9639.5260186991
2026-04-06T18:00:00+00:00,9639.5260186991
2026-04-06T19:00:00+00:00,9639.5260186991
2026-04-06T20:00:00+00:00,9638.0694198191
2026-04-07T14:00:00+00:00,9609.4944198191
2026-04-07T15:00:00+00:00,9608.6408792006
2026-04-07T16:00:00+00:00,9608.6408792006
2026-04-07T17:00:00+00:00,9612.5434699196
2026-04-07T18:00:00+00:00,9617.6734699196
2026-04-07T19:00:00+00:00,9613.6534699196
2026-04-07T20:00:00+00:00,9613.2328414751
2026-04-07T21:00:00+00:00,9612.5970614966
2026-04-08T13:00:00+00:00,9629.8770614966
2026-04-08T14:00:00+00:00,9628.8270614966
2026-04-08T15:00:00+00:00,9628.2418002716
2026-04-08T16:00:00+00:00,9623.5305974246
2026-04-08T17:00:00+00:00,9623.2918840706
2026-04-08T18:00:00+00:00,9620.7117253106
2026-04-08T19:00:00+00:00,9620.2329219641
2026-04-08T20:00:00+00:00,9620.2329219641
2026-04-08T21:00:00+00:00,9621.0276731966
2026-04-09T13:00:00+00:00,9617.0376731966
2026-04-09T14:00:00+00:00,9612.9876731966
2026-04-09T15:00:00+00:00,9612.3766596176
2026-04-09T16:00:00+00:00,9615.0028419694
2026-04-09T17:00:00+00:00,9617.2378419694
2026-04-09T18:00:00+00:00,9618.7378419694
2026-04-09T19:00:00+00:00,9618.6328419694
2026-04-09T20:00:00+00:00,9620.2678419694
2026-04-10T14:00:00+00:00,9619.8478419694
2026-04-10T15:00:00+00:00,9624.0478419694
2026-04-10T16:00:00+00:00,9621.5728419694
2026-04-10T17:00:00+00:00,9621.2082431059
2026-04-10T18:00:00+00:00,9621.2082431059
2026-04-10T19:00:00+00:00,9621.2082431059
2026-04-10T20:00:00+00:00,9622.8106721449
2026-04-13T14:00:00+00:00,9614.0356721449
2026-04-13T15:00:00+00:00,9613.7520937797
2026-04-13T16:00:00+00:00,9610.9780151097
2026-04-13T17:00:00+00:00,9610.4854176627
2026-04-13T18:00:00+00:00,9609.1812309837
2026-04-13T19:00:00+00:00,9608.7925806245
2026-04-13T20:00:00+00:00,9610.6825208727
2026-04-13T21:00:00+00:00,9610.9525208727
2026-04-14T14:00:00+00:00,9611.6725208727
2026-04-14T15:00:00+00:00,9611.0856037857
2026-04-14T16:00:00+00:00,9611.0856037857
2026-04-14T17:00:00+00:00,9611.0856037857
2026-04-14T18:00:00+00:00,9607.5736898795
2026-04-14T19:00:00+00:00,9607.3335456447
2026-04-14T20:00:00+00:00,9607.3335456447
2026-04-14T21:00:00+00:00,9606.8678288382
2026-04-15T14:00:00+00:00,9606.5378288382
2026-04-15T15:00:00+00:00,9619.6178288382
2026-04-15T16:00:00+00:00,9623.9378288382
2026-04-15T17:00:00+00:00,9626.8478288382
2026-04-15T18:00:00+00:00,9624.0578288382
2026-04-15T19:00:00+00:00,9623.4319664967
2026-04-15T20:00:00+00:00,9625.0838466567
2026-04-16T14:00:00+00:00,9613.2338466567
2026-04-16T15:00:00+00:00,9612.7016740077
2026-04-16T16:00:00+00:00,9612.7016740077
2026-04-16T17:00:00+00:00,9611.2222984797
2026-04-16T18:00:00+00:00,9610.8535419627
2026-04-16T19:00:00+00:00,9611.9685903867
2026-04-16T20:00:00+00:00,9608.8335903867
2026-04-17T14:00:00+00:00,9625.8135903867
2026-04-17T15:00:00+00:00,9629.5785903867
2026-04-17T16:00:00+00:00,9631.7085903867
2026-04-17T17:00:00+00:00,9631.7985903867
2026-04-17T18:00:00+00:00,9629.6685903867
2026-04-17T19:00:00+00:00,9629.2271179295
2026-04-17T20:00:00+00:00,9629.2271179295
2026-04-20T13:00:00+00:00,9629.2271179295
2026-04-20T14:00:00+00:00,9629.2271179295
2026-04-20T15:00:00+00:00,9624.1139848385
2026-04-20T16:00:00+00:00,9623.5637416955
2026-04-20T17:00:00+00:00,9621.9327687845
2026-04-20T18:00:00+00:00,9621.5025256415
2026-04-20T19:00:00+00:00,9621.0711386960
2026-04-20T20:00:00+00:00,9621.2811386960
2026-04-20T21:00:00+00:00,9615.7911386960
2026-04-21T14:00:00+00:00,9617.4261386960
2026-04-21T15:00:00+00:00,9608.5761386960
2026-04-21T16:00:00+00:00,9608.2272130265
2026-04-21T17:00:00+00:00,9608.2272130265
2026-04-21T18:00:00+00:00,9608.2272130265
2026-04-21T19:00:00+00:00,9612.0375990620
2026-04-21T20:00:00+00:00,9606.9375990620
2026-04-22T14:00:00+00:00,9613.9575990620
2026-04-22T15:00:00+00:00,9622.3275990620
2026-04-22T16:00:00+00:00,9627.4875990620
2026-04-22T17:00:00+00:00,9625.9875990620
2026-04-22T18:00:00+00:00,9625.4371579355
2026-04-22T19:00:00+00:00,9621.7348709150
2026-04-22T20:00:00+00:00,9621.2146097735
2026-04-22T21:00:00+00:00,9620.7230608145
2026-04-23T14:00:00+00:00,9622.6430608145
2026-04-23T15:00:00+00:00,9622.1054688673
2026-04-23T16:00:00+00:00,9619.5422457688
2026-04-23T17:00:00+00:00,9619.4551037840
2026-04-23T18:00:00+00:00,9619.4551037840
2026-04-23T19:00:00+00:00,9619.4551037840
2026-04-23T20:00:00+00:00,9617.7620607005
2026-04-24T14:00:00+00:00,9612.1520607005
2026-04-24T15:00:00+00:00,9611.8130954510
2026-04-24T16:00:00+00:00,9611.8130954510
2026-04-24T17:00:00+00:00,9611.8130954510
2026-04-24T18:00:00+00:00,9611.8130954510
2026-04-24T19:00:00+00:00,9611.8130954510
2026-04-24T20:00:00+00:00,9614.0868389330
2026-04-24T21:00:00+00:00,9613.4568389330
2026-04-27T14:00:00+00:00,9605.3868389330
2026-04-27T15:00:00+00:00,9602.5518389330
2026-04-27T16:00:00+00:00,9602.0709280122
2026-04-27T17:00:00+00:00,9602.0709280122
2026-04-27T18:00:00+00:00,9602.0709280122
2026-04-27T19:00:00+00:00,9601.4112240402
2026-04-27T20:00:00+00:00,9600.9916720062
2026-04-28T14:00:00+00:00,9600.9916720062
2026-04-28T15:00:00+00:00,9600.9916720062
2026-04-28T16:00:00+00:00,9595.9135613337
2026-04-28T17:00:00+00:00,9595.6081777857
2026-04-28T18:00:00+00:00,9596.8621732887
2026-04-28T19:00:00+00:00,9595.3321732887
2026-04-28T20:00:00+00:00,9594.9360698007
2026-04-29T13:00:00+00:00,9594.9360698007
2026-04-29T14:00:00+00:00,9594.9360698007
2026-04-29T15:00:00+00:00,9594.4212354012
2026-04-29T16:00:00+00:00,9593.8765357962
2026-04-29T17:00:00+00:00,9593.8765357962
2026-04-29T18:00:00+00:00,9591.1989291657
2026-04-29T19:00:00+00:00,9590.9825557002
2026-04-29T20:00:00+00:00,9590.9825557002
2026-04-29T21:00:00+00:00,9587.7955611207
2026-04-30T14:00:00+00:00,9590.6755611207
2026-04-30T15:00:00+00:00,9590.1585577077
2026-04-30T16:00:00+00:00,9592.8358880719
2026-04-30T17:00:00+00:00,9592.8358880719
2026-04-30T18:00:00+00:00,9597.9208880719
2026-04-30T19:00:00+00:00,9596.2858880719
2026-04-30T20:00:00+00:00,9595.5544750264
2026-04-30T21:00:00+00:00,9595.5544750264
2026-05-01T14:00:00+00:00,9595.5544750264
2026-05-01T15:00:00+00:00,9591.1133224339
2026-05-01T16:00:00+00:00,9590.6345948314
2026-05-01T17:00:00+00:00,9585.3670921264
2026-05-01T18:00:00+00:00,9584.8875095952
2026-05-01T19:00:00+00:00,9584.8875095952
2026-05-01T20:00:00+00:00,9584.8875095952
2026-05-04T13:00:00+00:00,9584.8875095952
2026-05-04T14:00:00+00:00,9573.3750157242
2026-05-04T15:00:00+00:00,9572.7442920380
2026-05-04T16:00:00+00:00,9570.7450204355
2026-05-04T17:00:00+00:00,9570.1867679600
2026-05-04T18:00:00+00:00,9570.1867679600
2026-05-04T19:00:00+00:00,9568.3979643965
2026-05-04T20:00:00+00:00,9567.9449908977
2026-05-04T21:00:00+00:00,9567.4469073942
2026-05-05T14:00:00+00:00,9576.2369073942
2026-05-05T15:00:00+00:00,9578.9369073942
2026-05-05T16:00:00+00:00,9577.9469073942
2026-05-05T17:00:00+00:00,9577.1877604100
2026-05-05T18:00:00+00:00,9578.8991460290
2026-05-05T19:00:00+00:00,9580.2041460290
2026-05-05T20:00:00+00:00,9581.5991460290
2026-05-06T13:00:00+00:00,9575.0291460290
2026-05-06T14:00:00+00:00,9573.8919842960
2026-05-06T15:00:00+00:00,9569.4618173690
2026-05-06T16:00:00+00:00,9568.9640761010
2026-05-06T17:00:00+00:00,9570.2949082572
2026-05-06T18:00:00+00:00,9574.5249082572
2026-05-06T19:00:00+00:00,9573.4449082572
2026-05-06T20:00:00+00:00,9572.8978473492
2026-05-07T13:00:00+00:00,9572.8978473492
2026-05-07T14:00:00+00:00,9577.6572619707
2026-05-07T15:00:00+00:00,9577.4922619707
2026-05-07T16:00:00+00:00,9577.1335956132
2026-05-07T17:00:00+00:00,9577.1335956132
2026-05-07T18:00:00+00:00,9577.1335956132
2026-05-07T19:00:00+00:00,9571.6030642392
2026-05-07T20:00:00+00:00,9570.6958593432
2026-05-07T21:00:00+00:00,9570.1780281942
2026-05-08T13:00:00+00:00,9579.6280281942
2026-05-08T14:00:00+00:00,9589.0180281942
2026-05-08T15:00:00+00:00,9587.9080281942
2026-05-08T16:00:00+00:00,9587.1397902177
2026-05-08T17:00:00+00:00,9587.1397902177
2026-05-08T18:00:00+00:00,9587.1397902177
2026-05-08T19:00:00+00:00,9589.0139844042
2026-05-08T20:00:00+00:00,9589.7939844042
2026-05-08T21:00:00+00:00,9588.8939844042
2026-05-11T13:00:00+00:00,9589.4339844042
2026-05-11T14:00:00+00:00,9586.3880862327
2026-05-11T15:00:00+00:00,9586.3880862327
2026-05-11T16:00:00+00:00,9585.9364523502
2026-05-11T17:00:00+00:00,9580.5814523502
2026-05-11T18:00:00+00:00,9580.0280919672
2026-05-11T19:00:00+00:00,9577.5672951544
2026-05-11T20:00:00+00:00,9577.0427468704
2026-05-12T14:00:00+00:00,9577.0427468704
2026-05-12T15:00:00+00:00,9578.6433047539
2026-05-12T16:00:00+00:00,9577.3833047539
2026-05-12T17:00:00+00:00,9577.1532489289
2026-05-12T18:00:00+00:00,9577.1532489289
2026-05-12T19:00:00+00:00,9577.1635187884
2026-05-12T20:00:00+00:00,9577.9735187884
2026-05-13T13:00:00+00:00,9576.6535187884
2026-05-13T14:00:00+00:00,9580.1035187884
2026-05-13T15:00:00+00:00,9583.2835187884
2026-05-13T16:00:00+00:00,9584.6785187884
2026-05-13T17:00:00+00:00,9591.2035187884
2026-05-13T18:00:00+00:00,9594.3235187884
2026-05-13T19:00:00+00:00,9592.0135187884
2026-05-13T20:00:00+00:00,9591.5495987022
2026-05-14T13:00:00+00:00,9591.5495987022
2026-05-14T14:00:00+00:00,9591.5495987022
2026-05-14T15:00:00+00:00,9591.5495987022
2026-05-14T16:00:00+00:00,9592.4519659032
2026-05-14T17:00:00+00:00,9587.8619659032
2026-05-14T18:00:00+00:00,9587.4162585492
2026-05-14T19:00:00+00:00,9588.1245078237
2026-05-14T20:00:00+00:00,9587.1195078237
2026-05-14T21:00:00+00:00,9586.4927565567
2026-05-15T13:00:00+00:00,9586.4927565567
2026-05-15T14:00:00+00:00,9594.9915322917
2026-05-15T15:00:00+00:00,9603.5415322917
2026-05-15T16:00:00+00:00,9603.7065322917
2026-05-15T17:00:00+00:00,9606.6615322917
2026-05-15T18:00:00+00:00,9607.3515322917
2026-05-15T19:00:00+00:00,9605.6715322917
2026-05-15T20:00:00+00:00,9605.3084635512
2026-05-15T21:00:00+00:00,9605.3084635512
2026-05-18T13:00:00+00:00,9605.3084635512
2026-05-18T14:00:00+00:00,9598.4680765227
2026-05-18T15:00:00+00:00,9597.8715952332
2026-05-18T16:00:00+00:00,9590.1497274980
2026-05-18T17:00:00+00:00,9589.5273138695
2026-05-18T18:00:00+00:00,9590.3746764867
2026-05-18T19:00:00+00:00,9589.2796764867
2026-05-18T20:00:00+00:00,9588.8968668912
2026-05-18T21:00:00+00:00,9588.3614302752
2026-05-19T14:00:00+00:00,9593.3414302752
2026-05-19T15:00:00+00:00,9588.5714302752
2026-05-19T16:00:00+00:00,9588.0059749002
2026-05-19T17:00:00+00:00,9588.0059749002
2026-05-19T18:00:00+00:00,9586.9135311170
2026-05-19T19:00:00+00:00,9586.4964378785
2026-05-19T20:00:00+00:00,9586.4964378785
2026-05-20T13:00:00+00:00,9586.4964378785
2026-05-20T14:00:00+00:00,9592.3498311650
2026-05-20T15:00:00+00:00,9591.4798311650
2026-05-20T16:00:00+00:00,9590.9549931552
2026-05-20T17:00:00+00:00,9590.9549931552
2026-05-20T18:00:00+00:00,9592.8586880502
2026-05-20T19:00:00+00:00,9594.9436880502
2026-05-20T20:00:00+00:00,9594.9136880502
2026-05-20T21:00:00+00:00,9594.4897013862
2026-05-21T13:00:00+00:00,9594.4897013862
2026-05-21T14:00:00+00:00,9597.9070821717
2026-05-21T15:00:00+00:00,9596.1070821717
2026-05-21T16:00:00+00:00,9595.6831855002
2026-05-21T17:00:00+00:00,9593.9662819287
2026-05-21T18:00:00+00:00,9593.4051804409
2026-05-21T19:00:00+00:00,9590.7562607014
2026-05-21T20:00:00+00:00,9590.2686563389
2026-05-21T21:00:00+00:00,9589.7201506339
2026-05-22T13:00:00+00:00,9593.8601506339
2026-05-22T14:00:00+00:00,9601.7201506339
2026-05-22T15:00:00+00:00,9606.6101506339
2026-05-22T16:00:00+00:00,9605.5451506339
2026-05-22T17:00:00+00:00,9604.8223411219
2026-05-22T18:00:00+00:00,9604.8223411219
2026-05-22T19:00:00+00:00,9604.0253027059
2026-05-22T20:00:00+00:00,9603.2886091009
2026-05-26T13:00:00+00:00,9603.2886091009
2026-05-26T14:00:00+00:00,9604.0496805274
2026-05-26T15:00:00+00:00,9605.9096805274
2026-05-26T16:00:00+00:00,9601.7396805274
2026-05-26T17:00:00+00:00,9601.2713850559
2026-05-26T18:00:00+00:00,9601.2713850559
2026-05-26T19:00:00+00:00,9601.2713850559
2026-05-26T20:00:00+00:00,9601.2713850559
2026-05-27T13:00:00+00:00,9601.2713850559
2026-05-27T14:00:00+00:00,9601.2713850559
2026-05-27T15:00:00+00:00,9604.2049272717
2026-05-27T16:00:00+00:00,9600.1849272717
2026-05-27T17:00:00+00:00,9599.6238780297
2026-05-27T18:00:00+00:00,9599.6238780297
2026-05-27T19:00:00+00:00,9597.9991573902
2026-05-27T20:00:00+00:00,9597.1703309630
2026-05-27T21:00:00+00:00,9595.6805023145
2026-05-28T13:00:00+00:00,9593.5805023145
2026-05-28T14:00:00+00:00,9592.9626208085
2026-05-28T15:00:00+00:00,9594.8777561570
2026-05-28T16:00:00+00:00,9591.5477561570
2026-05-28T17:00:00+00:00,9590.7486417538
2026-05-28T18:00:00+00:00,9590.7486417538
2026-05-28T19:00:00+00:00,9590.7486417538
2026-05-28T20:00:00+00:00,9594.9290291233
2026-05-28T21:00:00+00:00,9594.5690291233
2026-05-29T13:00:00+00:00,9592.2290291233
2026-05-29T14:00:00+00:00,9598.0190291233
2026-05-29T15:00:00+00:00,9591.8390291233
2026-05-29T16:00:00+00:00,9591.0986278273
2026-05-29T17:00:00+00:00,9591.0986278273
2026-05-29T18:00:00+00:00,9586.0086191638
2026-05-29T19:00:00+00:00,9585.3914575978
2026-05-29T20:00:00+00:00,9589.0473220070
2026-05-29T21:00:00+00:00,9587.4573220070
2026-06-01T13:00:00+00:00,9585.5973220070
2026-06-01T14:00:00+00:00,9583.1523220070
2026-06-01T15:00:00+00:00,9582.6092785145
2026-06-01T16:00:00+00:00,9582.6092785145
2026-06-01T17:00:00+00:00,9582.6092785145
2026-06-01T18:00:00+00:00,9582.6092785145
2026-06-01T19:00:00+00:00,9581.4552643505
2026-06-01T20:00:00+00:00,9580.8117564800
2026-06-01T21:00:00+00:00,9580.8117564800
2026-06-02T13:00:00+00:00,9580.8117564800
2026-06-02T14:00:00+00:00,9580.8117564800
2026-06-02T15:00:00+00:00,9584.5753121135
2026-06-02T16:00:00+00:00,9590.2003121135
2026-06-02T17:00:00+00:00,9595.8103121135
2026-06-02T18:00:00+00:00,9597.0403121135
2026-06-02T19:00:00+00:00,9596.9353121135
2026-06-02T20:00:00+00:00,9596.3389713125
2026-06-03T13:00:00+00:00,9596.3389713125
2026-06-03T14:00:00+00:00,9596.3389713125
2026-06-03T15:00:00+00:00,9585.7972390887
2026-06-03T16:00:00+00:00,9585.1166578077
2026-06-03T17:00:00+00:00,9585.1166578077
2026-06-03T18:00:00+00:00,9585.1166578077
2026-06-03T19:00:00+00:00,9585.1166578077
2026-06-03T20:00:00+00:00,9585.7289173332
2026-06-03T21:00:00+00:00,9587.1689173332
2026-06-04T13:00:00+00:00,9594.0389173332
2026-06-04T14:00:00+00:00,9592.1789173332
2026-06-04T15:00:00+00:00,9591.2719051714
2026-06-04T16:00:00+00:00,9591.2719051714
2026-06-04T17:00:00+00:00,9591.2719051714
2026-06-04T18:00:00+00:00,9590.2163654636
2026-06-04T19:00:00+00:00,9589.6562161466
2026-06-04T20:00:00+00:00,9587.5950913901
2026-06-04T21:00:00+00:00,9587.2448340821
2026-06-05T13:00:00+00:00,9587.2448340821
2026-06-05T14:00:00+00:00,9589.8321611966
2026-06-05T15:00:00+00:00,9587.9121611966
2026-06-05T16:00:00+00:00,9587.4837631504
2026-06-05T17:00:00+00:00,9579.3595781389
2026-06-05T18:00:00+00:00,9578.7400587694
2026-06-05T19:00:00+00:00,9569.0574398884
2026-06-05T20:00:00+00:00,9568.2455393006
2026-06-05T21:00:00+00:00,9568.2455393006
2026-06-08T13:00:00+00:00,9568.2455393006
2026-06-08T14:00:00+00:00,9568.2455393006
2026-06-08T15:00:00+00:00,9580.7058096604
2026-06-08T16:00:00+00:00,9575.6958096604
2026-06-08T17:00:00+00:00,9575.2363047064
2026-06-08T18:00:00+00:00,9575.2363047064
2026-06-08T19:00:00+00:00,9575.2363047064
2026-06-08T20:00:00+00:00,9575.2363047064
2026-06-08T21:00:00+00:00,9575.2363047064
2026-06-09T13:00:00+00:00,9575.2363047064
2026-06-09T14:00:00+00:00,9561.9454136359
2026-06-09T15:00:00+00:00,9561.2623520614
2026-06-09T16:00:00+00:00,9561.2623520614
2026-06-09T17:00:00+00:00,9561.2623520614
2026-06-09T18:00:00+00:00,9561.2623520614
2026-06-09T19:00:00+00:00,9565.7358576072
2026-06-09T20:00:00+00:00,9562.7358576072
2026-06-09T21:00:00+00:00,9563.9522092482
2026-06-10T13:00:00+00:00,9563.9522092482
2026-06-10T14:00:00+00:00,9559.0185636147
2026-06-10T15:00:00+00:00,9558.6475610352
2026-06-10T16:00:00+00:00,9562.7909855742
2026-06-10T17:00:00+00:00,9565.8059855742
2026-06-10T18:00:00+00:00,9570.9659855742
2026-06-10T19:00:00+00:00,9567.5459855742
2026-06-10T20:00:00+00:00,9567.0188455062
2026-06-10T21:00:00+00:00,9567.0188455062
2026-06-11T13:00:00+00:00,9567.0188455062
2026-06-11T14:00:00+00:00,9564.3025536522
2026-06-11T15:00:00+00:00,9563.6577353907
2026-06-11T16:00:00+00:00,9563.6577353907
2026-06-11T17:00:00+00:00,9564.0594903739
2026-06-11T18:00:00+00:00,9570.1644903739
2026-06-11T19:00:00+00:00,9568.3644903739
2026-06-11T20:00:00+00:00,9567.8182016517
2026-06-11T21:00:00+00:00,9567.2861493177
2026-06-12T13:00:00+00:00,9568.4561493177
2026-06-12T14:00:00+00:00,9568.0733937177
2026-06-12T15:00:00+00:00,9568.0733937177
2026-06-12T16:00:00+00:00,9566.2431729529
2026-06-12T17:00:00+00:00,9565.5239396427
2026-06-12T18:00:00+00:00,9565.5239396427
2026-06-12T19:00:00+00:00,9565.5239396427
2026-06-12T20:00:00+00:00,9566.9361040767
2026-06-15T13:00:00+00:00,9572.6811040767
2026-06-15T14:00:00+00:00,9579.8211040767
2026-06-15T15:00:00+00:00,9583.0911040767
2026-06-15T16:00:00+00:00,9586.1511040767
2026-06-15T17:00:00+00:00,9584.5161040767
2026-06-15T18:00:00+00:00,9583.8767106132
2026-06-15T19:00:00+00:00,9583.8767106132
2026-06-15T20:00:00+00:00,9583.8081911570
2026-06-16T13:00:00+00:00,9582.1581911570
2026-06-16T14:00:00+00:00,9585.5481911570
2026-06-16T15:00:00+00:00,9586.7481911570
2026-06-16T16:00:00+00:00,9588.7581911570
2026-06-16T17:00:00+00:00,9592.6881911570
2026-06-16T18:00:00+00:00,9592.9281911570
2026-06-16T19:00:00+00:00,9591.7581911570
2026-06-16T20:00:00+00:00,9591.1597480310
2026-06-17T14:00:00+00:00,9591.1597480310
2026-06-17T15:00:00+00:00,9591.1597480310
2026-06-17T16:00:00+00:00,9591.1597480310
2026-06-17T17:00:00+00:00,9591.1597480310
2026-06-17T18:00:00+00:00,9591.1597480310
2026-06-17T19:00:00+00:00,9591.1597480310
2026-06-17T20:00:00+00:00,9591.1597480310
2026-06-18T13:00:00+00:00,9591.1597480310
2026-06-18T14:00:00+00:00,9591.1597480310
2026-06-18T15:00:00+00:00,9593.2477002808
2026-06-18T16:00:00+00:00,9587.7877002808
2026-06-18T17:00:00+00:00,9587.3573798946
2026-06-18T18:00:00+00:00,9587.3573798946
2026-06-18T19:00:00+00:00,9587.2867002584
2026-06-18T20:00:00+00:00,9587.6767002584
2026-06-22T13:00:00+00:00,9583.0867002584
2026-06-22T14:00:00+00:00,9599.2567002584
2026-06-22T15:00:00+00:00,9593.5717002584
2026-06-22T16:00:00+00:00,9592.9870872299
2026-06-22T17:00:00+00:00,9589.6254040934
2026-06-22T18:00:00+00:00,9588.9655750829
2026-06-22T19:00:00+00:00,9588.9655750829
2026-06-22T20:00:00+00:00,9588.9655750829
2026-06-22T21:00:00+00:00,9588.9655750829
2026-06-23T13:00:00+00:00,9588.9655750829
2026-06-23T14:00:00+00:00,9600.3144588269
2026-06-23T15:00:00+00:00,9603.4344588269
2026-06-23T16:00:00+00:00,9597.4944588269
2026-06-23T17:00:00+00:00,9596.9879775374
2026-06-23T18:00:00+00:00,9596.5398316956
2026-06-23T19:00:00+00:00,9592.2048316956
2026-06-23T20:00:00+00:00,9591.6393403236
2026-06-24T13:00:00+00:00,9591.6393403236
2026-06-24T14:00:00+00:00,9591.6393403236
2026-06-24T15:00:00+00:00,9591.6393403236
2026-06-24T16:00:00+00:00,9598.1244887564
2026-06-24T17:00:00+00:00,9591.7794887564
2026-06-24T18:00:00+00:00,9591.1243933514
2026-06-24T19:00:00+00:00,9591.1243933514
2026-06-24T20:00:00+00:00,9591.1243933514
2026-06-24T21:00:00+00:00,9591.1243933514
2026-06-25T13:00:00+00:00,9591.1243933514
2026-06-25T14:00:00+00:00,9591.1243933514
2026-06-25T15:00:00+00:00,9591.1243933514
2026-06-25T16:00:00+00:00,9591.1243933514
2026-06-25T17:00:00+00:00,9582.3141316664
2026-06-25T18:00:00+00:00,9581.8489209374
2026-06-25T19:00:00+00:00,9589.2856754204
2026-06-25T20:00:00+00:00,9576.6406754204
2026-06-26T13:00:00+00:00,9583.2706754204
2026-06-26T14:00:00+00:00,9578.2306754204
2026-06-26T15:00:00+00:00,9577.6444387769
2026-06-26T16:00:00+00:00,9569.0706487979
2026-06-26T17:00:00+00:00,9568.6017663749
2026-06-26T18:00:00+00:00,9568.9847135407
2026-06-26T19:00:00+00:00,9573.5597135407
2026-06-26T20:00:00+00:00,9575.3447135407
2026-06-26T21:00:00+00:00,9577.7747135407
2026-06-29T14:00:00+00:00,9583.2947135407
2026-06-29T15:00:00+00:00,9582.8286011369
2026-06-29T16:00:00+00:00,9582.8286011369
2026-06-29T17:00:00+00:00,9582.8286011369
2026-06-29T18:00:00+00:00,9582.8286011369
2026-06-29T19:00:00+00:00,9582.3508778301
2026-06-29T20:00:00+00:00,9581.2558778301
2026-06-29T21:00:00+00:00,9579.8794000401
2026-06-30T13:00:00+00:00,9579.8794000401
2026-06-30T14:00:00+00:00,9588.7614877176
2026-06-30T15:00:00+00:00,9593.8314877176
2026-06-30T16:00:00+00:00,9599.1264877176
2026-06-30T17:00:00+00:00,9600.4764877176
2026-06-30T18:00:00+00:00,9598.0914877176
2026-06-30T19:00:00+00:00,9597.5724289761
2026-06-30T20:00:00+00:00,9597.5724289761
2026-06-30T21:00:00+00:00,9597.0524196456
2026-07-01T13:00:00+00:00,9610.1924196456
2026-07-01T14:00:00+00:00,9607.6724196456
2026-07-01T15:00:00+00:00,9607.7757475386
2026-07-01T16:00:00+00:00,9609.3905493591
2026-07-01T17:00:00+00:00,9606.2255493591
2026-07-01T18:00:00+00:00,9605.8909344973
2026-07-01T19:00:00+00:00,9605.8909344973
2026-07-01T20:00:00+00:00,9604.4303762878
2026-07-01T21:00:00+00:00,9602.2814363698
2026-07-02T13:00:00+00:00,9602.2814363698
2026-07-02T14:00:00+00:00,9602.2814363698
2026-07-02T15:00:00+00:00,9613.6761349318
2026-07-02T16:00:00+00:00,9609.8511349318
2026-07-02T17:00:00+00:00,9609.4509657830
2026-07-02T18:00:00+00:00,9605.9259615365
2026-07-02T19:00:00+00:00,9605.2379126277
2026-07-02T20:00:00+00:00,9606.4090784787
2026-07-02T21:00:00+00:00,9606.9940784787
2026-07-06T13:00:00+00:00,9604.0840784787
2026-07-06T14:00:00+00:00,9610.4590784787
2026-07-06T15:00:00+00:00,9619.2490784787
2026-07-06T16:00:00+00:00,9622.6540784787
2026-07-06T17:00:00+00:00,9619.2940784787
2026-07-06T18:00:00+00:00,9618.6116433522
2026-07-06T19:00:00+00:00,9619.6086284382
2026-07-06T20:00:00+00:00,9617.9586284382
2026-07-07T14:00:00+00:00,9614.5086284382
2026-07-07T15:00:00+00:00,9613.5730561564
2026-07-07T16:00:00+00:00,9617.6000232409
2026-07-07T17:00:00+00:00,9615.5300232409
2026-07-07T18:00:00+00:00,9614.9805632831
2026-07-07T19:00:00+00:00,9614.9805632831
2026-07-07T20:00:00+00:00,9610.3838534779
2026-07-08T13:00:00+00:00,9608.0138534779
2026-07-08T14:00:00+00:00,9605.5238534779
2026-07-08T15:00:00+00:00,9605.2374118519
2026-07-08T16:00:00+00:00,9605.2374118519
2026-07-08T17:00:00+00:00,9613.3789153144
2026-07-08T18:00:00+00:00,9617.0089153144
2026-07-08T19:00:00+00:00,9615.6289153144
2026-07-08T20:00:00+00:00,9615.1538884039
2026-07-09T14:00:00+00:00,9615.1538884039
2026-07-09T15:00:00+00:00,9616.2590417539
2026-07-09T16:00:00+00:00,9625.9640417539
2026-07-09T17:00:00+00:00,9625.7240417539
2026-07-09T18:00:00+00:00,9625.0826559567
2026-07-09T19:00:00+00:00,9623.0156627112
2026-07-09T20:00:00+00:00,9622.2847628734
2026-07-10T13:00:00+00:00,9622.2847628734
2026-07-10T14:00:00+00:00,9622.2847628734
2026-07-10T15:00:00+00:00,9622.2847628734
2026-07-10T16:00:00+00:00,9622.2847628734
2026-07-10T17:00:00+00:00,9622.2847628734
2026-07-10T18:00:00+00:00,9619.9182016639
2026-07-10T19:00:00+00:00,9619.3528147834
2026-07-10T20:00:00+00:00,9618.9352814929
2026-07-13T13:00:00+00:00,9622.0252814929
2026-07-13T14:00:00+00:00,9636.3952814929
2026-07-13T15:00:00+00:00,9630.0952814929
2026-07-13T16:00:00+00:00,9629.7309313594
2026-07-13T17:00:00+00:00,9629.7309313594
2026-07-13T18:00:00+00:00,9629.7309313594
2026-07-13T19:00:00+00:00,9629.7309313594
2026-07-13T20:00:00+00:00,9629.9399057779
2026-07-13T21:00:00+00:00,9629.5499057779
2026-07-14T13:00:00+00:00,9620.3699057779
2026-07-14T14:00:00+00:00,9618.2451848419
2026-07-14T15:00:00+00:00,9619.2541186737
2026-07-14T16:00:00+00:00,9614.1841186737
2026-07-14T17:00:00+00:00,9613.4403516582
2026-07-14T18:00:00+00:00,9616.0998975410
2026-07-14T19:00:00+00:00,9616.9698975410
2026-07-14T20:00:00+00:00,9615.3198975410
2026-07-14T21:00:00+00:00,9614.2433767550
2026-07-15T14:00:00+00:00,9614.2433767550
2026-07-15T15:00:00+00:00,9620.0983966760
2026-07-15T16:00:00+00:00,9624.8383966760
2026-07-15T17:00:00+00:00,9628.1983966760
2026-07-15T18:00:00+00:00,9627.4583966760
2026-07-15T19:00:00+00:00,9627.1052974370
2026-07-15T20:00:00+00:00,9627.1052974370
2026-07-15T21:00:00+00:00,9626.7123246920
2026-07-16T13:00:00+00:00,9628.6923246920
2026-07-16T14:00:00+00:00,9628.4581335440
2026-07-16T15:00:00+00:00,9626.1807744335
2026-07-16T16:00:00+00:00,9625.7946034505
2026-07-16T17:00:00+00:00,9625.8263382645
2026-07-16T18:00:00+00:00,9624.8963382645
2026-07-16T19:00:00+00:00,9624.7382954375
2026-07-16T20:00:00+00:00,9624.4384461195
2026-07-16T21:00:00+00:00,9623.6784461195
2026-07-17T13:00:00+00:00,9624.0984461195
2026-07-17T14:00:00+00:00,9619.8584461195
2026-07-17T15:00:00+00:00,9619.4613512135
2026-07-17T16:00:00+00:00,9617.5315018955
2026-07-17T17:00:00+00:00,9617.0326971320
2026-07-17T18:00:00+00:00,9617.0326971320
2026-07-17T19:00:00+00:00,9621.0045759580
2026-07-17T20:00:00+00:00,9620.6545759580
2026-07-20T13:00:00+00:00,9618.3345759580
2026-07-20T14:00:00+00:00,9610.9745759580
2026-07-20T15:00:00+00:00,9610.6398808520
2026-07-20T16:00:00+00:00,9610.6398808520
2026-07-20T17:00:00+00:00,9610.6398808520
2026-07-20T18:00:00+00:00,9610.6398808520
2026-07-20T19:00:00+00:00,9614.1700883720
2026-07-20T20:00:00+00:00,9613.9500883720
2026-07-21T13:00:00+00:00,9611.4500883720
2026-07-21T14:00:00+00:00,9608.7200883720
2026-07-21T15:00:00+00:00,9608.3312787755
2026-07-21T16:00:00+00:00,9611.0886840620
2026-07-21T17:00:00+00:00,9610.5486840620
2026-07-21T18:00:00+00:00,9610.1745769070
2026-07-21T19:00:00+00:00,9610.1745769070
2026-07-21T20:00:00+00:00,9608.8207760930
2026-07-22T13:00:00+00:00,9608.7607760930
2026-07-22T14:00:00+00:00,9608.4476048600
2026-07-22T15:00:00+00:00,9608.4476048600
2026-07-22T16:00:00+00:00,9608.4476048600
2026-07-22T17:00:00+00:00,9608.4476048600
2026-07-22T18:00:00+00:00,9608.4476048600
2026-07-22T19:00:00+00:00,9608.4476048600
2026-07-22T20:00:00+00:00,9611.1784124300
2026-07-23T13:00:00+00:00,9605.9584124300
2026-07-23T14:00:00+00:00,9599.5784124300
2026-07-23T15:00:00+00:00,9599.5241744525
2026-07-23T16:00:00+00:00,9598.2985463195
2026-07-23T17:00:00+00:00,9597.9134864105
2026-07-23T18:00:00+00:00,9597.9134864105
2026-07-23T19:00:00+00:00,9597.9134864105
2026-07-23T20:00:00+00:00,9599.1285243330
2026-07-24T13:00:00+00:00,9599.5185243330
2026-07-24T14:00:00+00:00,9598.9725285020
2026-07-24T15:00:00+00:00,9604.8102698165
2026-07-24T16:00:00+00:00,9610.8902698165
2026-07-24T17:00:00+00:00,9611.2502698165
2026-07-24T18:00:00+00:00,9610.1902698165
2026-07-24T19:00:00+00:00,9609.7611290810
2026-07-24T20:00:00+00:00,9609.4214717790
2026-07-24T21:00:00+00:00,9610.2814717790
2026-07-27T13:00:00+00:00,9611.1814717790
2026-07-27T14:00:00+00:00,9614.3786293520
2026-07-27T15:00:00+00:00,9614.3786293520
2026-07-27T16:00:00+00:00,9611.6127075280
2026-07-27T17:00:00+00:00,9611.2682332370
2026-07-27T18:00:00+00:00,9611.2682332370
2026-07-27T19:00:00+00:00,9611.2682332370
2026-07-27T20:00:00+00:00,9613.0952216555
2026-07-28T13:00:00+00:00,9617.3352216555
2026-07-28T14:00:00+00:00,9614.3352216555
2026-07-28T15:00:00+00:00,9613.9901594135
2026-07-28T16:00:00+00:00,9613.9901594135
2026-07-28T17:00:00+00:00,9613.8225334475
2026-07-28T18:00:00+00:00,9613.8025334475
2026-07-28T19:00:00+00:00,9613.3448734220
2026-07-28T20:00:00+00:00,9613.3448734220
2026-07-28T21:00:00+00:00,9612.8765994020
2026-07-29T13:00:00+00:00,9610.2965994020
2026-07-29T14:00:00+00:00,9610.0298932970
2026-07-29T15:00:00+00:00,9604.7284690145
2026-07-29T16:00:00+00:00,9604.3900050560
2026-07-29T17:00:00+00:00,9604.4706929495
2026-07-29T18:00:00+00:00,9608.4306929495
2026-07-29T19:00:00+00:00,9607.6506929495
2026-07-29T20:00:00+00:00,9607.2392472395
2026-07-29T21:00:00+00:00,9607.2392472395
2026-07-30T13:00:00+00:00,9607.2392472395
2026-07-30T14:00:00+00:00,9607.2392472395
2026-07-30T15:00:00+00:00,9607.2392472395
2026-07-30T16:00:00+00:00,9605.7504780115
2026-07-30T17:00:00+00:00,9605.3824111865
2026-07-30T18:00:00+00:00,9605.3824111865
2026-07-30T19:00:00+00:00,9605.8223818535
2026-07-30T20:00:00+00:00,9604.4623818535
2026-07-30T21:00:00+00:00,9605.0421432095
2026-07-31T13:00:00+00:00,9605.0421432095
2026-07-31T14:00:00+00:00,9605.0421432095
2026-07-31T15:00:00+00:00,9605.0421432095
2026-07-31T16:00:00+00:00,9599.1114097355
2026-07-31T17:00:00+00:00,9598.3141509275
2026-07-31T18:00:00+00:00,9598.3141509275
2026-07-31T19:00:00+00:00,9598.3141509275
2026-07-31T20:00:00+00:00,9615.4540115030
2026-07-31T21:00:00+00:00,9614.8390115030
2026-08-03T13:00:00+00:00,9621.1390115030
2026-08-03T14:00:00+00:00,9621.2395461290
2026-08-03T15:00:00+00:00,9621.2395461290
2026-08-03T16:00:00+00:00,9621.2395461290
2026-08-03T17:00:00+00:00,9621.2395461290
2026-08-03T18:00:00+00:00,9619.0975931368
2026-08-03T19:00:00+00:00,9618.5766680510
2026-08-03T20:00:00+00:00,9618.5766680510
2026-08-03T21:00:00+00:00,9618.5766680510
2026-08-04T13:00:00+00:00,9618.5766680510
2026-08-04T14:00:00+00:00,9618.5766680510
2026-08-04T15:00:00+00:00,9620.8771092582
2026-08-04T16:00:00+00:00,9621.1621092582
2026-08-04T17:00:00+00:00,9626.8621092582
2026-08-04T18:00:00+00:00,9630.2071092582
2026-08-04T19:00:00+00:00,9627.7321092582
2026-08-04T20:00:00+00:00,9627.1768195362
2026-08-04T21:00:00+00:00,9627.7880349747
2026-08-05T13:00:00+00:00,9620.4680349747
2026-08-05T14:00:00+00:00,9619.3730349747
2026-08-05T15:00:00+00:00,9618.4439151552
2026-08-05T16:00:00+00:00,9607.6384294520
2026-08-05T17:00:00+00:00,9607.2790666528
2026-08-05T18:00:00+00:00,9607.0081173276
2026-08-05T19:00:00+00:00,9607.0681173276
2026-08-05T20:00:00+00:00,9613.0381173276
2026-08-05T21:00:00+00:00,9616.1281173276
2026-08-06T13:00:00+00:00,9621.5881173276
2026-08-06T14:00:00+00:00,9624.8581173276
2026-08-06T15:00:00+00:00,9620.2531173276
2026-08-06T16:00:00+00:00,9619.6141883256
2026-08-06T17:00:00+00:00,9619.6141883256
2026-08-06T18:00:00+00:00,9620.4030635691
2026-08-06T19:00:00+00:00,9620.6880635691
2026-08-06T20:00:00+00:00,9621.2730635691
2026-08-07T14:00:00+00:00,9619.1430635691
2026-08-07T15:00:00+00:00,9626.9130635691
2026-08-07T16:00:00+00:00,9620.4930635691
2026-08-07T17:00:00+00:00,9619.6913123856
2026-08-07T18:00:00+00:00,9621.4392875541
2026-08-07T19:00:00+00:00,9619.7592875541
2026-08-07T20:00:00+00:00,9619.3169064231
2026-08-10T14:00:00+00:00,9619.3169064231
2026-08-10T15:00:00+00:00,9619.3169064231
2026-08-10T16:00:00+00:00,9618.7490353543
2026-08-10T17:00:00+00:00,9618.1962654223
2026-08-10T18:00:00+00:00,9618.1962654223
2026-08-10T19:00:00+00:00,9618.5740874113
2026-08-10T20:00:00+00:00,9621.9340874113
2026-08-11T13:00:00+00:00,9622.4140874113
2026-08-11T14:00:00+00:00,9619.8653365611
2026-08-11T15:00:00+00:00,9619.8653365611
2026-08-11T16:00:00+00:00,9621.1883835689
2026-08-11T17:00:00+00:00,9618.1583835689
2026-08-11T18:00:00+00:00,9617.7271435094
2026-08-11T19:00:00+00:00,9617.7271435094
2026-08-11T20:00:00+00:00,9617.7271435094
2026-08-12T13:00:00+00:00,9617.7271435094
2026-08-12T14:00:00+00:00,9617.7271435094
2026-08-12T15:00:00+00:00,9617.7271435094
2026-08-12T16:00:00+00:00,9617.7271435094
2026-08-12T17:00:00+00:00,9617.7271435094
2026-08-12T18:00:00+00:00,9615.2031921839
2026-08-12T19:00:00+00:00,9614.6455284097
2026-08-12T20:00:00+00:00,9614.6455284097
2026-08-13T14:00:00+00:00,9614.6455284097
2026-08-13T15:00:00+00:00,9615.8523197295
2026-08-13T16:00:00+00:00,9608.9223197295
2026-08-13T17:00:00+00:00,9608.3023521473
2026-08-13T18:00:00+00:00,9608.9718616935
2026-08-13T19:00:00+00:00,9608.2368616935
2026-08-13T20:00:00+00:00,9607.7061651720
2026-08-13T21:00:00+00:00,9607.1572094295
2026-08-14T14:00:00+00:00,9610.6672094295
2026-08-14T15:00:00+00:00,9607.8022094295
2026-08-14T16:00:00+00:00,9607.2979312065
2026-08-14T17:00:00+00:00,9606.2527603627
2026-08-14T18:00:00+00:00,9605.7029781817
2026-08-14T19:00:00+00:00,9603.7420422742
2026-08-14T20:00:00+00:00,9603.2220261127
2026-08-17T13:00:00+00:00,9603.2220261127
2026-08-17T14:00:00+00:00,9603.2220261127
2026-08-17T15:00:00+00:00,9603.2220261127
2026-08-17T16:00:00+00:00,9603.2220261127
2026-08-17T17:00:00+00:00,9603.2220261127
2026-08-17T18:00:00+00:00,9603.2220261127
2026-08-17T19:00:00+00:00,9606.6942224662
2026-08-17T20:00:00+00:00,9606.7092224662
2026-08-18T13:00:00+00:00,9611.9442224662
2026-08-18T14:00:00+00:00,9611.6742224662
2026-08-18T15:00:00+00:00,9611.0461555590
2026-08-18T16:00:00+00:00,9607.9373889990
2026-08-18T17:00:00+00:00,9607.3502634300
2026-08-18T18:00:00+00:00,9604.9008488160
2026-08-18T19:00:00+00:00,9604.3126793340
2026-08-18T20:00:00+00:00,9603.0939487770
2026-08-19T13:00:00+00:00,9604.9239487770
2026-08-19T14:00:00+00:00,9621.6639487770
2026-08-19T15:00:00+00:00,9626.2389487770
2026-08-19T16:00:00+00:00,9621.4689487770
2026-08-19T17:00:00+00:00,9620.8247282160
2026-08-19T18:00:00+00:00,9620.8247282160
2026-08-19T19:00:00+00:00,9619.3873749405
2026-08-19T20:00:00+00:00,9618.8356291733
2026-08-20T13:00:00+00:00,9618.8356291733
2026-08-20T14:00:00+00:00,9618.8356291733
2026-08-20T15:00:00+00:00,9618.8356291733
2026-08-20T16:00:00+00:00,9616.7341985581
2026-08-20T17:00:00+00:00,9615.9988800886
2026-08-20T18:00:00+00:00,9612.8628905101
2026-08-20T19:00:00+00:00,9612.2635529589
2026-08-20T20:00:00+00:00,9612.2635529589
2026-08-21T13:00:00+00:00,9612.2635529589
2026-08-21T14:00:00+00:00,9612.2635529589
2026-08-21T15:00:00+00:00,9612.2635529589
2026-08-21T16:00:00+00:00,9617.9314785399
2026-08-21T17:00:00+00:00,9616.2664785399
2026-08-21T18:00:00+00:00,9615.8866531959
2026-08-21T19:00:00+00:00,9615.8866531959
2026-08-21T20:00:00+00:00,9615.8866531959
2026-08-24T14:00:00+00:00,9615.8866531959
2026-08-24T15:00:00+00:00,9618.7302764184
2026-08-24T16:00:00+00:00,9614.9202764184
2026-08-24T17:00:00+00:00,9614.0893981622
2026-08-24T18:00:00+00:00,9610.8110682220
2026-08-24T19:00:00+00:00,9610.1595150220
2026-08-24T20:00:00+00:00,9610.1595150220
2026-08-25T14:00:00+00:00,9610.1595150220
2026-08-25T15:00:00+00:00,9610.1595150220
2026-08-25T16:00:00+00:00,9610.1595150220
2026-08-25T17:00:00+00:00,9610.8921795812
2026-08-25T18:00:00+00:00,9609.1821795812
2026-08-25T19:00:00+00:00,9608.5202519957
2026-08-25T20:00:00+00:00,9608.5202519957
2026-08-26T13:00:00+00:00,9608.5202519957
2026-08-26T14:00:00+00:00,9615.9274935197
2026-08-26T15:00:00+00:00,9616.8874935197
2026-08-26T16:00:00+00:00,9617.0374935197
2026-08-26T17:00:00+00:00,9617.5324935197
2026-08-26T18:00:00+00:00,9617.2624935197
2026-08-26T19:00:00+00:00,9616.7891944652
2026-08-26T20:00:00+00:00,9612.9379212797
2026-08-27T13:00:00+00:00,9602.3329212797
2026-08-27T14:00:00+00:00,9603.1542478397
2026-08-27T15:00:00+00:00,9607.9933931057
2026-08-27T16:00:00+00:00,9612.3133931057
2026-08-27T17:00:00+00:00,9612.7633931057
2026-08-27T18:00:00+00:00,9612.3433931057
2026-08-27T19:00:00+00:00,9611.8967103332
2026-08-27T20:00:00+00:00,9611.8967103332
2026-08-28T13:00:00+00:00,9611.8967103332
2026-08-28T14:00:00+00:00,9611.8967103332
2026-08-28T15:00:00+00:00,9623.4466208297
2026-08-28T16:00:00+00:00,9625.5466208297
2026-08-28T17:00:00+00:00,9623.8066208297
2026-08-28T18:00:00+00:00,9623.1092109512
2026-08-28T19:00:00+00:00,9623.1092109512
2026-08-28T20:00:00+00:00,9621.7984779774
2026-08-28T21:00:00+00:00,9622.2426699654
2026-08-31T13:00:00+00:00,9622.2426699654
2026-08-31T14:00:00+00:00,9616.0582240989
2026-08-31T15:00:00+00:00,9615.4272756819
2026-08-31T16:00:00+00:00,9615.4272756819
2026-08-31T17:00:00+00:00,9615.4272756819
2026-08-31T18:00:00+00:00,9615.4272756819
2026-08-31T19:00:00+00:00,9615.8350844199
2026-08-31T20:00:00+00:00,9621.0400844199
2026-09-01T13:00:00+00:00,9620.6200844199
2026-09-01T14:00:00+00:00,9617.8908278619
2026-09-01T15:00:00+00:00,9620.8235495914
2026-09-01T16:00:00+00:00,9624.8135495914
2026-09-01T17:00:00+00:00,9623.8335495914
2026-09-01T18:00:00+00:00,9623.4225501774
2026-09-01T19:00:00+00:00,9623.4225501774
2026-09-01T20:00:00+00:00,9622.5819476299
2026-09-02T13:00:00+00:00,9625.1619476299
2026-09-02T14:00:00+00:00,9625.5896403249
2026-09-02T15:00:00+00:00,9625.5896403249
2026-09-02T16:00:00+00:00,9625.5896403249
2026-09-02T17:00:00+00:00,9627.3895418194
2026-09-02T18:00:00+00:00,9627.0395418194
2026-09-02T19:00:00+00:00,9626.6484044169
2026-09-02T20:00:00+00:00,9626.6484044169
2026-09-03T13:00:00+00:00,9626.6484044169
2026-09-03T14:00:00+00:00,9629.8184799259
2026-09-03T15:00:00+00:00,9632.3984799259
2026-09-03T16:00:00+00:00,9635.9784799259
2026-09-03T17:00:00+00:00,9634.3384799259
2026-09-03T18:00:00+00:00,9633.9237848199
2026-09-03T19:00:00+00:00,9633.9237848199
2026-09-03T20:00:00+00:00,9635.6511601039
2026-09-04T13:00:00+00:00,9634.7111601039
2026-09-04T14:00:00+00:00,9626.5011601039
2026-09-04T15:00:00+00:00,9626.0628484659
2026-09-04T16:00:00+00:00,9626.0628484659
2026-09-04T17:00:00+00:00,9625.6275683619
2026-09-04T18:00:00+00:00,9625.5322084779
2026-09-04T19:00:00+00:00,9625.5322084779
2026-09-04T20:00:00+00:00,9621.6761543094
2026-09-04T21:00:00+00:00,9620.9924262894
2026-09-08T13:00:00+00:00,9620.9924262894
2026-09-08T14:00:00+00:00,9620.9924262894
2026-09-08T15:00:00+00:00,9620.9924262894
2026-09-08T16:00:00+00:00,9620.9924262894
2026-09-08T17:00:00+00:00,9620.1234348774
2026-09-08T18:00:00+00:00,9619.6446642789
2026-09-08T19:00:00+00:00,9617.6357628744
2026-09-08T20:00:00+00:00,9617.0228472046
2026-09-08T21:00:00+00:00,9616.4833877536
2026-09-09T13:00:00+00:00,9612.5233877536
2026-09-09T14:00:00+00:00,9621.1033877536
2026-09-09T15:00:00+00:00,9607.5883877536
2026-09-09T16:00:00+00:00,9607.0093507606
2026-09-09T17:00:00+00:00,9607.0093507606
2026-09-09T18:00:00+00:00,9603.9690586568
2026-09-09T19:00:00+00:00,9603.5702466450
2026-09-09T20:00:00+00:00,9599.2201751430
2026-09-10T13:00:00+00:00,9604.6801751430
2026-09-10T14:00:00+00:00,9604.8587407665
2026-09-10T15:00:00+00:00,9617.0048799487
2026-09-10T16:00:00+00:00,9606.6248799487
2026-09-10T17:00:00+00:00,9606.0047378812
2026-09-10T18:00:00+00:00,9609.0067275497
2026-09-10T19:00:00+00:00,9609.7567275497
2026-09-10T20:00:00+00:00,9612.2167275497
2026-09-10T21:00:00+00:00,9611.1267275497
2026-09-11T13:00:00+00:00,9610.4867275497
2026-09-11T14:00:00+00:00,9613.4938202947
2026-09-11T15:00:00+00:00,9618.2748650512
2026-09-11T16:00:00+00:00,9615.9848650512
2026-09-11T17:00:00+00:00,9615.6941764447
2026-09-11T18:00:00+00:00,9612.6424489702
2026-09-11T19:00:00+00:00,9612.1224503062
2026-09-11T20:00:00+00:00,9612.1224503062
2026-09-11T21:00:00+00:00,9612.1224503062